wl,prsi3,xyln3,oliv2
400,3.156590909,4.779772727,3.866363636
401,3.104382411,4.71673419,3.814486166
402,3.052173913,4.653695652,3.762608696
403,3.011086957,4.587756917,3.703917984
404,2.97,4.521818182,3.645227273
405,2.944565217,4.456235178,3.574678854
406,2.919130435,4.390652174,3.504130435
407,2.889451581,4.334985178,3.437178854
408,2.859772727,4.279318182,3.370227273
409,2.837277668,4.240746047,3.332613636
410,2.814782609,4.202173913,3.295
411,2.802164032,4.170064229,3.273295455
412,2.789545455,4.137954545,3.251590909
413,2.791837945,4.121368577,3.243295455
414,2.794130435,4.104782609,3.235
415,2.800474308,4.099209486,3.235
416,2.806818182,4.093636364,3.235
417,2.838517787,4.079644269,3.245543478
418,2.870217391,4.065652174,3.256086957
419,2.918176877,4.047939723,3.267248024
420,2.966136364,4.030227273,3.278409091
421,3.028502964,4.008048419,3.278443676
422,3.090869565,3.985869565,3.278478261
423,3.171304348,3.966956522,3.272282609
424,3.25173913,3.948043478,3.266086957
425,3.324021739,3.931847826,3.261630435
426,3.396304348,3.915652174,3.257173913
427,3.484456522,3.902717391,3.2575
428,3.572608696,3.889782609,3.257826087
429,3.638478261,3.886847826,3.263586957
430,3.704347826,3.883913043,3.269347826
431,3.787391304,3.890434783,3.287065217
432,3.870434783,3.896956522,3.304782609
433,3.941353755,3.899500988,3.323073123
434,4.012272727,3.902045455,3.341363636
435,4.085266798,3.905805336,3.359486166
436,4.15826087,3.909565217,3.377608696
437,4.236403162,3.9156917,3.40062253
438,4.314545455,3.921818182,3.423636364
439,4.398685771,3.931452569,3.453557312
440,4.482826087,3.941086957,3.483478261
441,4.578586957,3.946413043,3.515652174
442,4.674347826,3.95173913,3.547826087
443,4.752826087,3.958152174,3.570217391
444,4.831304348,3.964565217,3.592608696
445,4.933369565,3.977282609,3.62326087
446,5.035434783,3.99,3.653913043
447,5.119130435,4.00076087,3.680978261
448,5.202826087,4.011521739,3.708043478
449,5.306304348,4.021086957,3.727934783
450,5.409782609,4.030652174,3.747826087
451,5.501141304,4.043507905,3.758572134
452,5.5925,4.056363636,3.769318182
453,5.678641304,4.072420949,3.789115613
454,5.764782609,4.088478261,3.808913043
455,5.861847826,4.106086957,3.831956522
456,5.958913043,4.123695652,3.855
457,6.035652174,4.139565217,3.872391304
458,6.112391304,4.155434783,3.889782609
459,6.208478261,4.178478261,3.921521739
460,6.304565217,4.201521739,3.95326087
461,6.383695652,4.220326087,3.985
462,6.462826087,4.239130435,4.01673913
463,6.569347826,4.260978261,4.050652174
464,6.675869565,4.282826087,4.084565217
465,6.780108696,4.306956522,4.123043478
466,6.884347826,4.331086957,4.161521739
467,6.970108696,4.350869565,4.193913043
468,7.055869565,4.370652174,4.226304348
469,7.1725,4.396956522,4.266847826
470,7.289130435,4.42326087,4.307391304
471,7.38423913,4.446086957,4.338152174
472,7.479347826,4.468913043,4.368913043
473,7.5975,4.501195652,4.409021739
474,7.715652174,4.533478261,4.449130435
475,7.83115942,4.56361413,4.486231884
476,7.946666667,4.59375,4.523333333
477,8.069637681,4.626766304,4.560144928
478,8.192608696,4.659782609,4.596956522
479,8.335326087,4.706195652,4.645
480,8.478043478,4.752608696,4.693043478
481,8.601086957,4.797391304,4.740434783
482,8.724130435,4.842173913,4.787826087
483,8.893152174,4.905652174,4.861847826
484,9.062173913,4.969130435,4.935869565
485,9.248913043,5.043043478,5.024347826
486,9.435652174,5.116956522,5.112826087
487,9.60076087,5.186630435,5.196413043
488,9.765869565,5.256304348,5.28
489,9.998152174,5.355,5.395434783
490,10.23043478,5.453695652,5.510869565
491,10.4398913,5.540978261,5.612608696
492,10.64934783,5.62826087,5.714347826
493,10.94467391,5.753478261,5.856086957
494,11.24,5.878695652,5.997826087
495,11.57608696,6.02326087,6.156956522
496,11.91217391,6.167826087,6.316086957
497,12.21032609,6.293369565,6.454565217
498,12.50847826,6.418913043,6.593043478
499,12.91673913,6.590543478,6.787391304
500,13.325,6.762173913,6.98173913
501,13.7284375,6.939524457,7.179307065
502,14.131875,7.116875,7.376875
503,14.5584375,7.310394022,7.5859375
504,14.985,7.503913043,7.795
505,15.48902174,7.745434783,8.0425
506,15.99304348,7.986956522,8.29
507,16.46923007,8.230561594,8.524895833
508,16.94541667,8.474166667,8.759791667
509,17.43336051,8.736213768,9.000330616
510,17.92130435,8.99826087,9.240869565
511,18.47521739,9.315108696,9.511413043
512,19.02913043,9.631956522,9.781956522
513,19.52998188,9.940144928,10.02847826
514,20.03083333,10.24833333,10.275
515,20.53063406,10.56905797,10.52152174
516,21.03043478,10.88978261,10.76804348
517,21.57891304,11.26380435,11.03684783
518,22.1273913,11.63782609,11.30565217
519,22.61077899,11.98505888,11.53876359
520,23.09416667,12.33229167,11.771875
521,23.56740942,12.68288496,11.99680707
522,24.04065217,13.03347826,12.22173913
523,24.54815217,13.41978261,12.45706522
524,25.05565217,13.80608696,12.6923913
525,25.49022192,14.14741848,12.89171649
526,25.92479167,14.48875,13.09104167
527,26.34174366,14.82383152,13.28302083
528,26.75869565,15.15891304,13.475
529,27.19152174,15.51858696,13.6775
530,27.62434783,15.87826087,13.88
531,27.98259058,16.18871377,14.04895833
532,28.34083333,16.49916667,14.21791667
533,28.67596014,16.79914855,14.37461051
534,29.01108696,17.09913043,14.53130435
535,29.35076087,17.41326087,14.68663043
536,29.69043478,17.7273913,14.84195652
537,29.96865489,17.99098732,14.96368659
538,30.246875,18.25458333,15.08541667
539,30.50452446,18.50457428,15.19368659
540,30.76217391,18.75456522,15.30195652
541,31.02021739,19.00771739,15.40641304
542,31.27826087,19.26086957,15.51086957
543,31.48715127,19.46449728,15.59428895
544,31.69604167,19.668125,15.67770833
545,31.88758605,19.8564538,15.75222373
546,32.07913043,20.04478261,15.82673913
547,32.26413043,20.22869565,15.89467391
548,32.44913043,20.4126087,15.9626087
549,32.59425272,20.55328351,16.01015851
550,32.739375,20.69395833,16.05770833
551,32.87979167,20.8265625,16.0990625
552,33.02020833,20.95916667,16.14041667
553,33.12869112,21.0603442,16.16564312
554,33.23717391,21.16152174,16.19086957
555,33.32525362,21.23836504,16.20345562
556,33.41333333,21.31520833,16.21604167
557,33.49604167,21.384375,16.21854167
558,33.57875,21.45354167,16.22104167
559,33.639375,21.50318388,16.21312953
560,33.7,21.55282609,16.20521739
561,33.7523913,21.59913043,16.18391304
562,33.80478261,21.64543478,16.1626087
563,33.84072464,21.68459239,16.13463768
564,33.87666667,21.72375,16.10666667
565,33.9059375,21.77010417,16.06614583
566,33.93520833,21.81645833,16.025625
567,33.94912591,21.8573596,15.98161685
568,33.96304348,21.89826087,15.9376087
569,33.95745924,21.93694293,15.88536685
570,33.951875,21.975625,15.833125
571,33.92697917,22.010625,15.76583333
572,33.90208333,22.045625,15.69854167
573,33.85302083,22.06729167,15.62229167
574,33.80395833,22.08895833,15.54604167
575,33.74078351,22.09393569,15.47356431
576,33.6776087,22.09891304,15.40108696
577,33.59224185,22.08528986,15.32773098
578,33.506875,22.07166667,15.254375
579,33.39510417,22.038125,15.17458333
580,33.28333333,22.00458333,15.09479167
581,33.15604167,21.94854167,15.0209375
582,33.02875,21.8925,14.94708333
583,32.90394022,21.82146739,14.88571558
584,32.77913043,21.75043478,14.82434783
585,32.64341938,21.65000906,14.76717391
586,32.50770833,21.54958333,14.71
587,32.3496875,21.41,14.64979167
588,32.19166667,21.27041667,14.58958333
589,32.0284375,21.09770833,14.5346875
590,31.86520833,20.925,14.47979167
591,31.71716938,20.74304348,14.43250453
592,31.56913043,20.56108696,14.38521739
593,31.42446105,20.34950181,14.3382337
594,31.27979167,20.13791667,14.29125
595,31.124375,19.87697917,14.2396875
596,30.96895833,19.61604167,14.188125
597,30.819375,19.3225,14.13427083
598,30.66979167,19.02895833,14.08041667
599,30.521875,18.7015625,14.02010417
600,30.37395833,18.37416667,13.95979167
601,30.253125,18.09114583,13.9034375
602,30.13229167,17.808125,13.84708333
603,29.97510417,17.43291667,13.76489583
604,29.81791667,17.05770833,13.68270833
605,29.65479167,16.67291667,13.58822917
606,29.49166667,16.288125,13.49375
607,29.32395833,15.91802083,13.3890625
608,29.15625,15.54791667,13.284375
609,28.9928125,15.21729167,13.169375
610,28.829375,14.88666667,13.054375
611,28.70729167,14.66416667,12.95822917
612,28.58520833,14.44166667,12.86208333
613,28.44375,14.22885417,12.740625
614,28.30229167,14.01604167,12.61916667
615,28.16895833,13.88489583,12.49541667
616,28.035625,13.75375,12.37166667
617,27.9071875,13.70427083,12.24729167
618,27.77875,13.65479167,12.12291667
619,27.64822917,13.68208333,12.00010417
620,27.51770833,13.709375,11.87729167
621,27.40375,13.77875,11.78083333
622,27.28979167,13.848125,11.684375
623,27.13072917,13.98125,11.5678125
624,26.97166667,14.114375,11.45125
625,26.79229167,14.27989583,11.3453125
626,26.61291667,14.44541667,11.239375
627,26.4128125,14.62041667,11.14833333
628,26.21270833,14.79541667,11.05729167
629,25.99145833,14.95583333,10.98479167
630,25.77020833,15.11625,10.91229167
631,25.55750417,15.229425,10.87434583
632,25.3448,15.3426,10.8364
633,25.12698333,15.42713333,10.82205417
634,24.90916667,15.51166667,10.80770833
635,24.66447917,15.54666667,10.8309375
636,24.41979167,15.58166667,10.85416667
637,24.1778125,15.55072917,10.91979167
638,23.93583333,15.51979167,10.98541667
639,23.70395833,15.42145833,11.09875
640,23.47208333,15.323125,11.21208333
641,23.2515625,15.15729167,11.3703125
642,23.03104167,14.99145833,11.52854167
643,22.84072083,14.78322917,11.71227083
644,22.6504,14.575,11.896
645,22.4448,14.2953,12.1398
646,22.2392,14.0156,12.3836
647,22.06126667,13.7268625,12.63721667
648,21.88333333,13.438125,12.89083333
649,21.69177083,13.0775,13.21989583
650,21.50020833,12.716875,13.54895833
651,21.31666667,12.3290625,13.92552083
652,21.133125,11.94125,14.30208333
653,20.96177083,11.54020833,14.72479167
654,20.79041667,11.13916667,15.1475
655,20.63802083,10.7425,15.6134375
656,20.485625,10.34583333,16.079375
657,20.3748125,10.00621667,16.5406875
658,20.264,9.6666,17.002
659,20.1749,9.3189,17.5528
660,20.0858,8.9712,18.1036
661,20.047,8.673,18.6955
662,20.0082,8.3748,19.2874
663,20.02389167,8.1527125,19.8496375
664,20.03958333,7.930625,20.411875
665,20.14083333,7.755833333,21.07333333
666,20.24208333,7.581041667,21.73479167
667,20.44,7.486145833,22.42520833
668,20.63791667,7.39125,23.115625
669,20.946875,7.386354167,23.82489583
670,21.25583333,7.381458333,24.53416667
671,21.68927083,7.478125,25.25270833
672,22.12270833,7.574791667,25.97125
673,22.63725417,7.773895833,26.620825
674,23.1518,7.973,27.2704
675,23.8414,8.3144,27.9889
676,24.531,8.6558,28.7074
677,25.3582,9.162,29.4136
678,26.1854,9.6682,30.1198
679,27.147,10.3647,30.808
680,28.1086,11.0612,31.4962
681,29.1929,11.9681,32.1611
682,30.2772,12.875,32.826
683,31.4678,14.0005,33.4615
684,32.6584,15.126,34.097
685,33.933,16.4711,34.6955
686,35.2076,17.8162,35.294
687,36.4022375,19.18351667,35.803875
688,37.596875,20.55083333,36.31375
689,38.95885417,22.24458333,36.84104167
690,40.32083333,23.93833333,37.36833333
691,41.6890625,25.74989583,37.85927083
692,43.05729167,27.56145833,38.35020833
693,44.4046875,29.44239583,38.80416667
694,45.75208333,31.32333333,39.258125
695,47.05520833,33.21729167,39.68052083
696,48.35833333,35.11125,40.10291667
697,49.47426667,36.778125,40.45245833
698,50.5902,38.445,40.802
699,51.7718,40.2313,41.1647
700,52.9534,42.0176,41.5274
701,54.0597,43.7066,41.8631
702,55.166,45.3956,42.1988
703,56.1931,46.9672,42.5098
704,57.2202,48.5388,42.8208
705,58.167,49.98,43.1079
706,59.1138,51.4212,43.395
707,59.9815,52.7285,43.6634
708,60.8492,54.0358,43.9318
709,61.6381,55.2148,44.1822
710,62.427,56.3938,44.4326
711,63.1423,57.4504,44.6622
712,63.8576,58.507,44.8918
713,64.5051,59.4477,45.104
714,65.1526,60.3884,45.3162
715,65.7388,61.2274,45.5141
716,66.325,62.0664,45.712
717,66.855,62.817,45.8949
718,67.385,63.5676,46.0778
719,67.8671,64.2373,46.2486
720,68.3492,64.907,46.4194
721,68.785,65.5038,46.5855
722,69.2208,66.1006,46.7516
723,69.611,66.636,46.9111
724,70.0012,67.1714,47.0706
725,70.3537,67.6499,47.2248
726,70.7062,68.1284,47.379
727,71.0223,68.5542,47.5294
728,71.3384,68.98,47.6798
729,71.6182,69.3644,47.8219
730,71.898,69.7488,47.964
731,72.1476,70.0967,48.0943
732,72.3972,70.4446,48.2246
733,72.6218,70.7538,48.3487
734,72.8464,71.063,48.4728
735,73.044,71.3416,48.5898
736,73.2416,71.6202,48.7068
737,73.4168,71.8772,48.8154
738,73.592,72.1342,48.924
739,73.748,72.3661,49.026
740,73.904,72.598,49.128
741,74.0405,72.805,49.2267
742,74.177,73.012,49.3254
743,74.2939,73.2014,49.4211
744,74.4108,73.3908,49.5168
745,74.5182,73.565,49.6148
746,74.6256,73.7392,49.7128
747,74.74366538,73.92008077,49.82649615
748,74.86173077,74.10096154,49.94019231
749,74.96990385,74.26375,50.04557692
750,75.07807692,74.42653846,50.15096154
751,75.18509615,74.58461538,50.25365385
752,75.29211538,74.74269231,50.35634615
753,75.39759615,74.88894231,50.45355769
754,75.50307692,75.03519231,50.55076923
755,75.59711538,75.16528846,50.63990385
756,75.69115385,75.29538462,50.72903846
757,75.77237692,75.41389231,50.81471923
758,75.8536,75.5324,50.9004
759,75.905,75.6106,50.9725
760,75.9564,75.6888,51.0446
761,75.9909,75.7504,51.1141
762,76.0254,75.812,51.1836
763,76.0514,75.8725,51.2477
764,76.0774,75.933,51.3118
765,76.1064,75.9974,51.37
766,76.1354,76.0618,51.4282
767,76.1719,76.1337,51.4892
768,76.2084,76.2056,51.5502
769,76.2494,76.2828,51.6155
770,76.2904,76.36,51.6808
771,76.33943077,76.44971154,51.76213077
772,76.38846154,76.53942308,51.84346154
773,76.43461538,76.62115385,51.91865385
774,76.48076923,76.70288462,51.99384615
775,76.52384615,76.78115385,52.06740385
776,76.56692308,76.85942308,52.14096154
777,76.60596154,76.93278846,52.21326923
778,76.645,77.00615385,52.28557692
779,76.68067308,77.07884615,52.35586538
780,76.71634615,77.15153846,52.42615385
781,76.75697308,77.23476923,52.49787692
782,76.7976,77.318,52.5696
783,76.8363,77.3919,52.6381
784,76.875,77.4658,52.7066
785,76.91788462,77.54434231,52.78358846
786,76.96076923,77.62288462,52.86057692
787,76.99990385,77.69557692,52.92625
788,77.03903846,77.76826923,52.99192308
789,77.085,77.84057692,53.05759615
790,77.13096154,77.91288462,53.12326923
791,77.17298077,77.97951923,53.19009615
792,77.215,78.04615385,53.25692308
793,77.24884615,78.11451923,53.32182692
794,77.28269231,78.18288462,53.38673077
795,77.31664615,78.25994231,53.45786538
796,77.3506,78.337,53.529
797,77.38578077,78.40715385,53.60373077
798,77.42096154,78.47730769,53.67846154
799,77.44894231,78.53884615,53.74173077
800,77.47692308,78.60038462,53.805
801,77.50461538,78.66576923,53.85884615
802,77.53230769,78.73115385,53.91269231
803,77.56471154,78.79173077,53.96298077
804,77.59711538,78.85230769,54.01326923
805,77.6275,78.91086538,54.06490385
806,77.65788462,78.96942308,54.11653846
807,77.68234231,79.03761154,54.16876923
808,77.7068,79.1058,54.221
809,77.71397692,79.16203462,54.26367308
810,77.72115385,79.21826923,54.30634615
811,77.71836538,79.25605769,54.34701923
812,77.71557692,79.29384615,54.38769231
813,77.70403846,79.32192308,54.42817308
814,77.6925,79.35,54.46865385
815,77.67875,79.36519231,54.50461538
816,77.665,79.38038462,54.54057692
817,77.64777778,79.3865812,54.58010328
818,77.63055556,79.39277778,54.61962963
819,77.6171047,79.40379274,54.66260328
820,77.60365385,79.41480769,54.70557692
821,77.60211538,79.43009615,54.74865385
822,77.60057692,79.44538462,54.79173077
823,77.60413462,79.46528846,54.83557692
824,77.60769231,79.48519231,54.87942308
825,77.61173077,79.51625,54.92576923
826,77.61576923,79.54730769,54.97211538
827,77.63778846,79.59942308,55.03105769
828,77.65980769,79.65153846,55.09
829,77.69163462,79.70096154,55.14096154
830,77.72346154,79.75038462,55.19192308
831,77.75288462,79.81038462,55.23519231
832,77.78230769,79.87038462,55.27846154
833,77.82152422,79.95204416,55.32571225
834,77.86074074,80.0337037,55.37296296
835,77.91287037,80.11148148,55.42351852
836,77.965,80.18925926,55.47407407
837,78.02125,80.27578348,55.52761396
838,78.0775,80.36230769,55.58115385
839,78.11711538,80.44278846,55.62836538
840,78.15673077,80.52326923,55.67557692
841,78.19762464,80.59774573,55.73288105
842,78.23851852,80.67222222,55.79018519
843,78.27925926,80.74505342,55.84797721
844,78.32,80.81788462,55.90576923
845,78.34596154,80.88980769,55.95182692
846,78.37192308,80.96173077,55.99788462
847,78.40373932,81.03030983,56.04477564
848,78.43555556,81.09888889,56.09166667
849,78.46222222,81.15277778,56.13305556
850,78.48888889,81.20666667,56.17444444
851,78.51030983,81.26602564,56.21702991
852,78.53173077,81.32538462,56.25961538
853,78.54192308,81.36509615,56.2875
854,78.55211538,81.40480769,56.31538462
855,78.55207621,81.43444088,56.33084046
856,78.55203704,81.46407407,56.3462963
857,78.53582621,81.49367165,56.35968661
858,78.51961538,81.52326923,56.37307692
859,78.50586538,81.54701923,56.38298077
860,78.49211538,81.57076923,56.39288462
861,78.50077991,81.59769943,56.41514601
862,78.50944444,81.62462963,56.43740741
863,78.52444444,81.655,56.46953704
864,78.53944444,81.68537037,56.50166667
865,78.5562037,81.7212963,56.53916667
866,78.57296296,81.75722222,56.57666667
867,78.58925926,81.79046296,56.60787037
868,78.60555556,81.8237037,56.63907407
869,78.61981481,81.86240741,56.67416667
870,78.63407407,81.90111111,56.70925926
871,78.63564815,81.95240741,56.73888889
872,78.63722222,82.0037037,56.76851852
873,78.63972222,82.04601852,56.78314815
874,78.64222222,82.08833333,56.79777778
875,78.64957265,82.13185897,56.81696581
876,78.65692308,82.17538462,56.83615385
877,78.65383191,82.2165812,56.84752137
878,78.65074074,82.25777778,56.85888889
879,78.64703704,82.30194444,56.86481481
880,78.64333333,82.34611111,56.87074074
881,78.64722222,82.39305556,56.88796296
882,78.65111111,82.44,56.90518519
883,78.65305556,82.46768519,56.92462963
884,78.655,82.49537037,56.94407407
885,78.65583333,82.52555556,56.96509259
886,78.65666667,82.55574074,56.98611111
887,78.66972222,82.59583333,57.02675926
888,78.68277778,82.63592593,57.06740741
889,78.69314815,82.65722222,57.10175926
890,78.70351852,82.67851852,57.13611111
891,78.69777778,82.69527778,57.15388889
892,78.69203704,82.71203704,57.17166667
893,78.67601852,82.73472222,57.18601852
894,78.66,82.75740741,57.20037037
895,78.65026786,82.78209656,57.2300959
896,78.64053571,82.80678571,57.25982143
897,78.63489749,82.82265212,57.28472553
898,78.62925926,82.83851852,57.30962963
899,78.62833333,82.85351852,57.32064815
900,78.62740741,82.86851852,57.33166667
901,78.62916667,82.89092593,57.34527778
902,78.63092593,82.91333333,57.35888889
903,78.63509259,82.9337037,57.36240741
904,78.63925926,82.95407407,57.36592593
905,78.62574074,82.98046296,57.355
906,78.61222222,83.00685185,57.34407407
907,78.58259259,83.01972222,57.33527778
908,78.55296296,83.03259259,57.32648148
909,78.51335648,83.04156415,57.32359788
910,78.47375,83.05053571,57.32071429
911,78.44668981,83.07156415,57.31350529
912,78.41962963,83.09259259,57.3062963
913,78.4092791,83.11040344,57.29564815
914,78.39892857,83.12821429,57.285
915,78.39029762,83.14077381,57.28148148
916,78.38166667,83.15333333,57.27796296
917,78.39279762,83.17220238,57.26907077
918,78.40392857,83.19107143,57.26017857
919,78.42344577,83.21488757,57.25879299
920,78.44296296,83.2387037,57.25740741
921,78.45005291,83.25720899,57.27200728
922,78.45714286,83.27571429,57.28660714
923,78.44690476,83.28535714,57.2991369
924,78.43666667,83.295,57.31166667
925,78.4166369,83.29410714,57.31333333
926,78.39660714,83.29321429,57.315
927,78.36274802,83.28281085,57.31953704
928,78.32888889,83.27240741,57.32407407
929,78.29748016,83.25254299,57.29784061
930,78.26607143,83.23267857,57.27160714
931,78.24696429,83.195,57.19223214
932,78.22785714,83.15732143,57.11285714
933,78.18580357,83.09678571,57.044375
934,78.14375,83.03625,56.97589286
935,78.06723214,82.93919643,56.90214286
936,77.99071429,82.84214286,56.82839286
937,77.95517857,82.77491071,56.760625
938,77.91964286,82.70767857,56.69285714
939,77.87928571,82.64392857,56.60205357
940,77.83892857,82.58017857,56.51125
941,77.75464947,82.51758929,56.48368056
942,77.67037037,82.455,56.45611111
943,77.6138459,82.42892857,56.46859127
944,77.55732143,82.40285714,56.48107143
945,77.53142857,82.42044643,56.495
946,77.50553571,82.43803571,56.50892857
947,77.45642857,82.46732143,56.50348214
948,77.40732143,82.49660714,56.49803571
949,77.3525,82.53258929,56.49544643
950,77.29767857,82.56857143,56.49285714
951,77.30946429,82.61276786,56.490625
952,77.32125,82.65696429,56.48839286
953,77.35616071,82.71678571,56.46160714
954,77.39107143,82.77660714,56.43482143
955,77.42544643,82.80205357,56.396875
956,77.45982143,82.8275,56.35892857
957,77.49589286,82.82223214,56.33125
958,77.53196429,82.81696429,56.30357143
959,77.54017857,82.79598214,56.26598214
960,77.54839286,82.775,56.22839286
961,77.49617919,82.73060345,56.19609298
962,77.44396552,82.6862069,56.1637931
963,77.36019704,82.64863916,56.13520012
964,77.27642857,82.61107143,56.10660714
965,77.16660714,82.59169643,56.06866071
966,77.05678571,82.57232143,56.03071429
967,76.99563424,82.54374692,56.02156404
968,76.93448276,82.51517241,56.01241379
969,76.87777709,82.47267549,56.00459975
970,76.82107143,82.43017857,55.99678571
971,76.74232143,82.36901786,55.938125
972,76.66357143,82.30785714,55.87946429
973,76.60833744,82.22703202,55.80973214
974,76.55310345,82.1462069,55.74
975,76.55982759,82.0512931,55.66956897
976,76.56655172,81.95637931,55.59913793
977,76.58684729,81.84827894,55.47715825
978,76.60714286,81.74017857,55.35517857
979,76.59305419,81.59327894,55.26853756
980,76.57896552,81.44637931,55.18189655
981,76.53793103,81.34422414,55.18060345
982,76.49689655,81.24206897,55.17931034
983,76.48255542,81.14246305,55.19903017
984,76.46821429,81.04285714,55.21875
985,76.36598214,80.86705357,55.213125
986,76.26375,80.69125,55.2075
987,76.05428879,80.58493534,55.18064655
988,75.84482759,80.47862069,55.1537931
989,75.64396552,80.40155172,55.11327586
990,75.44310345,80.32448276,55.07275862
991,75.35762315,80.23509852,54.95673645
992,75.27214286,80.14571429,54.84071429
993,75.20141626,80.13035714,54.67897783
994,75.13068966,80.115,54.51724138
995,75.06987175,80.1588,54.41676652
996,75.00905385,80.2026,54.31629167
997,75.02888407,80.255675,54.27504057
998,75.04871429,80.30875,54.23378947
999,75.15683876,80.46921875,54.20641557
1000,75.26496324,80.6296875,54.17904167
1001,75.3209111,80.80671875,54.17995644
1002,75.37685897,80.98375,54.18087121
1003,75.43164377,81.259375,54.28174513
1004,75.48642857,81.535,54.38261905
1005,75.65404762,81.65833333,54.46797619
1006,75.82166667,81.78166667,54.55333333
1007,75.80619048,81.79261905,54.55595238
1008,75.79071429,81.80357143,54.55857143
1009,75.77494048,81.81345238,54.56095238
1010,75.75916667,81.82333333,54.56333333
1011,75.74875,81.82958333,54.565
1012,75.73833333,81.83583333,54.56666667
1013,75.72875,81.84125,54.56833333
1014,75.71916667,81.84666667,54.57
1015,75.70958333,81.85125,54.5725
1016,75.7,81.85583333,54.575
1017,75.6825,81.86333333,54.57958333
1018,75.665,81.87083333,54.58416667
1019,75.65791667,81.87583333,54.5875
1020,75.65083333,81.88083333,54.59083333
1021,75.64458333,81.885,54.59416667
1022,75.63833333,81.88916667,54.5975
1023,75.6325,81.89375,54.60125
1024,75.62666667,81.89833333,54.605
1025,75.61940476,81.90559524,54.61
1026,75.61214286,81.91285714,54.615
1027,75.6052381,81.9210119,54.62083333
1028,75.59833333,81.92916667,54.62666667
1029,75.59416667,81.93375,54.63041667
1030,75.59,81.93833333,54.63416667
1031,75.58541667,81.9425,54.63791667
1032,75.58083333,81.94666667,54.64166667
1033,75.57327381,81.95440476,54.64690476
1034,75.56571429,81.96214286,54.65214286
1035,75.55744048,81.96857143,54.6577381
1036,75.54916667,81.975,54.66333333
1037,75.54333333,81.97708333,54.66666667
1038,75.5375,81.97916667,54.67
1039,75.53041667,81.98041667,54.67291667
1040,75.52333333,81.98166667,54.67583333
1041,75.5127381,81.9822619,54.68077381
1042,75.50214286,81.98285714,54.68571429
1043,75.49107143,81.9810119,54.69035714
1044,75.48,81.97916667,54.695
1045,75.4725,81.9775,54.69833333
1046,75.465,81.97583333,54.70166667
1047,75.45791667,81.97541667,54.705
1048,75.45083333,81.975,54.70833333
1049,75.44041667,81.97464286,54.71345238
1050,75.43,81.97428571,54.71857143
1051,75.41958333,81.97380952,54.72345238
1052,75.40916667,81.97333333,54.72833333
1053,75.40291667,81.97333333,54.73208333
1054,75.39666667,81.97333333,54.73583333
1055,75.39125,81.97416667,54.73958333
1056,75.38583333,81.975,54.74333333
1057,75.37684524,81.97535714,54.74845238
1058,75.36785714,81.97571429,54.75357143
1059,75.35934524,81.97577381,54.75845238
1060,75.35083333,81.97583333,54.76333333
1061,75.345,81.97541667,54.76666667
1062,75.33916667,81.975,54.77
1063,75.33291667,81.975,54.7725
1064,75.32666667,81.975,54.775
1065,75.31958333,81.97416667,54.77708333
1066,75.3125,81.97333333,54.77916667
1067,75.29833333,81.97125,54.78333333
1068,75.28416667,81.96916667,54.7875
1069,75.27666667,81.96833333,54.78958333
1070,75.26916667,81.9675,54.79166667
1071,75.26125,81.96666667,54.79333333
1072,75.25333333,81.96583333,54.795
1073,75.24541667,81.96416667,54.79666667
1074,75.2375,81.9625,54.79833333
1075,75.22696429,81.95910714,54.8002381
1076,75.21642857,81.95571429,54.80214286
1077,75.20529762,81.95160714,54.80482143
1078,75.19416667,81.9475,54.8075
1079,75.18666667,81.94291667,54.80875
1080,75.17916667,81.93833333,54.81
1081,75.17208333,81.93208333,54.81083333
1082,75.165,81.92583333,54.81166667
1083,75.1525,81.91541667,54.81261905
1084,75.14,81.905,54.81357143
1085,75.12708333,81.89333333,54.81470238
1086,75.11416667,81.88166667,54.81583333
1087,75.105,81.87291667,54.81458333
1088,75.09583333,81.86416667,54.81333333
1089,75.08708333,81.85541667,54.8125
1090,75.07833333,81.84666667,54.81166667
1091,75.06309524,81.83404762,54.81083333
1092,75.04785714,81.82142857,54.81
1093,75.0322619,81.80904762,54.80916667
1094,75.01666667,81.79666667,54.80833333
1095,75.005,81.79,54.8075
1096,74.99333333,81.78333333,54.80666667
1097,74.98125,81.77666667,54.80625
1098,74.96916667,81.77,54.80583333
1099,74.95065476,81.76,54.80505952
1100,74.93214286,81.75,54.80428571
1101,74.9139881,81.73958333,54.80297619
1102,74.89583333,81.72916667,54.80166667
1103,74.88416667,81.72,54.8
1104,74.8725,81.71083333,54.79833333
1105,74.86041667,81.70041667,54.79666667
1106,74.84833333,81.69,54.795
1107,74.82809524,81.67321429,54.79178571
1108,74.80785714,81.65642857,54.78857143
1109,74.7872619,81.63779762,54.78386905
1110,74.76666667,81.61916667,54.77916667
1111,74.75125,81.60583333,54.77458333
1112,74.73583333,81.5925,54.77
1113,74.72,81.57833333,54.76458333
1114,74.70416667,81.56416667,54.75916667
1115,74.6875,81.54916667,54.7525
1116,74.67083333,81.53416667,54.74583333
1117,74.63416667,81.49958333,54.72916667
1118,74.5975,81.465,54.7125
1119,74.57625,81.44541667,54.7025
1120,74.555,81.42583333,54.6925
1121,74.53208333,81.405,54.68125
1122,74.50916667,81.38416667,54.67
1123,74.48333333,81.36083333,54.65708333
1124,74.4575,81.3375,54.64416667
1125,74.41553571,81.29767857,54.61958333
1126,74.37357143,81.25785714,54.595
1127,74.32928571,81.2160119,54.56791667
1128,74.285,81.17416667,54.54083333
1129,74.25375,81.14375,54.51958333
1130,74.2225,81.11333333,54.49833333
1131,74.19,81.08083333,54.47583333
1132,74.1575,81.04833333,54.45333333
1133,74.10839286,81.0002381,54.41738095
1134,74.05928571,80.95214286,54.38142857
1135,74.01005952,80.90357143,54.34488095
1136,73.96083333,80.855,54.30833333
1137,73.92916667,80.82458333,54.28416667
1138,73.8975,80.79416667,54.26
1139,73.86583333,80.76541667,54.23625
1140,73.83416667,80.73666667,54.2125
1141,73.79029762,80.69654762,54.17839286
1142,73.74642857,80.65642857,54.14428571
1143,73.70404762,80.61654762,54.11130952
1144,73.66166667,80.57666667,54.07833333
1145,73.63458333,80.55208333,54.05791667
1146,73.6075,80.5275,54.0375
1147,73.58041667,80.5025,54.01708333
1148,73.55333333,80.4775,53.99666667
1149,73.51238095,80.44089286,53.96404762
1150,73.47142857,80.40428571,53.93142857
1151,73.42863095,80.36630952,53.89738095
1152,73.38583333,80.32833333,53.86333333
1153,73.35458333,80.30166667,53.83708333
1154,73.32333333,80.275,53.81083333
1155,73.28958333,80.24541667,53.78208333
1156,73.25583333,80.21583333,53.75333333
1157,73.20077381,80.1664881,53.70595238
1158,73.14571429,80.11714286,53.65857143
1159,73.08869048,80.06482143,53.60970238
1160,73.03166667,80.0125,53.56083333
1161,72.99208333,79.97541667,53.52666667
1162,72.9525,79.93833333,53.4925
1163,72.91166667,79.9,53.45875
1164,72.87083333,79.86166667,53.425
1165,72.81005952,79.8022619,53.37678571
1166,72.74928571,79.74285714,53.32857143
1167,72.69005952,79.68267857,53.28136905
1168,72.63083333,79.6225,53.23416667
1169,72.59333333,79.58208333,53.205
1170,72.55583333,79.54166667,53.17583333
1171,72.51958333,79.50041667,53.14875
1172,72.48333333,79.45916667,53.12166667
1173,72.43630952,79.39886905,53.08440476
1174,72.38928571,79.33857143,53.04714286
1175,72.34547619,79.27970238,53.01190476
1176,72.30166667,79.22083333,52.97666667
1177,72.27708333,79.18416667,52.95583333
1178,72.2525,79.1475,52.935
1179,72.23166667,79.1125,52.91625
1180,72.21083333,79.0775,52.8975
1181,72.18791667,79.03196429,52.87446429
1182,72.165,78.98642857,52.85142857
1183,72.145,78.94321429,52.83154762
1184,72.125,78.9,52.81166667
1185,72.1175,78.875,52.80291667
1186,72.11,78.85,52.79416667
1187,72.105,78.82666667,52.78875
1188,72.1,78.80333333,52.78333333
1189,72.09964286,78.77416667,52.78130952
1190,72.09928571,78.745,52.77928571
1191,72.10130952,78.7175,52.78005952
1192,72.10333333,78.69,52.78083333
1193,72.1075,78.67541667,52.78416667
1194,72.11166667,78.66083333,52.7875
1195,72.11625,78.64708333,52.79125
1196,72.12083333,78.63333333,52.795
1197,72.12684524,78.61095238,52.80107143
1198,72.13285714,78.58857143,52.80714286
1199,72.13767857,78.56636905,52.81357143
1200,72.1425,78.54416667,52.82
1201,72.14375,78.52791667,52.82416667
1202,72.145,78.51166667,52.82833333
1203,72.14541667,78.49458333,52.83208333
1204,72.14583333,78.4775,52.83583333
1205,72.14541667,78.45958333,52.84
1206,72.145,78.44166667,52.84416667
1207,72.14041667,78.40625,52.85416667
1208,72.13583333,78.37083333,52.86416667
1209,72.13208333,78.35291667,52.87125
1210,72.12833333,78.335,52.87833333
1211,72.12375,78.31541667,52.88625
1212,72.11916667,78.29583333,52.89416667
1213,72.11375,78.27416667,52.90458333
1214,72.10833333,78.2525,52.915
1215,72.09845238,78.21946429,52.93392857
1216,72.08857143,78.18642857,52.95285714
1217,72.07845238,78.15279762,52.9735119
1218,72.06833333,78.11916667,52.99416667
1219,72.06083333,78.09541667,53.00875
1220,72.05333333,78.07166667,53.02333333
1221,72.04583333,78.04791667,53.03916667
1222,72.03833333,78.02416667,53.055
1223,72.02702381,77.99029762,53.07785714
1224,72.01571429,77.95642857,53.10071429
1225,72.00410714,77.92196429,53.12369048
1226,71.9925,77.8875,53.14666667
1227,71.98541667,77.86416667,53.16166667
1228,71.97833333,77.84083333,53.17666667
1229,71.97208333,77.81708333,53.19083333
1230,71.96583333,77.79333333,53.205
1231,71.95684524,77.75916667,53.22428571
1232,71.94785714,77.725,53.24357143
1233,71.9397619,77.69083333,53.26220238
1234,71.93166667,77.65666667,53.28083333
1235,71.92791667,77.63458333,53.2925
1236,71.92416667,77.6125,53.30416667
1237,71.92083333,77.59166667,53.315
1238,71.9175,77.57083333,53.32583333
1239,71.91267857,77.53827381,53.34041667
1240,71.90785714,77.50571429,53.355
1241,71.90267857,77.47244048,53.36875
1242,71.8975,77.43916667,53.3825
1243,71.89291667,77.41458333,53.39041667
1244,71.88833333,77.39,53.39833333
1245,71.8825,77.36333333,53.40458333
1246,71.87666667,77.33666667,53.41083333
1247,71.86654762,77.29369048,53.41577381
1248,71.85642857,77.25071429,53.42071429
1249,71.84404762,77.20660714,53.42494048
1250,71.83166667,77.1625,53.42916667
1251,71.82208333,77.13083333,53.42916667
1252,71.8125,77.09916667,53.42916667
1253,71.80166667,77.06583333,53.4275
1254,71.79083333,77.0325,53.42583333
1255,71.77220238,76.97875,53.42113095
1256,71.75357143,76.925,53.41642857
1257,71.73261905,76.87083333,53.41113095
1258,71.71166667,76.81666667,53.40583333
1259,71.6975,76.77916667,53.40041667
1260,71.68333333,76.74166667,53.395
1261,71.66916667,76.70416667,53.39
1262,71.655,76.66666667,53.385
1263,71.63535714,76.61261905,53.37857143
1264,71.61571429,76.55857143,53.37214286
1265,71.59535714,76.50386905,53.36482143
1266,71.575,76.44916667,53.3575
1267,71.5625,76.41125,53.35291667
1268,71.55,76.37333333,53.34833333
1269,71.53791667,76.33458333,53.34458333
1270,71.52583333,76.29583333,53.34083333
1271,71.50791667,76.23863095,53.33577381
1272,71.49,76.18142857,53.33071429
1273,71.47208333,76.12446429,53.32577381
1274,71.45416667,76.0675,53.32083333
1275,71.44333333,76.03166667,53.31958333
1276,71.4325,75.99583333,53.31833333
1277,71.42208333,75.96041667,53.31875
1278,71.41166667,75.925,53.31916667
1279,71.39619048,75.875,53.32065476
1280,71.38071429,75.825,53.32214286
1281,71.36619048,75.77541667,53.32440476
1282,71.35166667,75.72583333,53.32666667
1283,71.3425,75.69208333,53.32875
1284,71.33333333,75.65833333,53.33083333
1285,71.32416667,75.62541667,53.33333333
1286,71.315,75.5925,53.33583333
1287,71.30214286,75.54125,53.34005952
1288,71.28928571,75.49,53.34428571
1289,71.27714286,75.43583333,53.34880952
1290,71.265,75.38166667,53.35333333
1291,71.25791667,75.34291667,53.35708333
1292,71.25083333,75.30416667,53.36083333
1293,71.2389881,75.2435119,53.36505952
1294,71.22714286,75.18285714,53.36928571
1295,71.21928571,75.14142857,53.37178571
1296,71.21142857,75.1,53.37428571
1297,71.19863095,75.0375,53.37714286
1298,71.18583333,74.975,53.38
1299,71.175,74.93458333,53.38083333
1300,71.16416667,74.89416667,53.38166667
1301,71.14458333,74.83494048,53.38154762
1302,71.125,74.77571429,53.38142857
1303,71.10458333,74.71660714,53.38029762
1304,71.08416667,74.6575,53.37916667
1305,71.06833333,74.61833333,53.37666667
1306,71.0525,74.57916667,53.37416667
1307,71.03541667,74.53958333,53.37166667
1308,71.01833333,74.5,53.36916667
1309,70.98916667,74.43642857,53.3635119
1310,70.96,74.37285714,53.35785714
1311,70.93,74.30767857,53.3510119
1312,70.9,74.2425,53.34416667
1313,70.87833333,74.19666667,53.33916667
1314,70.85666667,74.15083333,53.33416667
1315,70.83416667,74.10375,53.32875
1316,70.81166667,74.05666667,53.32333333
1317,70.77761905,73.98154762,53.31380952
1318,70.74357143,73.90642857,53.30428571
1319,70.71011905,73.83113095,53.29505952
1320,70.67666667,73.75583333,53.28583333
1321,70.65416667,73.70541667,53.27875
1322,70.63166667,73.655,53.27166667
1323,70.60875,73.60375,53.26458333
1324,70.58583333,73.5525,53.2575
1325,70.55005952,73.47625,53.24446429
1326,70.51428571,73.4,53.23142857
1327,70.47755952,73.3225,53.21654762
1328,70.44083333,73.245,53.20166667
1329,70.41333333,73.19083333,53.18958333
1330,70.38583333,73.13666667,53.1775
1331,70.35541667,73.07916667,53.16416667
1332,70.325,73.02166667,53.15083333
1333,70.27428571,72.92833333,53.12541667
1334,70.22357143,72.835,53.1
1335,70.16970238,72.73833333,53.0725
1336,70.11583333,72.64166667,53.045
1337,70.075,72.57333333,53.02416667
1338,70.03416667,72.505,53.00333333
1339,69.99083333,72.43416667,52.97958333
1340,69.9475,72.36333333,52.95583333
1341,69.87732143,72.25130952,52.91577381
1342,69.80714286,72.13928571,52.87571429
1343,69.7339881,72.02589286,52.83535714
1344,69.66083333,71.9125,52.795
1345,69.61,71.83416667,52.7675
1346,69.55916667,71.75583333,52.74
1347,69.50916667,71.67791667,52.71208333
1348,69.45916667,71.6,52.68416667
1349,69.3885119,71.485,52.64458333
1350,69.31785714,71.37,52.605
1351,69.24934524,71.2575,52.56666667
1352,69.18083333,71.145,52.52833333
1353,69.14041667,71.07291667,52.50375
1354,69.1,71.00083333,52.47916667
1355,69.06291667,70.93125,52.455
1356,69.02583333,70.86166667,52.43083333
1357,68.97613095,70.76440476,52.39613095
1358,68.92642857,70.66714286,52.36142857
1359,68.87988095,70.5739881,52.32654762
1360,68.83333333,70.48083333,52.29166667
1361,68.80666667,70.42291667,52.26791667
1362,68.78,70.365,52.24416667
1363,68.75458333,70.30875,52.22
1364,68.72916667,70.2525,52.19583333
1365,68.69315476,70.17160714,52.15791667
1366,68.65714286,70.09071429,52.12
1367,68.6214881,70.01119048,52.08208333
1368,68.58583333,69.93166667,52.04416667
1369,68.56125,69.87833333,52.01916667
1370,68.53666667,69.825,51.99416667
1371,68.49440476,69.74535714,51.9560119
1372,68.45214286,69.66571429,51.91785714
1373,68.42214286,69.61214286,51.89107143
1374,68.39214286,69.55857143,51.86428571
1375,68.34440476,69.47553571,51.82339286
1376,68.29666667,69.3925,51.7825
1377,68.26125,69.33416667,51.75166667
1378,68.22583333,69.27583333,51.72083333
1379,68.16541667,69.18470238,51.66863095
1380,68.105,69.09357143,51.61642857
1381,68.04041667,68.99886905,51.56071429
1382,67.97583333,68.90416667,51.505
1383,67.9275,68.83833333,51.4625
1384,67.87916667,68.7725,51.42
1385,67.82666667,68.70625,51.37375
1386,67.77416667,68.64,51.3275
1387,67.68815476,68.53464286,51.24946429
1388,67.60214286,68.42928571,51.17142857
1389,67.51107143,68.32089286,51.08988095
1390,67.42,68.2125,51.00833333
1391,67.35458333,68.1375,50.94875
1392,67.28916667,68.0625,50.88916667
1393,67.21958333,67.98541667,50.8275
1394,67.15,67.90833333,50.76583333
1395,67.03178571,67.78595238,50.66684524
1396,66.91357143,67.66357143,50.56785714
1397,66.78928571,67.53845238,50.46559524
1398,66.665,67.41333333,50.36333333
1399,66.57375,67.32625,50.28958333
1400,66.4825,67.23916667,50.21583333
1401,66.38625,67.14958333,50.13958333
1402,66.29,67.06,50.06333333
1403,66.13571429,66.92035714,49.94345238
1404,65.98142857,66.78071429,49.82357143
1405,65.82446429,66.63952381,49.70136905
1406,65.6675,66.49833333,49.57916667
1407,65.56041667,66.40291667,49.49625
1408,65.45333333,66.3075,49.41333333
1409,65.29380952,66.16196429,49.2902381
1410,65.13428571,66.01642857,49.16714286
1411,65.03035714,65.91964286,49.08678571
1412,64.92642857,65.82285714,49.00642857
1413,64.77404762,65.6797619,48.88863095
1414,64.62166667,65.53666667,48.77083333
1415,64.52708333,65.44458333,48.69791667
1416,64.4325,65.3525,48.625
1417,64.30053571,65.22232143,48.52571429
1418,64.16857143,65.09214286,48.42642857
1419,64.04261905,64.96565476,48.33196429
1420,63.91666667,64.83916667,48.2375
1421,63.83916667,64.76,48.18125
1422,63.76166667,64.68083333,48.125
1423,63.68875,64.60208333,48.07208333
1424,63.61583333,64.52333333,48.01916667
1425,63.51541667,64.40809524,47.9485119
1426,63.415,64.29285714,47.87785714
1427,63.31916667,64.18142857,47.81184524
1428,63.22333333,64.07,47.74583333
1429,63.165,63.99958333,47.70708333
1430,63.10666667,63.92916667,47.66833333
1431,63.05166667,63.86125,47.63166667
1432,62.99666667,63.79333333,47.595
1433,62.92083333,63.6952381,47.54571429
1434,62.845,63.59714286,47.49642857
1435,62.77291667,63.50315476,47.44946429
1436,62.70083333,63.40916667,47.4025
1437,62.65708333,63.34708333,47.3725
1438,62.61333333,63.285,47.3425
1439,62.55059524,63.19571429,47.29982143
1440,62.48785714,63.10642857,47.25714286
1441,62.44642857,63.04821429,47.22964286
1442,62.405,62.99,47.20214286
1443,62.34458333,62.90541667,47.1614881
1444,62.28416667,62.82083333,47.12083333
1445,62.2425,62.76458333,47.09291667
1446,62.20083333,62.70833333,47.065
1447,62.13720238,62.62166667,47.02214286
1448,62.07357143,62.535,46.97928571
1449,62.00845238,62.44791667,46.93589286
1450,61.94333333,62.36083333,46.8925
1451,61.89833333,62.3,46.86208333
1452,61.85333333,62.23916667,46.83166667
1453,61.80708333,62.17708333,46.79958333
1454,61.76083333,62.115,46.7675
1455,61.69005952,62.02107143,46.71982143
1456,61.61928571,61.92714286,46.67214286
1457,61.54630952,61.8327381,46.62357143
1458,61.47333333,61.73833333,46.575
1459,61.42333333,61.67375,46.54166667
1460,61.37333333,61.60916667,46.50833333
1461,61.3225,61.54375,46.47416667
1462,61.27166667,61.47833333,46.44
1463,61.19333333,61.3802381,46.38714286
1464,61.115,61.28214286,46.33428571
1465,61.03625,61.18357143,46.28005952
1466,60.9575,61.085,46.22583333
1467,60.90541667,61.02,46.18833333
1468,60.85333333,60.955,46.15083333
1469,60.77738095,60.86035714,46.0964881
1470,60.70142857,60.76571429,46.04214286
1471,60.65071429,60.7025,46.00642857
1472,60.6,60.63928571,45.97071429
1473,60.52541667,60.54505952,45.91785714
1474,60.45083333,60.45083333,45.865
1475,60.40291667,60.38875,45.83041667
1476,60.355,60.32666667,45.79583333
1477,60.28678571,60.23369048,45.7439881
1478,60.21857143,60.14071429,45.69214286
1479,60.15095238,60.04785714,45.63982143
1480,60.08333333,59.955,45.5875
1481,60.04208333,59.895,45.5525
1482,60.00083333,59.835,45.5175
1483,59.96166667,59.77583333,45.48291667
1484,59.9225,59.71666667,45.44833333
1485,59.86875,59.62904762,45.40095238
1486,59.815,59.54142857,45.35357143
1487,59.76333333,59.45571429,45.30720238
1488,59.71166667,59.37,45.26083333
1489,59.68291667,59.31666667,45.23375
1490,59.65416667,59.26333333,45.20666667
1491,59.62029762,59.18916667,45.17440476
1492,59.58642857,59.115,45.14214286
1493,59.56821429,59.06892857,45.12535714
1494,59.55,59.02285714,45.10857143
1495,59.52958333,58.9597619,45.08803571
1496,59.50916667,58.89666667,45.0675
1497,59.50541667,58.86083333,45.06291667
1498,59.50166667,58.825,45.05833333
1499,59.50869048,58.77964286,45.0627381
1500,59.51571429,58.73428571,45.06714286
1501,59.52952381,58.69380952,45.07857143
1502,59.54333333,58.65333333,45.09
1503,59.56083333,58.6325,45.10416667
1504,59.57833333,58.61166667,45.11833333
1505,59.61380952,58.58833333,45.14916667
1506,59.64928571,58.565,45.18
1507,59.67535714,58.55214286,45.20214286
1508,59.70142857,58.53928571,45.22428571
1509,59.74488095,58.52380952,45.26130952
1510,59.78833333,58.50833333,45.29833333
1511,59.81916667,58.5025,45.32375
1512,59.85,58.49666667,45.34916667
1513,59.895,58.4872619,45.3885119
1514,59.94,58.47785714,45.42785714
1515,59.985,58.46809524,45.46767857
1516,60.03,58.45833333,45.5075
1517,60.05833333,58.45166667,45.53541667
1518,60.08666667,58.445,45.56333333
1519,60.11458333,58.43708333,45.59125
1520,60.1425,58.42916667,45.61916667
1521,60.18517857,58.41529762,45.6610119
1522,60.22785714,58.40142857,45.70285714
1523,60.2697619,58.38738095,45.7435119
1524,60.31166667,58.37333333,45.78416667
1525,60.33875,58.36375,45.80958333
1526,60.36583333,58.35416667,45.835
1527,60.40505952,58.33708333,45.87071429
1528,60.44428571,58.32,45.90642857
1529,60.46928571,58.30892857,45.93
1530,60.49428571,58.29785714,45.95357143
1531,60.53047619,58.28017857,45.98720238
1532,60.56666667,58.2625,46.02083333
1533,60.59083333,58.25,46.04291667
1534,60.615,58.2375,46.065
1535,60.65,58.21839286,46.09678571
1536,60.685,58.19928571,46.12857143
1537,60.71875,58.18047619,46.15970238
1538,60.7525,58.16166667,46.19083333
1539,60.775,58.14916667,46.21208333
1540,60.7975,58.13666667,46.23333333
1541,60.83017857,58.11904762,46.26880952
1542,60.86285714,58.10142857,46.30428571
1543,60.88464286,58.09,46.32892857
1544,60.90642857,58.07857143,46.35357143
1545,60.93821429,58.06136905,46.39136905
1546,60.97,58.04416667,46.42916667
1547,60.99208333,58.03208333,46.45541667
1548,61.01416667,58.02,46.48166667
1549,61.04458333,58.0025,46.51797619
1550,61.075,57.985,46.55428571
1551,61.10333333,57.96791667,46.58880952
1552,61.13166667,57.95083333,46.62333333
1553,61.14666667,57.93916667,46.64208333
1554,61.16166667,57.9275,46.66083333
1555,61.17619048,57.90767857,46.68255952
1556,61.19071429,57.88785714,46.70428571
1557,61.19607143,57.87178571,46.71607143
1558,61.20142857,57.85571429,46.72785714
1559,61.20488095,57.82702381,46.7410119
1560,61.20833333,57.79833333,46.75416667
1561,61.205,57.77208333,46.7575
1562,61.20166667,57.74583333,46.76083333
1563,61.19047619,57.70041667,46.76041667
1564,61.17928571,57.655,46.76
1565,61.16505952,57.60458333,46.75791667
1566,61.15083333,57.55416667,46.75583333
1567,61.13958333,57.5175,46.75333333
1568,61.12833333,57.48083333,46.75083333
1569,61.11202381,57.42327381,46.74791667
1570,61.09571429,57.36571429,46.745
1571,61.08571429,57.3275,46.74464286
1572,61.07571429,57.28928571,46.74428571
1573,61.06202381,57.23130952,46.74547619
1574,61.04833333,57.17333333,46.74666667
1575,61.04375,57.13833333,46.75
1576,61.03916667,57.10333333,46.75333333
1577,61.03922619,57.05988095,46.76309524
1578,61.03928571,57.01642857,46.77285714
1579,61.04130952,56.97613095,46.7860119
1580,61.04333333,56.93583333,46.79916667
1581,61.04916667,56.91541667,46.81041667
1582,61.055,56.895,46.82166667
1583,61.06785714,56.87071429,46.84297619
1584,61.08071429,56.84642857,46.86428571
1585,61.09071429,56.8325,46.88
1586,61.10071429,56.81857143,46.89571429
1587,61.11744048,56.80095238,46.92119048
1588,61.13416667,56.78333333,46.94666667
1589,61.14875,56.775,46.965
1590,61.16333333,56.76666667,46.98333333
1591,61.18880952,56.75404762,47.01380952
1592,61.21428571,56.74142857,47.04428571
1593,61.24089286,56.73071429,47.07589286
1594,61.2675,56.72,47.1075
1595,61.2875,56.71291667,47.13
1596,61.3075,56.70583333,47.1525
1597,61.34017857,56.69541667,47.18910714
1598,61.37285714,56.685,47.22571429
1599,61.395,56.67785714,47.25
1600,61.41714286,56.67071429,47.27428571
1601,61.4502381,56.66119048,47.31005952
1602,61.48333333,56.65166667,47.34583333
1603,61.50625,56.64375,47.36875
1604,61.52916667,56.63583333,47.39166667
1605,61.55958333,56.6214881,47.4222619
1606,61.59,56.60714286,47.45285714
1607,61.61875,56.59065476,47.48059524
1608,61.6475,56.57416667,47.50833333
1609,61.66333333,56.56083333,47.52375
1610,61.67916667,56.5475,47.53916667
1611,61.69708333,56.52303571,47.55815476
1612,61.715,56.49857143,47.57714286
1613,61.72464286,56.48178571,47.58785714
1614,61.73428571,56.465,47.59857143
1615,61.74714286,56.43916667,47.61178571
1616,61.76,56.41333333,47.625
1617,61.76625,56.39666667,47.63166667
1618,61.7725,56.38,47.63833333
1619,61.78017857,56.35357143,47.64666667
1620,61.78785714,56.32714286,47.655
1621,61.79517857,56.30107143,47.66333333
1622,61.8025,56.275,47.67166667
1623,61.80625,56.25625,47.6775
1624,61.81,56.2375,47.68333333
1625,61.81285714,56.20875,47.69345238
1626,61.81571429,56.18,47.70357143
1627,61.81785714,56.16071429,47.71071429
1628,61.82,56.14142857,47.71785714
1629,61.8225,56.11321429,47.72934524
1630,61.825,56.085,47.74083333
1631,61.82571429,56.055,47.75113095
1632,61.82642857,56.025,47.76142857
1633,61.82714286,56.00571429,47.76857143
1634,61.82785714,55.98642857,47.77571429
1635,61.82892857,55.95696429,47.78577381
1636,61.83,55.9275,47.79583333
1637,61.82958333,55.90833333,47.80125
1638,61.82916667,55.88916667,47.80666667
1639,61.82958333,55.8635119,47.81047619
1640,61.83,55.83785714,47.81428571
1641,61.83083333,55.81392857,47.81630952
1642,61.83166667,55.79,47.81833333
1643,61.83333333,55.7775,47.81583333
1644,61.835,55.765,47.81333333
1645,61.83821429,55.75,47.80238095
1646,61.84142857,55.735,47.79142857
1647,61.84428571,55.72785714,47.78142857
1648,61.84714286,55.72071429,47.77142857
1649,61.85065476,55.71285714,47.75238095
1650,61.85416667,55.705,47.73333333
1651,61.85779762,55.70892857,47.70380952
1652,61.86142857,55.71285714,47.67428571
1653,61.8625,55.71892857,47.65107143
1654,61.86357143,55.725,47.62785714
1655,61.86511905,55.73958333,47.5885119
1656,61.86666667,55.75416667,47.54916667
1657,61.86625,55.77166667,47.51791667
1658,61.86583333,55.78916667,47.48666667
1659,61.86755952,55.8360119,47.4347619
1660,61.86928571,55.88285714,47.38285714
1661,61.87130952,55.93767857,47.3285119
1662,61.87333333,55.9925,47.27416667
1663,61.87875,56.04208333,47.23625
1664,61.88416667,56.09166667,47.19833333
1665,61.90244048,56.18940476,47.14095238
1666,61.92071429,56.28714286,47.08357143
1667,61.93714286,56.36142857,47.04607143
1668,61.95357143,56.43571429,47.00857143
1669,61.98511905,56.55660714,46.95386905
1670,62.01666667,56.6775,46.89916667
1671,62.07083333,56.83160714,46.85386905
1672,62.125,56.98571429,46.80857143
1673,62.1675,57.09785714,46.78178571
1674,62.21,57.21,46.755
1675,62.28291667,57.39166667,46.72125
1676,62.35583333,57.57333333,46.6875
1677,62.41833333,57.705,46.67208333
1678,62.48083333,57.83666667,46.65666667
1679,62.60005952,58.05940476,46.64619048
1680,62.71928571,58.28214286,46.63571429
1681,62.85214286,58.5177381,46.63452381
1682,62.985,58.75333333,46.63333333
1683,63.09125,58.92541667,46.6425
1684,63.1975,59.0975,46.65166667
1685,63.39053571,59.38875,46.68547619
1686,63.58357143,59.68,46.71928571
1687,63.72035714,59.89071429,46.75142857
1688,63.85714286,60.10142857,46.78357143
1689,64.07815476,60.43571429,46.84053571
1690,64.29916667,60.77,46.8975
1691,64.55136905,61.14571429,46.97660714
1692,64.80357143,61.52142857,47.05571429
1693,64.97821429,61.77714286,47.11607143
1694,65.15285714,62.03285714,47.17642857
1695,65.42142857,62.43309524,47.27404762
1696,65.69,62.83333333,47.37166667
1697,65.875,63.1025,47.44041667
1698,66.06,63.37166667,47.50916667
1699,66.33357143,63.7772619,47.61744048
1700,66.60714286,64.18285714,47.72571429
