wl,prsi1,prsi2,prsi3,prsi4,xyln1,xyln2,xyln3,xyln4,psch1,psch2,psch3,psch4
300,47.62545455,42.09727273,29.93090909,40.94545455,34.22636364,35.47363636,41.73272727,37.43818182,17.67090909,26.84818182,23.07181818,28.35181818
302,48.29533333,40.81666667,29.09266667,39.916,36.73266667,35.49266667,41.32666667,38.37466667,18.46733333,26.506,23.986,28.47933333
304,46.4465,39.3105,27.4575,38.277,37.85,35.547,40.0915,38.0415,18.8885,25.367,24.644,28.1205
306,43.79681818,38.34863636,25.55954545,36.83045455,38.46227273,35.81090909,39.00727273,37.53,19.13181818,23.56590909,24.83545455,27.88136364
308,41.64,36.59318182,23.62181818,34.20363636,38.27818182,35.40636364,36.87909091,36.79,18.865,21.09090909,24.38681818,26.37136364
310,40.54545455,35.56772727,22.49272727,32.52181818,36.7,33.68954545,34.70818182,35.87590909,18.78727273,19.94227273,23.89318182,24.69
312,37.74454545,34.98454545,21.88727273,31.44363636,34.57136364,32.23636364,32.92045455,34.33409091,17.61227273,18.36,21.815,22.06954545
314,35.46454545,34.75318182,21.89727273,30.72181818,32.65681818,30.65636364,31.30454545,33.36727273,16.16636364,18.055,20.01681818,19.13818182
316,34.60409091,33.87590909,22.39909091,30.425,31.52454545,29.73409091,30.04909091,32.52454545,14.805,18.33909091,19.11136364,17.51363636
318,32.89904762,32.72619048,22.41095238,30.20666667,31.33,28.7247619,28.77,31.60047619,13.67190476,19.07190476,18.64809524,16.43714286
320,31.035,30.67681818,21.68636364,29.17545455,30.79227273,28.33227273,27.28090909,30.03636364,12.57090909,19.04,17.70272727,16.26681818
322,30.43136364,28.735,21.07590909,27.87590909,29.73818182,27.62,26.14681818,28.59272727,12.41409091,19.42681818,17.76454545,16.33772727
324,30.05409091,26.83136364,20.33090909,26.02954545,28.35681818,25.91818182,24.43954545,26.66727273,12.43909091,19.24227273,17.25136364,15.77272727
326,30.365,25.575,19.63318182,24.97272727,27.51,23.89545455,23.395,25.87181818,12.38045455,19.53227273,16.485,14.62454545
328,30.35545455,24.76818182,19.09409091,23.80181818,26.74772727,22.27863636,22.53909091,24.945,12.02545455,19.00090909,15.26363636,13.41863636
330,29.21772727,23.60454545,18.21636364,22.49772727,24.92409091,21.10272727,21.20818182,23.58227273,11.32272727,18.01227273,14.65636364,12.39136364
332,27.07636364,22.78818182,16.98045455,21.38545455,23.09727273,20.19454545,19.65727273,22.48227273,10.42818182,16.90818182,13.78181818,11.67545455
334,25.1652381,20.93714286,15.21666667,20.29666667,20.4852381,19.2352381,18.13428571,20.99238095,9.026666667,15.24,12.32714286,11.31952381
336,22.62409091,18.87727273,13.105,17.98318182,17.95772727,18.33,16.515,18.71727273,7.895909091,13.08,10.43545455,11.15
338,19.82090909,17.28045455,10.99954545,15.82272727,15.83409091,17.43,14.84818182,16.815,7.338636364,11.52727273,9.451363636,10.99772727
340,17.37,15.64409091,8.699545455,13.63272727,14.27136364,15.7,12.97090909,14.96363636,6.935454545,10.57863636,8.145,10.20409091
342,16.50272727,14.235,7.499090909,12.36590909,13.465,14.27545455,11.98227273,13.57090909,6.420909091,9.818636364,7.408181818,9.724545455
344,15.365,13.05454545,6.583181818,11.11454545,12.86363636,13.03090909,11.02863636,12.25045455,5.797727273,8.940454545,6.705454545,9.481818182
346,13.70818182,11.60818182,5.945,10.17136364,11.71409091,11.58909091,9.826363636,10.97818182,5.399545455,8.168181818,6.276818182,9.173636364
348,12.79954545,10.40545455,5.646363636,9.492727273,10.70136364,10.31409091,8.840909091,10.155,4.986363636,7.918636364,5.988181818,8.539545455
350,11.83363636,9.220454545,5.249545455,8.591818182,9.481818182,8.842272727,7.956818182,9.057272727,4.345909091,7.287272727,5.600454545,7.794545455
352,10.96181818,8.57,4.723636364,7.740909091,8.69,7.998181818,7.17,8.165909091,3.862727273,6.774090909,5.400454545,7.357727273
354,10.17727273,8.069545455,4.309090909,6.963636364,8.018181818,7.335,6.51,7.384090909,3.725454545,6.432272727,5.271818182,7.079090909
356,9.375454545,7.543636364,3.872272727,6.093181818,7.216363636,6.417727273,5.795909091,6.478181818,3.459545455,6.068181818,5.171363636,6.661818182
358,8.722727273,7.150454545,3.515,5.620454545,6.601363636,5.877727273,5.477727273,5.818181818,3.260909091,5.61,4.934090909,6.203636364
360,7.973636364,6.516818182,2.87,4.881363636,5.852727273,5.524090909,4.924090909,5.106818182,3,5.104545455,4.593181818,5.738636364
362,7.415454545,5.985,2.372727273,4.418181818,5.324090909,5.260454545,4.540454545,4.738636364,2.891363636,4.789545455,4.240454545,5.524090909
364,6.883181818,5.57,1.921363636,4.108181818,4.899090909,4.909090909,4.172272727,4.438181818,2.630454545,4.575454545,3.974545455,5.104090909
366,6.336363636,5.198181818,1.356363636,3.782272727,4.613636364,4.464545455,3.658636364,3.906363636,2.273181818,4.249545455,3.652272727,4.514545455
368,6.065909091,4.921818182,0.982272727,3.445,4.501363636,4.108181818,3.210909091,3.51,1.946818182,4.008636364,3.526363636,4.291363636
370,5.688636364,4.655454545,0.707272727,3.103636364,4.392727273,3.650454545,2.768636364,3.100454545,1.670909091,3.683181818,3.404545455,4.258181818
372,5.337727273,4.511818182,0.596363636,2.828181818,4.252272727,3.247272727,2.444545455,2.803636364,1.590454545,3.49,3.344090909,4.150454545
374,5.104782609,4.279130435,0.447391304,2.495652174,4.050434783,2.868695652,2.145217391,2.510869565,1.62826087,3.376956522,3.263043478,3.972608696
376,4.925909091,3.954545455,0.290909091,2.172272727,3.752272727,2.567272727,1.936363636,2.260454545,1.628636364,3.304545455,3.21,3.776818182
378,4.760454545,3.706818182,0.102727273,1.949090909,3.54,2.334090909,1.8,2.021818182,1.625,3.201363636,3.043181818,3.635909091
380,4.465,3.440454545,-0.165,1.671818182,3.316818182,2.094545455,1.610454545,1.726363636,1.511818182,3.035454545,2.786818182,3.495454545
382,4.229090909,3.282272727,-0.387272727,1.461818182,3.21,1.946818182,1.441363636,1.498181818,1.332272727,2.885454545,2.542272727,3.357727273
384,3.960909091,3.053636364,-0.574090909,1.231818182,3.018636364,1.829545455,1.217272727,1.239545455,1.133181818,2.667727273,2.253181818,3.284545455
386,3.78,2.923181818,-0.674090909,1.084090909,2.911363636,1.759545455,1.066363636,1.118181818,1.042272727,2.545909091,2.053636364,3.269545455
388,3.653043478,2.796956522,-0.739565217,0.966521739,2.807391304,1.692608696,0.970869565,1.085652174,0.999130435,2.463043478,1.964347826,3.170869565
390,3.547727273,2.657727273,-0.780454545,0.877727273,2.667272727,1.625,0.908181818,1.107727273,0.991818182,2.408181818,1.901818182,3.012727273
392,3.438695652,2.540869565,-0.785217391,0.812608696,2.527826087,1.568695652,0.86826087,1.103043478,0.975217391,2.415652174,1.893913043,2.880434783
394,3.338636364,2.490454545,-0.805909091,0.743636364,2.461363636,1.489545455,0.854545455,1.071818182,0.922727273,2.396363636,1.873636364,2.731363636
396,3.279090909,2.471363636,-0.824545455,0.698181818,2.410909091,1.377727273,0.833181818,1.001818182,0.885454545,2.316818182,1.834545455,2.635
398,3.242727273,2.403181818,-0.857727273,0.640909091,2.316363636,1.254545455,0.778181818,0.894545455,0.871363636,2.216818182,1.752272727,2.619090909
400,3.235,2.356363636,-0.894545455,0.608636364,2.279545455,1.203181818,0.735454545,0.835909091,0.845454545,2.155909091,1.687727273,2.631818182
402,3.236363636,2.317727273,-0.964545455,0.561363636,2.256363636,1.192727273,0.684545455,0.773181818,0.81,2.039090909,1.635454545,2.606363636
404,3.224545455,2.300454545,-1.013181818,0.54,2.243636364,1.215909091,0.655909091,0.735,0.791818182,1.965,1.611363636,2.555454545
406,3.22826087,2.27,-1.032608696,0.514347826,2.250434783,1.257826087,0.65173913,0.74,0.743913043,1.908695652,1.589130435,2.49173913
408,3.232727273,2.249545455,-1.017727273,0.505454545,2.279090909,1.302272727,0.674090909,0.783181818,0.674545455,1.876818182,1.565909091,2.399545455
410,3.257826087,2.259565217,-0.995217391,0.492608696,2.33,1.316086957,0.716956522,0.82,0.643913043,1.893043478,1.542173913,2.328695652
412,3.293636364,2.275,-0.973181818,0.479090909,2.391818182,1.332272727,0.780909091,0.860454545,0.619090909,1.911363636,1.5,2.291818182
414,3.343043478,2.309565217,-0.948695652,0.47173913,2.454347826,1.389565217,0.854782609,0.905652174,0.603478261,1.916086957,1.496086957,2.306956522
416,3.397272727,2.362272727,-0.930454545,0.479545455,2.525454545,1.498181818,0.938636364,0.96,0.601818182,1.904545455,1.499090909,2.333181818
418,3.458695652,2.447391304,-0.915652174,0.504782609,2.617826087,1.652173913,1.030434783,1.017826087,0.607826087,1.853043478,1.502608696,2.347391304
420,3.528181818,2.531363636,-0.881818182,0.539545455,2.718181818,1.801818182,1.134545455,1.104090909,0.613181818,1.776818182,1.507727273,2.343181818
422,3.619565217,2.620869565,-0.823478261,0.593478261,2.84173913,1.926521739,1.265217391,1.233913043,0.617391304,1.739130435,1.545652174,2.318695652
424,3.721818182,2.703636364,-0.759545455,0.657727273,2.964090909,2.052727273,1.415,1.394090909,0.629545455,1.721818182,1.557727273,2.281818182
426,3.836818182,2.775454545,-0.71,0.711363636,3.076363636,2.156363636,1.542727273,1.533181818,0.634545455,1.732727273,1.561818182,2.253636364
428,4.009545455,2.885454545,-0.642272727,0.776363636,3.236363636,2.284545455,1.701818182,1.710454545,0.662272727,1.763636364,1.575,2.243181818
430,4.158181818,2.985454545,-0.592727273,0.833181818,3.372272727,2.416363636,1.832727273,1.843636364,0.68,1.792272727,1.594545455,2.231818182
432,4.335454545,3.124090909,-0.534090909,0.912727273,3.555,2.629545455,2.000909091,2.014090909,0.683181818,1.812727273,1.604090909,2.209090909
434,4.467727273,3.235454545,-0.491363636,0.973181818,3.711363636,2.807727273,2.133636364,2.151818182,0.666363636,1.818181818,1.606818182,2.193636364
436,4.61173913,3.372173913,-0.433478261,1.042173913,3.915217391,3.006521739,2.302608696,2.328695652,0.644782609,1.81173913,1.590869565,2.196521739
438,4.750454545,3.502727273,-0.374545455,1.110909091,4.127727273,3.218636364,2.495,2.515454545,0.61,1.797272727,1.585454545,2.201818182
440,4.88173913,3.643043478,-0.302608696,1.186521739,4.359130435,3.443913043,2.714347826,2.725217391,0.61173913,1.793478261,1.602173913,2.23173913
442,5.017727273,3.79,-0.217727273,1.275454545,4.588636364,3.665909091,2.947727273,2.952272727,0.64,1.799090909,1.635,2.261363636
444,5.174347826,3.948695652,-0.126956522,1.36826087,4.82826087,3.906521739,3.190434783,3.190869565,0.686956522,1.812173913,1.687826087,2.304782609
446,5.346818182,4.105,-0.035909091,1.459545455,5.068636364,4.161818182,3.437727273,3.435,0.739090909,1.835454545,1.755454545,2.347727273
448,5.535217391,4.258695652,0.047826087,1.55,5.306956522,4.416086957,3.67826087,3.67826087,0.790869565,1.867391304,1.805217391,2.396086957
450,5.727727273,4.405454545,0.126818182,1.64,5.539545455,4.660454545,3.914545455,3.921818182,0.832272727,1.898181818,1.85,2.432727273
452,5.915217391,4.549565217,0.202173913,1.72,5.775217391,4.91,4.149565217,4.162173913,0.86826087,1.94,1.893913043,2.463478261
454,6.096363636,4.693636364,0.283181818,1.807727273,6.021363636,5.168636364,4.397272727,4.411363636,0.915,2,1.951363636,2.484545455
456,6.273913043,4.85,0.370869565,1.900434783,6.282173913,5.43,4.657826087,4.660869565,0.964782609,2.071304348,2.023913043,2.513043478
458,6.475652174,5.026086957,0.473478261,2.007391304,6.57173913,5.73,4.946521739,4.947391304,1.016956522,2.140869565,2.105217391,2.552608696
460,6.635217391,5.18,0.56,2.100434783,6.813913043,5.976086957,5.180434783,5.179565217,1.055652174,2.192608696,2.176956522,2.60173913
462,6.842173913,5.37,0.667826087,2.221304348,7.122608696,6.283043478,5.475652174,5.475652174,1.107826087,2.265217391,2.27826087,2.67826087
464,7.017826087,5.51826087,0.752173913,2.317391304,7.367826087,6.527826087,5.710869565,5.713043478,1.140869565,2.320434783,2.350869565,2.746956522
466,7.234347826,5.697826087,0.860869565,2.437391304,7.671304348,6.842173913,6.004347826,6.015652174,1.184782609,2.380434783,2.430434783,2.821304348
468,7.423636364,5.866818182,0.962272727,2.547272727,7.952272727,7.127272727,6.277272727,6.288636364,1.237272727,2.441363636,2.513181818,2.889545455
470,7.619565217,6.034782609,1.072608696,2.65826087,8.232173913,7.413043478,6.557826087,6.566521739,1.305652174,2.513043478,2.596521739,2.963478261
472,7.818181818,6.204090909,1.185,2.775909091,8.513636364,7.699545455,6.833181818,6.842272727,1.378181818,2.580909091,2.676363636,3.037727273
474,8.026956522,6.376956522,1.303913043,2.900869565,8.799565217,7.984347826,7.108695652,7.123043478,1.455217391,2.647826087,2.764782609,3.112173913
476,8.245454545,6.560454545,1.427272727,3.032272727,9.089545455,8.269545455,7.39,7.408181818,1.532727273,2.729090909,2.859545455,3.191363636
478,8.476956522,6.759565217,1.56173913,3.176086957,9.393043478,8.563043478,7.680434783,7.700869565,1.616956522,2.830869565,2.973478261,3.277826087
480,8.720454545,6.969090909,1.705909091,3.332272727,9.705,8.869090909,7.975454545,8.004090909,1.708181818,2.938636364,3.095454545,3.37
482,8.990869565,7.196086957,1.872173913,3.509130435,10.03,9.195217391,8.295217391,8.329130435,1.803913043,3.052173913,3.229565217,3.477826087
484,9.280909091,7.443181818,2.055,3.706363636,10.36227273,9.535909091,8.63,8.665909091,1.904545455,3.174545455,3.372272727,3.595454545
486,9.61,7.724782609,2.266521739,3.940869565,10.71391304,9.897826087,8.979130435,9.015652174,2.017826087,3.296521739,3.524782609,3.730869565
488,10.02695652,8.076956522,2.535652174,4.242173913,11.11956522,10.3173913,9.374782609,9.418695652,2.145652174,3.44,3.7,3.887826087
490,10.4073913,8.394347826,2.782173913,4.519565217,11.46086957,10.66521739,9.703043478,9.752173913,2.250434783,3.562173913,3.846086957,4.021304348
492,10.94869565,8.846521739,3.134782609,4.917826087,11.90652174,11.11608696,10.13,10.18652174,2.392608696,3.727826087,4.036521739,4.193913043
494,11.43913043,9.254782609,3.459130435,5.282608696,12.28304348,11.49130435,10.48913043,10.54826087,2.516086957,3.872173913,4.200869565,4.336956522
496,12.12695652,9.825217391,3.923913043,5.806956522,12.77217391,11.98478261,10.96608696,11.02956522,2.674782609,4.065217391,4.422608696,4.524347826
498,12.81545455,10.39272727,4.396363636,6.34,13.23318182,12.45409091,11.42363636,11.48818182,2.825,4.25,4.630454545,4.71
500,13.59695652,11.03304348,4.937826087,6.952173913,13.72304348,12.95782609,11.91608696,11.97652174,2.985652174,4.45173913,4.853043478,4.916521739
502,14.54608696,11.80956522,5.600434783,7.702608696,14.29826087,13.54782609,12.49434783,12.54391304,3.173043478,4.689130435,5.118695652,5.155652174
504,15.37173913,12.4826087,6.181304348,8.362173913,14.78217391,14.0473913,12.98217391,13.02304348,3.330869565,4.887391304,5.338695652,5.35173913
506,16.48391304,13.38391304,6.966086957,9.256521739,15.42173913,14.70913043,13.62391304,13.65304348,3.536086957,5.142173913,5.620434783,5.607826087
508,17.4326087,14.14826087,7.636521739,10.01913043,15.95869565,15.26782609,14.16217391,14.18478261,3.703478261,5.35,5.852608696,5.819130435
510,18.6726087,15.15130435,8.52,11.02391304,16.65565217,15.99913043,14.86695652,14.88217391,3.916956522,5.616086957,6.146086957,6.085217391
512,19.82409091,16.08681818,9.349545455,11.97136364,17.30727273,16.68772727,15.52818182,15.53863636,4.113636364,5.859545455,6.406363636,6.332272727
514,21.00521739,17.05086957,10.2073913,12.95565217,17.98782609,17.40695652,16.21869565,16.22391304,4.313043478,6.108695652,6.67,6.589565217
516,22.33391304,18.12913043,11.17652174,14.06434783,18.76391304,18.22391304,17.00652174,17.00608696,4.543913043,6.396521739,6.974347826,6.883043478
518,23.39217391,18.99043478,11.9573913,14.95956522,19.3973913,18.89043478,17.6526087,17.64347826,4.737391304,6.632173913,7.222173913,7.125217391
520,24.69913043,20.05434783,12.92826087,16.07434783,20.20217391,19.73608696,18.47347826,18.45565217,4.987391304,6.930869565,7.536956522,7.432173913
522,25.72043478,20.8873913,13.69391304,16.95,20.85130435,20.42217391,19.13652174,19.11304348,5.19,7.171304348,7.793478261,7.677391304
524,26.95217391,21.8926087,14.62,18.00956522,21.66782609,21.28043478,19.9673913,19.93869565,5.450869565,7.470434783,8.115652174,7.99173913
526,28.11956522,22.85434783,15.50173913,19.02086957,22.48043478,22.13217391,20.79565217,20.76043478,5.715652174,7.764347826,8.436956522,8.306521739
528,29.00478261,23.58478261,16.17217391,19.78869565,23.12434783,22.80086957,21.45347826,21.41304348,5.927391304,7.997391304,8.690434783,8.547826087
530,30.0426087,24.43782609,16.96043478,20.68782609,23.91652174,23.62173913,22.26347826,22.21217391,6.193913043,8.286956522,8.996521739,8.847391304
532,30.81826087,25.06956522,17.54391304,21.35347826,24.53695652,24.2626087,22.89695652,22.83434783,6.406956522,8.515217391,9.231304348,9.085652174
534,31.71086957,25.79695652,18.21565217,22.11956522,25.28391304,25.03826087,23.67086957,23.59217391,6.665652174,8.795217391,9.516521739,9.374347826
536,32.51652174,26.45347826,18.82304348,22.81391304,25.99913043,25.78652174,24.42695652,24.33391304,6.916086957,9.063478261,9.785217391,9.650869565
538,33.09347826,26.92826087,19.25608696,23.31391304,26.54782609,26.3673913,25.01173913,24.90913043,7.116086957,9.27,9.991304348,9.86173913
540,33.7326087,27.45608696,19.73086957,23.86913043,27.20217391,27.06608696,25.71695652,25.60217391,7.365652174,9.512173913,10.2426087,10.11347826
542,34.17869565,27.82913043,20.06304348,24.25782609,27.69565217,27.59565217,26.26347826,26.13782609,7.563043478,9.697391304,10.43869565,10.3073913
544,34.66217391,28.24173913,20.42478261,24.67956522,28.28043478,28.22217391,26.91956522,26.78304348,7.812608696,9.922173913,10.67478261,10.5373913
546,35.06565217,28.59826087,20.73434783,25.03695652,28.83173913,28.80913043,27.5426087,27.39608696,8.07,10.14434783,10.90913043,10.76173913
548,35.34086957,28.84608696,20.95478261,25.29,29.24913043,29.25086957,28.02826087,27.87086957,8.276521739,10.31782609,11.09304348,10.95043478
550,35.63565217,29.12217391,21.21086957,25.58565217,29.74521739,29.77043478,28.63782609,28.46608696,8.543043478,10.54391304,11.33130435,11.19304348
552,35.85333333,29.345,21.43666667,25.85125,30.17208333,30.21625,29.20375,29.02041667,8.804583333,10.75958333,11.56416667,11.42125
554,36.03173913,29.54695652,21.66,26.11652174,30.58521739,30.64782609,29.78043478,29.58869565,9.08,10.97956522,11.80565217,11.66173913
556,36.17130435,29.73869565,21.89173913,26.39826087,31.02,31.09652174,30.4326087,30.22956522,9.4,11.23217391,12.07826087,11.93869565
558,36.24208333,29.87416667,22.055,26.5975,31.375,31.46041667,30.99166667,30.77541667,9.692083333,11.44833333,12.31416667,12.16458333
560,36.27,29.97304348,22.16869565,26.73565217,31.69652174,31.7926087,31.50304348,31.27521739,9.972608696,11.63956522,12.52695652,12.35913043
562,36.23217391,30.00956522,22.18130435,26.75869565,31.99565217,32.10478261,31.96130435,31.71913043,10.24521739,11.79304348,12.7,12.51695652
564,36.16173913,29.98956522,22.11130435,26.68478261,32.19521739,32.32173913,32.25217391,31.99173913,10.4273913,11.87347826,12.79217391,12.59695652
566,36.02608696,29.90565217,21.9373913,26.49086957,32.40391304,32.56304348,32.54130435,32.25608696,10.61521739,11.92478261,12.85608696,12.64478261
568,35.8326087,29.76434783,21.68782609,26.21,32.58826087,32.78391304,32.77521739,32.47086957,10.77043478,11.93391304,12.87826087,12.65695652
570,35.64478261,29.62173913,21.45173913,25.94304348,32.73217391,32.95521739,32.95130435,32.63,10.88173913,11.92434783,12.88043478,12.65782609
572,35.37173913,29.41869565,21.13130435,25.57913043,32.91173913,33.16347826,33.17652174,32.82695652,11.02130435,11.91217391,12.88478261,12.65217391
574,35.09041667,29.21541667,20.8175,25.22083333,33.06541667,33.33458333,33.37583333,33.00166667,11.15333333,11.90166667,12.89083333,12.64
576,34.78826087,28.99391304,20.48521739,24.84,33.20347826,33.49391304,33.56217391,33.16478261,11.28695652,11.88565217,12.89391304,12.62304348
578,34.42913043,28.73086957,20.09521739,24.39391304,33.32608696,33.64130435,33.74304348,33.31478261,11.43826087,11.86695652,12.8973913,12.60217391
580,34.08791667,28.48541667,19.73041667,23.98041667,33.3925,33.72958333,33.85916667,33.39916667,11.57458333,11.85041667,12.90375,12.58333333
582,33.74434783,28.23434783,19.35869565,23.55869565,33.41652174,33.78130435,33.93130435,33.44695652,11.70956522,11.83043478,12.90782609,12.56434783
584,33.36173913,27.94565217,18.9373913,23.08130435,33.37043478,33.77521739,33.93347826,33.42130435,11.85956522,11.80391304,12.91130435,12.54478261
586,33.0175,27.68833333,18.55916667,22.65416667,33.26,33.69666667,33.85666667,33.31666667,11.9975,11.77958333,12.91875,12.52833333
588,32.67782609,27.43521739,18.18478261,22.23130435,33.08913043,33.55826087,33.7173913,33.14956522,12.13391304,11.75826087,12.93217391,12.51217391
590,32.3126087,27.15652174,17.77652174,21.76826087,32.79521739,33.30608696,33.4573913,32.86086957,12.28173913,11.7326087,12.94652174,12.49826087
592,31.98958333,26.9125,17.41833333,21.35875,32.4375,32.97833333,33.12375,32.49458333,12.40541667,11.70625,12.95541667,12.48833333
594,31.67130435,26.67347826,17.06478261,20.95652174,32.01478261,32.5773913,32.71608696,32.05565217,12.52652174,11.67652174,12.96173913,12.47130435
596,31.32913043,26.41304348,16.67608696,20.51565217,31.43304348,32.02043478,32.14217391,31.45086957,12.65478261,11.63347826,12.95608696,12.43695652
598,31.02583333,26.17625,16.32583333,20.12083333,30.81791667,31.42833333,31.52083333,30.805,12.75166667,11.57125,12.925,12.37833333
600,30.68541667,25.91333333,15.93666667,19.68333333,30.06625,30.69958333,30.75583333,30.01,12.84541667,11.48041667,12.87,12.27666667
602,30.38347826,25.67652174,15.58695652,19.29173913,29.34086957,29.99956522,30.01695652,29.24565217,12.92608696,11.38043478,12.80521739,12.15521739
604,30.08291667,25.44583333,15.2425,18.90458333,28.58583333,29.27625,29.2575,28.4625,12.99708333,11.26333333,12.725,12.02
606,29.75,25.20291667,14.87625,18.49333333,27.76958333,28.48958333,28.45,27.62916667,13.08208333,11.12958333,12.63458333,11.87458333
608,29.4573913,25.00608696,14.57130435,18.1526087,27.09521739,27.82956522,27.80434783,26.95956522,13.1873913,11.02,12.5673913,11.75391304
610,29.14652174,24.83043478,14.27695652,17.83217391,26.48869565,27.2226087,27.26826087,26.39782609,13.35826087,10.92695652,12.53173913,11.66391304
612,28.86708333,24.71875,14.05375,17.59791667,26.12708333,26.845,27.00333333,26.10791667,13.56583333,10.87791667,12.5475,11.63416667
614,28.55208333,24.62541667,13.83541667,17.37083333,25.92083333,26.61416667,26.92458333,25.99583333,13.84208333,10.8575,12.60458333,11.63583333
616,28.26304348,24.55826087,13.64695652,17.18086957,25.91130435,26.57652174,27.0426087,26.08130435,14.1173913,10.86304348,12.68130435,11.64913043
618,27.95458333,24.47291667,13.42625,16.95541667,26.0775,26.7275,27.33208333,26.33958333,14.37416667,10.86,12.75041667,11.65333333
620,27.58291667,24.32333333,13.12166667,16.6275,26.36083333,27.00708333,27.73208333,26.7125,14.60708333,10.81625,12.77916667,11.61416667
622,27.22043478,24.1173913,12.7826087,16.25304348,26.67173913,27.32217391,28.12173913,27.08304348,14.75173913,10.73173913,12.74913043,11.52956522
624,26.78608696,23.77782609,12.3073913,15.72086957,27.02304348,27.68,28.52086957,27.47,14.80478261,10.56347826,12.63043478,11.36086957
626,26.37291667,23.38541667,11.81208333,15.15708333,27.29833333,27.96083333,28.79916667,27.74458333,14.77375,10.36583333,12.47458333,11.16541667
628,25.90458333,22.905,11.22958333,14.49125,27.54208333,28.21291667,29.01875,27.96458333,14.70625,10.13916667,12.29083333,10.94166667
630,25.48652174,22.45347826,10.69782609,13.88565217,27.69086957,28.37347826,29.12608696,28.07347826,14.63391304,9.956086957,12.14391304,10.76304348
632,25.1,22.02458333,10.1925,13.31458333,27.73208333,28.43375,29.10958333,28.05916667,14.60375,9.844583333,12.06208333,10.64833333
634,24.71916667,21.59833333,9.679583333,12.74,27.6675,28.38708333,28.96583333,27.9175,14.64041667,9.811666667,12.06166667,10.60375
636,24.41083333,21.24791667,9.24125,12.25208333,27.4525,28.19166667,28.66458333,27.6175,14.76083333,9.88875,12.17458333,10.67541667
638,24.19434783,20.99608696,8.913913043,11.88913043,27.13478261,27.89043478,28.26347826,27.2173913,14.94,10.05347826,12.37391304,10.83826087
640,24.06458333,20.8275,8.67375,11.6275,26.66083333,27.42666667,27.69666667,26.65416667,15.21708333,10.34833333,12.69916667,11.12916667
642,24.00125,20.71625,8.480833333,11.42291667,25.99916667,26.76958333,26.92416667,25.88541667,15.59541667,10.78458333,13.17,11.57291667
644,24.0225,20.68458333,8.370833333,11.31375,25.18416667,25.95958333,25.99583333,24.95875,16.0475,11.33291667,13.76083333,12.15291667
646,24.1026087,20.7126087,8.330869565,11.28652174,24.34608696,25.12521739,25.05391304,24.01521739,16.51956522,11.92,14.38782609,12.77695652
648,24.25958333,20.80916667,8.3575,11.33833333,23.40083333,24.18,24.00208333,22.95708333,17.06375,12.62083333,15.11791667,13.51833333
650,24.49916667,20.97333333,8.444166667,11.46125,22.27916667,23.05083333,22.75458333,21.70375,17.72125,13.49333333,16.01416667,14.43416667
652,24.80666667,21.1975,8.595833333,11.66125,21.09833333,21.855,21.445,20.3925,18.43625,14.46916667,17.00375,15.4375
654,25.13869565,21.44478261,8.781304348,11.89826087,20.01304348,20.75217391,20.24826087,19.19652174,19.11782609,15.42,17.9573913,16.40478261
656,25.54416667,21.75166667,9.0325,12.21041667,18.935,19.6575,19.06583333,18.02333333,19.82291667,16.44375,18.96541667,17.44416667
658,26.07375,22.15625,9.377083333,12.63083333,17.7825,18.48333333,17.80041667,16.77166667,20.62208333,17.63166667,20.13166667,18.64791667
660,26.70708333,22.64458333,9.80625,13.15,16.71708333,17.39375,16.63416667,15.615,21.4325,18.86166667,21.335,19.90166667
662,27.37347826,23.15913043,10.27043478,13.70478261,15.85304348,16.5126087,15.69173913,14.67956522,22.16347826,19.99652174,22.42956522,21.06652174
664,28.18291667,23.78916667,10.85166667,14.39458333,15.15208333,15.79916667,14.92041667,13.91625,22.88916667,21.15416667,23.52166667,22.2525
666,29.23291667,24.61791667,11.62208333,15.30166667,14.55291667,15.18375,14.25166667,13.25208333,23.68583333,22.4425,24.7275,23.57166667
668,30.4825,25.60833333,12.55708333,16.39875,14.18791667,14.80875,13.83416667,12.83708333,24.4675,23.72833333,25.91583333,24.88875
670,31.95875,26.78083333,13.67958333,17.70958333,14.09125,14.71666667,13.70083333,12.71,25.22583333,24.99875,27.07458333,26.18666667
672,33.31791667,27.86333333,14.72416667,18.92541667,14.23,14.86916667,13.82083333,12.835,25.81,25.98875,27.97208333,27.1975
674,35.2525,29.40583333,16.22208333,20.66375,14.69916667,15.36416667,14.28166667,13.29416667,26.50458333,27.1875,29.04541667,28.42
676,37.45583333,31.16083333,17.94166667,22.64958333,15.52458333,16.22916667,15.11833333,14.12125,27.16458333,28.34,30.06541667,29.59208333
678,39.91083333,33.12125,19.87958333,24.87458333,16.73541667,17.49166667,16.35125,15.34083333,27.78541667,29.43375,31.02375,30.70166667
680,42.59333333,35.27625,22.01666667,27.31916667,18.34583333,19.15916667,17.98875,16.9625,28.36083333,30.46583333,31.91583333,31.74083333
682,44.885,37.12125,23.84958333,29.41083333,19.91625,20.77625,19.58666667,18.54666667,28.79125,31.24333333,32.57833333,32.52
684,47.89708333,39.54708333,26.27083333,32.16166667,22.21333333,23.1375,21.92291667,20.86708333,29.2975,32.15416667,33.34875,33.43041667
686,51.02416667,42.06458333,28.79083333,35.01416667,24.84791667,25.835,24.58208333,23.51875,29.75625,32.995,34.04916667,34.26958333
688,54.22208333,44.63875,31.36,37.92,27.7575,28.79791667,27.495,26.42916667,30.165,33.76458333,34.68125,35.04333333
690,57.44208333,47.225,33.935,40.82958333,30.84958333,31.93916667,30.57583333,29.51083333,30.53416667,34.47041667,35.25083333,35.75166667
692,59.99333333,49.27333333,35.97208333,43.1275,33.39833333,34.52125,33.09333333,32.03375,30.80416667,34.99083333,35.67041667,36.26958333
694,63.12,51.78166667,38.45583333,45.9275,36.60541667,37.75666667,36.23083333,35.18541667,31.11416667,35.59208333,36.15625,36.86666667
696,66.14416667,54.20125,40.8475,48.62541667,39.75416667,40.92708333,39.29291667,38.2675,31.40541667,36.14833333,36.60625,37.42125
698,69.02958333,56.50708333,43.13,51.19916667,42.77541667,43.96708333,42.21875,41.21833333,31.68833333,36.67416667,37.02916667,37.94375
700,71.75291667,58.67875,45.28666667,53.6275,45.62583333,46.82708333,44.96416667,43.9925,31.96333333,37.16708333,37.43083333,38.44125
702,74.0376,60.4988,47.0988,55.6616,47.9984,49.202,47.2416,46.2968,32.2052,37.582,37.7756,38.868
704,76.20375,62.22291667,48.81958333,57.59416667,50.22791667,51.43208333,49.3775,48.46041667,32.44208333,37.98416667,38.10875,39.28
706,78.415,63.98833333,50.57875,59.57333333,52.46375,53.66666667,51.51875,50.625,32.70083333,38.41416667,38.46583333,39.71333333
708,80.44208333,65.60666667,52.18833333,61.38458333,54.47,55.67083333,53.43916667,52.56833333,32.95125,38.8275,38.80541667,40.12958333
710,82.29625,67.08375,53.66208333,63.03458333,56.2625,57.45791667,55.14458333,54.29875,33.19041667,39.22083333,39.12708333,40.53333333
712,83.98333333,68.4325,55.00666667,64.53416667,57.85083333,59.04708333,56.65416667,55.82916667,33.42291667,39.61,39.44,40.92333333
714,85.3492,69.528,56.0964,65.7476,59.1012,60.306,57.8444,57.0352,33.6304,39.9528,39.7176,41.2636
716,86.7432,70.64,57.2024,66.9848,60.3444,61.5528,59.0224,58.2372,33.8576,40.3172,40.0248,41.6312
718,87.89125,71.55583333,58.1175,68.00833333,61.34083333,62.55291667,59.96166667,59.19666667,34.06083333,40.63375,40.29666667,41.9475
720,89.03583333,72.46708333,59.02291667,69.0225,62.29458333,63.51625,60.86041667,60.11666667,34.28791667,40.97666667,40.58666667,42.28375
722,90.07375,73.28791667,59.83458333,69.935,63.12166667,64.34625,61.63375,60.91666667,34.51125,41.29875,40.86333333,42.61666667
724,91.01375,74.03333333,60.56666667,70.75708333,63.83833333,65.06625,62.30041667,61.61416667,34.72625,41.605,41.13166667,42.93875
726,91.85958333,74.70208333,61.22958333,71.49125,64.45875,65.69666667,62.87625,62.21791667,34.93875,41.90666667,41.39041667,43.2525
728,92.5508,75.2428,61.7764,72.0852,64.9468,66.1872,63.3304,62.688,35.1364,42.1728,41.6228,43.5388
730,93.2508,75.8068,62.3524,72.7168,65.4384,66.6816,63.8008,63.1668,35.37,42.4788,41.8996,43.8744
732,93.8744,76.3284,62.9028,73.3196,65.8756,67.1268,64.2436,63.612,35.626,42.8112,42.2016,44.2248
734,94.3875,76.76416667,63.38166667,73.8375,66.23458333,67.48708333,64.62416667,63.98791667,35.87791667,43.13,42.48916667,44.55208333
736,94.90166667,77.21791667,63.89166667,74.38833333,66.58916667,67.84291667,65.01833333,64.37458333,36.17958333,43.50041667,42.82125,44.92708333
738,95.3525,77.62625,64.35916667,74.89916667,66.89708333,68.15708333,65.37125,64.72791667,36.475,43.86625,43.14833333,45.29083333
740,95.75791667,77.98541667,64.76875,75.33666667,67.15541667,68.41666667,65.66333333,65.02666667,36.74375,44.19666667,43.44291667,45.61041667
742,96.12958333,78.3025,65.10541667,75.69541667,67.36625,68.6325,65.88875,65.25541667,36.97416667,44.47375,43.69291667,45.88333333
744,96.438,78.5476,65.3448,75.9564,67.522,68.8036,66.0292,65.4016,37.1376,44.6744,43.8752,46.09
746,96.7548,78.788,65.5644,76.2004,67.6744,68.9732,66.146,65.5236,37.2844,44.8636,44.0468,46.2884
748,97.0548,79.018,65.744,76.4008,67.8068,69.1212,66.2336,65.6076,37.4112,45.0296,44.1956,46.4608
750,97.3392,79.236,65.9048,76.5868,67.9292,69.2556,66.3064,65.6716,37.5364,45.1908,44.3396,46.6288
752,97.6044,79.4312,66.0624,76.7736,68.0436,69.3788,66.3724,65.7272,37.662,45.3564,44.4884,46.7996
754,97.82666667,79.60666667,66.20208333,76.94166667,68.13791667,69.47458333,66.4325,65.77208333,37.77666667,45.5075,44.62333333,46.95791667
756,98.05583333,79.80333333,66.35708333,77.11625,68.23458333,69.57083333,66.49833333,65.81666667,37.91791667,45.68208333,44.7725,47.14208333
758,98.2725,79.98375,66.51666667,77.28291667,68.32166667,69.65958333,66.555,65.86125,38.06958333,45.86416667,44.9275,47.32541667
760,98.47083333,80.14791667,66.6775,77.4425,68.39583333,69.74083333,66.60083333,65.91458333,38.2125,46.04666667,45.08708333,47.50375
762,98.65416667,80.31416667,66.8225,77.58625,68.46041667,69.80875,66.64583333,65.97375,38.34833333,46.22875,45.24708333,47.68541667
764,98.8116,80.4492,66.9436,77.7008,68.5124,69.8636,66.6884,66.0268,38.4804,46.3896,45.4,47.8504
766,98.9844,80.5868,67.0804,77.8308,68.5668,69.9228,66.7308,66.0844,38.6316,46.5648,45.5736,48.024
768,99.1528,80.7244,67.2068,77.9624,68.6204,69.9788,66.772,66.1404,38.7716,46.7304,45.7364,48.1972
770,99.3124,80.8612,67.3136,78.0868,68.668,70.0348,66.82,66.1836,38.9088,46.892,45.8884,48.3712
772,99.4648,80.9876,67.4144,78.2052,68.7088,70.0932,66.8644,66.2188,39.0516,47.0516,46.0328,48.5384
774,99.6044,81.1088,67.5152,78.324,68.7464,70.142,66.9028,66.252,39.1908,47.206,46.172,48.698
776,99.7336,81.2256,67.6076,78.4384,68.7776,70.1788,66.9408,66.2844,39.3196,47.3572,46.3136,48.8592
778,99.8516,81.3336,67.698,78.5436,68.8004,70.2236,66.9788,66.3064,39.4496,47.5088,46.4572,49.0156
780,99.9668,81.4316,67.7916,78.6384,68.8208,70.2696,67.0144,66.3248,39.5844,47.658,46.6004,49.16
782,100.094,81.52,67.886,78.726,68.852,70.3052,67.0408,66.336,39.7128,47.7964,46.75,49.298
784,100.232,81.6104,67.9756,78.8096,68.8892,70.3512,67.0612,66.3452,39.8344,47.9292,46.894,49.4388
786,100.3572,81.7016,68.052,78.8872,68.9272,70.4,67.0772,66.3536,39.958,48.058,47.0324,49.5788
788,100.4628,81.7824,68.1236,78.9632,68.9628,70.4348,67.094,66.3696,40.0736,48.1888,47.1664,49.7136
790,100.5656,81.8568,68.1968,79.0388,68.9996,70.466,67.1136,66.3864,40.1848,48.322,47.2932,49.8484
792,100.6433333,81.92416667,68.26333333,79.11208333,69.02583333,70.50041667,67.13458333,66.40708333,40.29208333,48.44125,47.39875,49.97166667
794,100.7066667,81.9925,68.33333333,79.19416667,69.0425,70.525,67.15458333,66.43,40.40875,48.5725,47.51791667,50.10166667
796,100.7758333,82.05458333,68.40875,79.27083333,69.05583333,70.55583333,67.17416667,66.44833333,40.50916667,48.69791667,47.63458333,50.22625
798,100.8591667,82.12166667,68.47375,79.33541667,69.08583333,70.60166667,67.19416667,66.45958333,40.61833333,48.81,47.7475,50.35125
800,100.9341667,82.19416667,68.52833333,79.40083333,69.11958333,70.65541667,67.20625,66.46791667,40.73458333,48.91541667,47.86666667,50.47791667
802,101.0044,82.2612,68.5768,79.4536,69.1564,70.7136,67.2216,66.4828,40.8428,49.0116,47.982,50.5864
804,101.086,82.3224,68.6328,79.5068,69.2084,70.7912,67.2468,66.5036,40.9616,49.1152,48.0996,50.7
806,101.1632,82.3804,68.6796,79.5568,69.268,70.866,67.272,66.5236,41.0888,49.2176,48.2096,50.8092
808,101.2336,82.4468,68.7196,79.612,69.3144,70.9348,67.294,66.5488,41.2196,49.3264,48.334,50.9164
810,101.2928,82.5244,68.7632,79.674,69.3564,71.0008,67.3212,66.578,41.3512,49.44,48.4572,51.024
812,101.3376,82.6028,68.8096,79.7368,69.4016,71.0548,67.344,66.6032,41.4724,49.5588,48.5632,51.1388
814,101.3828,82.6844,68.8608,79.7836,69.4576,71.1016,67.3632,66.6312,41.5948,49.684,48.6708,51.2604
816,101.4324,82.7648,68.9132,79.8188,69.5176,71.1456,67.3868,66.6692,41.7188,49.8112,48.7836,51.3824
818,101.4796154,82.83846154,68.97076923,79.85038462,69.58769231,71.195,67.42115385,66.71692308,41.84153846,49.93230769,48.89923077,51.51884615
820,101.5246154,82.89615385,69.02730769,79.87884615,69.65153846,71.23576923,67.45192308,66.75769231,41.94230769,50.04192308,48.99923077,51.64692308
822,101.5823077,82.95038462,69.07538462,79.91153846,69.70269231,71.29076923,67.48923077,66.79307692,42.04384615,50.16269231,49.10269231,51.75923077
824,101.6438462,83.01,69.11730769,79.955,69.73730769,71.35076923,67.53461538,66.82769231,42.13961538,50.27884615,49.21230769,51.85384615
826,101.6953846,83.06576923,69.17076923,80.00269231,69.77653846,71.40576923,67.58461538,66.86384615,42.22269231,50.38769231,49.32846154,51.95576923
828,101.748,83.1252,69.2368,80.0588,69.8168,71.4636,67.6416,66.9036,42.318,50.5156,49.4528,52.0696
830,101.7884,83.1692,69.2892,80.092,69.8512,71.5196,67.694,66.9484,42.4088,50.6192,49.5628,52.1592
832,101.8232,83.2088,69.3424,80.1116,69.896,71.5616,67.7432,66.9984,42.4932,50.7036,49.6724,52.2544
834,101.8416,83.2512,69.3964,80.1352,69.9464,71.5968,67.7916,67.0476,42.5744,50.792,49.7784,52.3624
836,101.854,83.3,69.4428,80.1664,69.9844,71.642,67.8428,67.0936,42.672,50.8944,49.8752,52.4648
838,101.87,83.3496,69.4908,80.1956,70.0244,71.674,67.8852,67.132,42.772,50.9912,49.9604,52.558
840,101.892,83.3896,69.5448,80.2332,70.0648,71.6936,67.93,67.1704,42.8668,51.074,50.046,52.66
842,101.9084,83.4144,69.5992,80.2872,70.1048,71.7168,67.9804,67.2108,42.9652,51.1476,50.134,52.7676
844,101.94,83.4264,69.6508,80.3436,70.142,71.7436,68.03,67.2552,43.0632,51.2164,50.2184,52.878
846,101.9676,83.4352,69.702,80.3912,70.1724,71.7684,68.0772,67.2992,43.1504,51.2788,50.298,52.9788
848,101.9844,83.4448,69.7476,80.4376,70.1936,71.8112,68.136,67.3564,43.2284,51.35,50.3816,53.0692
850,102,83.4596,69.7808,80.486,70.2256,71.8556,68.198,67.422,43.3128,51.4308,50.4664,53.1564
852,102.0224,83.49,69.812,80.5284,70.2604,71.9088,68.2548,67.4824,43.3992,51.5164,50.552,53.2288
854,102.0326923,83.53846154,69.84653846,80.57038462,70.30346154,71.97192308,68.31038462,67.54,43.49115385,51.61038462,50.64423077,53.29
856,102.0484615,83.56615385,69.885,80.605,70.35307692,72.01730769,68.35346154,67.59538462,43.57307692,51.69346154,50.72538462,53.35384615
858,102.0803846,83.58230769,69.935,80.63807692,70.40615385,72.05192308,68.38653846,67.64153846,43.64615385,51.76230769,50.80230769,53.41807692
860,102.1203846,83.60538462,69.98615385,80.66769231,70.45384615,72.09384615,68.42038462,67.67692308,43.69692308,51.81923077,50.86961538,53.46884615
862,102.1426923,83.62576923,70.02461538,80.69653846,70.49769231,72.13,68.46230769,67.71807692,43.73461538,51.87538462,50.925,53.51769231
864,102.1576,83.636,70.0604,80.73,70.5472,72.1732,68.5148,67.764,43.78,51.9368,50.9748,53.5808
866,102.1604,83.6532,70.0808,80.7564,70.5892,72.2232,68.5676,67.8,43.8236,51.9908,51.0244,53.636
868,102.1564,83.67,70.0876,80.772,70.6324,72.2712,68.6232,67.832,43.8648,52.0368,51.074,53.6932
870,102.142,83.6808,70.0892,80.7872,70.67,72.3316,68.6716,67.8608,43.9092,52.0784,51.12,53.7484
872,102.1368,83.6856,70.1048,80.7968,70.71,72.3952,68.7132,67.8944,43.9476,52.1072,51.1648,53.8072
874,102.1457692,83.69307692,70.13730769,80.79346154,70.77038462,72.43730769,68.76384615,67.93730769,43.98961538,52.13884615,51.21230769,53.86038462
876,102.1653846,83.70538462,70.16346154,80.79115385,70.82846154,72.48038462,68.80153846,67.98,44.03384615,52.16384615,51.23384615,53.89269231
878,102.1803846,83.71576923,70.18192308,80.79076923,70.88423077,72.53846154,68.83461538,68.03346154,44.08,52.19346154,51.25192308,53.92423077
880,102.1896154,83.72730769,70.19730769,80.79115385,70.94576923,72.59076923,68.87423077,68.095,44.125,52.24038462,51.28423077,53.95769231
882,102.1853846,83.74653846,70.21192308,80.79076923,71.00576923,72.64038462,68.91461538,68.14576923,44.17923077,52.29769231,51.31461538,53.98730769
884,102.172,83.7572,70.2248,80.7928,71.0556,72.7032,68.9496,68.1908,44.2388,52.3456,51.344,54.0236
886,102.1516,83.7592,70.2344,80.804,71.0892,72.7616,68.9952,68.2264,44.2632,52.3832,51.3776,54.062
888,102.1353846,83.76923077,70.23730769,80.82576923,71.13538462,72.82307692,69.05153846,68.26769231,44.27961538,52.43846154,51.40923077,54.09846154
890,102.1065385,83.77307692,70.24923077,80.83269231,71.18538462,72.87807692,69.1,68.31615385,44.31038462,52.49,51.43807692,54.12
892,102.0669231,83.76923077,70.26115385,80.82076923,71.23653846,72.93,69.13846154,68.37653846,44.34192308,52.53538462,51.45884615,54.14038462
894,102.0138462,83.77153846,70.25884615,80.80461538,71.28923077,72.98153846,69.17153846,68.43961538,44.35807692,52.58038462,51.48115385,54.16615385
896,101.9615385,83.77730769,70.26269231,80.78807692,71.35538462,73.03692308,69.20384615,68.50769231,44.385,52.61153846,51.51961538,54.19423077
898,101.9128,83.7748,70.2796,80.77,71.4396,73.0916,69.2456,68.5836,44.4216,52.6404,51.568,54.2212
900,101.8848,83.77,70.29,80.7624,71.5056,73.1376,69.2972,68.6368,44.4452,52.6604,51.6048,54.2604
902,101.8565385,83.78115385,70.305,80.77423077,71.57346154,73.19961538,69.37615385,68.67884615,44.48192308,52.68,51.66346154,54.31884615
904,101.8365385,83.78730769,70.32346154,80.79230769,71.63307692,73.26346154,69.44730769,68.71961538,44.52192308,52.69692308,51.71653846,54.34846154
906,101.8234615,83.78423077,70.34038462,80.80192308,71.67,73.31884615,69.50692308,68.76384615,44.55423077,52.71846154,51.74038462,54.37076923
908,101.7869231,83.77653846,70.37115385,80.79923077,71.68423077,73.37192308,69.55769231,68.80692308,44.58846154,52.72384615,51.75653846,54.39384615
910,101.75,83.76192308,70.40153846,80.79923077,71.70423077,73.41384615,69.59115385,68.84076923,44.62230769,52.72769231,51.77961538,54.40384615
912,101.7492308,83.74192308,70.415,80.79846154,71.73076923,73.45576923,69.61730769,68.88769231,44.63461538,52.75769231,51.77884615,54.41576923
914,101.8026923,83.75076923,70.43038462,80.80038462,71.75192308,73.50384615,69.64923077,68.94038462,44.63730769,52.79038462,51.75846154,54.46038462
916,101.87,83.78384615,70.45346154,80.81961538,71.795,73.55884615,69.69615385,68.98615385,44.64230769,52.81730769,51.74884615,54.51230769
918,101.9438462,83.82730769,70.47153846,80.84615385,71.85730769,73.62076923,69.75115385,69.02961538,44.64961538,52.84769231,51.74461538,54.56846154
920,102.0123077,83.88384615,70.49307692,80.85961538,71.93192308,73.69153846,69.80807692,69.08846154,44.65692308,52.87884615,51.735,54.63884615
922,102.0892308,83.94884615,70.53961538,80.87153846,72.03307692,73.77346154,69.87807692,69.16769231,44.68346154,52.88769231,51.76269231,54.69961538
924,102.1111538,83.98115385,70.58538462,80.89538462,72.12192308,73.84,69.94423077,69.22807692,44.72038462,52.88692308,51.81538462,54.71769231
926,102.0865385,83.99615385,70.62076923,80.91153846,72.21884615,73.91,70.01846154,69.29653846,44.77115385,52.91230769,51.86,54.725
928,102.0503846,84.00807692,70.65,80.91730769,72.31730769,73.97884615,70.10269231,69.375,44.82730769,52.96423077,51.90230769,54.72846154
930,102.0273077,84.01807692,70.69269231,80.93423077,72.40653846,74.04730769,70.19730769,69.47269231,44.88846154,53.01538462,51.94576923,54.73346154
932,101.9692308,84.01653846,70.76038462,80.95692308,72.51153846,74.14923077,70.32538462,69.61115385,44.97115385,53.07269231,51.97230769,54.75884615
934,101.9203846,84.01230769,70.8,80.955,72.58,74.23538462,70.41461538,69.72846154,45.02730769,53.12076923,51.99846154,54.795
936,101.8903846,84.03038462,70.82,80.97115385,72.63807692,74.30653846,70.48038462,69.83346154,45.06653846,53.15307692,52.04923077,54.83769231
938,101.8576923,84.06461538,70.84884615,81.00192308,72.71538462,74.38346154,70.54192308,69.93153846,45.08423077,53.17269231,52.08346154,54.88423077
940,101.8388889,84.09,70.89296296,81.01925926,72.80037037,74.48407407,70.61222222,70.02037037,45.09333333,53.21074074,52.12148148,54.93259259
942,101.8330769,84.10961538,70.91346154,81.02538462,72.87884615,74.58653846,70.67461538,70.08730769,45.10961538,53.26076923,52.18538462,54.97423077
944,101.8242308,84.13076923,70.92576923,81.02923077,72.97076923,74.65923077,70.745,70.14884615,45.13038462,53.31961538,52.21269231,55.02038462
946,101.8211538,84.11692308,70.94961538,81.02730769,73.05,74.73423077,70.82307692,70.22653846,45.15230769,53.37653846,52.21,55.08384615
948,101.837037,84.08333333,70.97333333,81.02481481,73.13222222,74.79296296,70.9162963,70.31296296,45.1737037,53.39962963,52.22962963,55.14518519
950,101.8134615,84.08538462,70.99115385,81.04038462,73.22884615,74.83307692,71.00115385,70.38461538,45.17807692,53.40961538,52.24653846,55.20346154
952,101.7507692,84.10346154,71.01230769,81.08576923,73.30461538,74.885,71.06423077,70.45192308,45.15653846,53.40730769,52.24384615,55.23615385
954,101.6881481,84.12481481,71.03518519,81.11259259,73.35851852,74.97333333,71.12481481,70.53666667,45.14444444,53.39444444,52.23592593,55.25296296
956,101.6455556,84.16111111,71.0637037,81.09518519,73.41111111,75.03740741,71.19481481,70.60962963,45.13037037,53.38814815,52.21296296,55.23481481
958,101.5973077,84.19846154,71.09769231,81.08269231,73.45730769,75.12730769,71.25730769,70.67269231,45.11961538,53.40884615,52.18384615,55.20192308
960,101.5861538,84.21307692,71.115,81.06961538,73.51115385,75.205,71.30346154,70.73076923,45.13153846,53.41769231,52.15576923,55.18269231
962,101.5985185,84.20777778,71.14259259,81.02444444,73.58555556,75.20666667,71.36037037,70.78592593,45.15925926,53.41851852,52.12037037,55.19962963
964,101.6007692,84.17269231,71.17538462,80.99,73.65846154,75.20538462,71.42961538,70.81538462,45.175,53.41884615,52.09230769,55.21307692
966,101.5957692,84.13038462,71.19230769,80.99884615,73.72384615,75.24538462,71.48192308,70.84576923,45.18769231,53.40807692,52.09076923,55.23384615
968,101.6022222,84.10444444,71.17925926,81.01185185,73.77962963,75.28185185,71.52555556,70.90111111,45.2262963,53.42074074,52.09185185,55.26777778
970,101.5951852,84.07037037,71.16481481,81.00851852,73.82259259,75.32296296,71.56518519,70.96481481,45.25444444,53.44518519,52.08777778,55.28814815
972,101.5838462,84.05692308,71.15538462,80.99269231,73.86307692,75.42923077,71.62230769,71.04230769,45.24230769,53.45,52.09153846,55.28961538
974,101.5566667,84.09814815,71.16037037,80.97481481,73.88925926,75.51333333,71.66740741,71.11296296,45.22111111,53.42555556,52.12555556,55.28444444
976,101.5181481,84.11333333,71.14333333,80.95333333,73.92,75.54703704,71.70666667,71.14259259,45.21333333,53.43148148,52.14925926,55.29962963
978,101.4669231,84.10807692,71.13923077,80.92230769,73.97269231,75.60846154,71.74730769,71.17423077,45.18846154,53.44423077,52.14846154,55.31884615
980,101.4588889,84.08148148,71.16740741,80.88777778,74.00407407,75.67222222,71.76518519,71.2162963,45.18481481,53.4462963,52.14185185,55.29888889
982,101.4533333,84.06037037,71.17185185,80.88148148,74.03,75.72,71.78333333,71.24111111,45.19740741,53.4462963,52.15481481,55.25777778
984,101.3957692,84.02115385,71.15461538,80.91461538,74.09384615,75.76846154,71.82153846,71.27230769,45.19423077,53.46346154,52.12538462,55.22115385
986,101.3055556,84.0062963,71.16148148,80.95,74.16925926,75.80444444,71.86592593,71.34518519,45.19,53.43777778,52.07851852,55.21074074
988,101.2807407,84,71.17185185,80.95333333,74.22444444,75.84259259,71.92148148,71.44074074,45.18037037,53.39962963,52.06148148,55.20407407
990,101.2346154,83.98461538,71.15769231,80.98269231,74.27807692,75.88923077,72.025,71.50653846,45.16692308,53.37961538,52.05038462,55.23615385
992,101.16,83.92555556,71.15,81,74.33925926,75.92740741,72.11074074,71.54185185,45.17925926,53.36333333,52.03333333,55.30851852
994,101.1185185,83.8737037,71.14111111,80.96,74.40222222,75.96851852,72.14518519,71.5762963,45.19444444,53.34222222,52.05925926,55.35851852
996,101.1203846,83.86,71.14884615,80.9,74.46884615,76.02461538,72.18038462,71.61307692,45.19384615,53.36730769,52.07615385,55.37423077
998,100.90375,83.81625,71.11083333,80.85458333,74.51333333,75.9975,72.17541667,71.59583333,45.14708333,53.33166667,52.09625,55.31125
1000,100.582,83.769,71.0305,80.794,74.5515,75.944,72.1265,71.5595,45.0775,53.237,52.143,55.2015
1002,100.114,83.73533333,70.898,80.71866667,74.6,75.84333333,72.04533333,71.56266667,44.946,53.148,52.21933333,54.99666667
1004,99.728,83.72,70.792,80.658,74.636,75.725,71.996,71.578,44.814,53.099,52.204,54.807
1006,98.21666667,83.38166667,70.335,80.51666667,74.65333333,75.375,71.77166667,71.48833333,44.47166667,52.765,52.38166667,54.065
1008,96.7775,83.01,69.89,80.4575,74.6525,75.1025,71.5025,71.385,44.35,52.5425,52.63,53.3575
1010,96.7625,82.9975,69.9675,80.5125,74.675,75.125,71.53,71.49,44.46,52.8825,52.6775,53.4075
1012,96.755,82.98,69.955,80.4825,74.6975,75.15,71.4875,71.5225,44.54,53.0725,52.6375,53.315
1014,96.755,82.98,69.955,80.4825,74.6975,75.15,71.4875,71.5225,44.54,53.0725,52.6375,53.315
1016,96.7475,82.97,70.015,80.5725,74.72,75.175,71.4675,71.63,44.5825,53.2225,52.755,53.3075
1018,96.74,82.9675,70.1,80.58,74.7425,75.2,71.5225,71.6925,44.6,53.305,52.82,53.2375
1020,96.7375,82.965,70.1625,80.6075,74.7725,75.23,71.5825,71.79,44.72,53.35,52.8325,53.24
1022,96.725,82.965,70.3025,80.6525,74.8,75.255,71.6375,71.8525,44.79,53.455,52.745,53.3975
1024,96.722,82.966,70.328,80.674,74.81,75.266,71.718,71.884,44.756,53.526,52.762,53.414
1026,96.72,82.9675,70.3875,80.6675,74.8225,75.2775,71.78,71.9175,44.8075,53.5775,52.7375,53.5025
1028,96.7125,82.9675,70.445,80.6425,74.8425,75.295,71.8425,72.045,44.7075,53.7075,52.655,53.6575
1030,96.7,82.965,70.505,80.5775,74.855,75.3075,71.855,72.095,44.6,53.7325,52.5425,53.68
1032,96.69,82.9675,70.555,80.52,74.8675,75.32,71.9275,72.22,44.5025,53.7225,52.535,53.695
1034,96.675,82.9675,70.5675,80.435,74.8775,75.3325,71.905,72.28,44.335,53.56,52.4175,53.72
1036,96.668,82.964,70.542,80.418,74.88,75.338,71.914,72.288,44.296,53.418,52.34,53.656
1038,96.66,82.9625,70.56,80.4125,74.885,75.345,71.9125,72.3,44.27,53.345,52.335,53.63
1040,96.645,82.9625,70.5225,80.4175,74.895,75.3575,71.9525,72.3175,44.2225,53.115,52.0475,53.5425
1042,96.6325,82.955,70.4425,80.35,74.9,75.37,71.9625,72.3,44.1175,52.91,51.67,53.3425
1044,96.62,82.9475,70.3475,80.295,74.9075,75.3775,71.92,72.25,43.9075,52.875,51.1775,53.28
1046,96.605,82.9425,70.27,80.285,74.9125,75.385,71.9025,72.21,43.865,53.04,50.94,53.275
1048,96.605,82.9425,70.27,80.285,74.9125,75.385,71.9025,72.21,43.865,53.04,50.94,53.275
1050,96.5925,82.9375,70.1925,80.235,74.9175,75.3925,71.9275,72.1875,43.855,53.27,50.9775,53.3225
1052,96.58,82.935,70.175,80.2175,74.9275,75.4025,71.8775,72.1525,43.85,53.315,50.8575,53.315
1054,96.5675,82.9325,70.24,80.26,74.94,75.415,71.93,72.165,44.0725,53.2625,50.865,53.145
1056,96.5575,82.9325,70.24,80.1975,74.9575,75.43,71.91,72.0825,44.0925,53.1725,50.715,53.085
1058,96.55,82.93,70.264,80.218,74.964,75.438,71.932,72.08,44.068,53.162,50.684,53.076
1060,96.545,82.9275,70.285,80.2225,74.9725,75.445,71.89,72.0475,44.0125,53.0125,50.5025,52.955
1062,96.53,82.9275,70.31,80.2025,74.985,75.455,71.92,71.9875,44.04,53.12,50.5975,53.005
1064,96.52,82.9275,70.285,80.1275,74.9975,75.4625,71.855,71.9175,44.015,53.225,50.81,53.1825
1066,96.51,82.9275,70.3125,80.1,75.0075,75.47,71.865,71.9025,43.805,53.2375,50.8225,53.205
1068,96.5,82.93,70.3225,80.03,75.02,75.475,71.8225,71.845,43.7025,53.2775,50.8825,53.27
1070,96.5,82.93,70.3225,80.03,75.02,75.475,71.8225,71.845,43.7025,53.2775,50.8825,53.27
1072,96.485,82.9275,70.3425,80.025,75.0275,75.4825,71.795,71.8075,43.645,53.23,50.9325,53.2425
1074,96.4675,82.9275,70.3275,79.9925,75.035,75.4875,71.75,71.7225,43.5025,53.1175,50.7125,53.095
1076,96.4475,82.925,70.3475,80.0225,75.0375,75.49,71.7,71.69,43.4875,52.9725,50.6425,52.965
1078,96.425,82.92,70.2875,80.0225,75.035,75.49,71.64,71.575,43.4475,52.7825,50.4725,52.74
1080,96.414,82.918,70.21,79.998,75.032,75.486,71.606,71.494,43.444,52.788,50.478,52.706
1082,96.405,82.9175,70.145,79.9825,75.0325,75.485,71.5675,71.4175,43.3275,52.6825,50.315,52.6125
1084,96.38,82.9075,70.1325,80.05,75.0225,75.4775,71.605,71.405,43.32,52.585,50.26,52.4375
1086,96.355,82.8975,69.99,80.0175,75.0125,75.465,71.54,71.2825,43.2975,52.5025,50.1775,52.3575
1088,96.33,82.885,69.915,80.035,75.0025,75.455,71.495,71.2375,43.2325,52.4,50.0425,52.3125
1090,96.3025,82.8675,69.97,80.1075,74.99,75.445,71.53,71.31,43.26,52.3975,49.845,52.265
1092,96.286,82.858,69.988,80.118,74.982,75.438,71.508,71.312,43.418,52.448,49.924,52.274
1094,96.2725,82.85,69.9475,80.095,74.975,75.4325,71.46,71.2825,43.4475,52.4625,49.8625,52.325
1096,96.24,82.8325,69.99,80.1475,74.96,75.42,71.4575,71.285,43.715,52.525,49.95,52.33
1098,96.205,82.8125,70.0025,80.145,74.9375,75.4,71.4625,71.3075,43.965,52.625,50.1375,52.35
1100,96.1675,82.79,69.99,80.1275,74.9125,75.38,71.47,71.3075,44.1125,52.485,50.2425,52.29
1102,96.125,82.765,69.975,80.0775,74.885,75.3575,71.4725,71.295,44.1825,52.455,50.2375,52.2775
1104,96.125,82.765,69.975,80.0775,74.885,75.3575,71.4725,71.295,44.1825,52.455,50.2375,52.2775
1106,96.08,82.7325,70.0325,80.035,74.855,75.3325,71.5125,71.3775,44.2225,52.4975,50.26,52.3325
1108,96.0325,82.7,70.1675,80.03,74.8225,75.305,71.5675,71.4475,44.295,52.5325,50.33,52.31
1110,95.98,82.6675,70.15,79.935,74.79,75.275,71.495,71.3875,44.3325,52.6075,50.43,52.335
1112,95.925,82.63,70.2125,79.915,74.755,75.2425,71.5225,71.41,44.3225,52.5375,50.4825,52.22
1114,95.888,82.606,70.184,79.88,74.734,75.224,71.504,71.362,44.278,52.47,50.48,52.16
1116,95.8575,82.5875,70.1925,79.855,74.715,75.2075,71.4975,71.33,44.275,52.41,50.51,52.0425
1118,95.78,82.535,70.0025,79.715,74.6675,75.165,71.3325,71.12,44.0975,52.13,50.315,51.9225
1120,95.6925,82.47,69.9625,79.6975,74.615,75.1175,71.315,71.0825,44.0825,51.9825,50.3175,51.8775
1122,95.595,82.3975,69.845,79.605,74.56,75.065,71.2175,71.015,43.925,51.855,50.23,51.865
1124,95.4925,82.32,69.7575,79.56,74.5025,75.0075,71.1325,70.98,43.8025,51.7,50.1,51.9225
1126,95.436,82.276,69.774,79.562,74.474,74.976,71.118,71,43.794,51.712,50.118,52.008
1128,95.3825,82.235,69.795,79.5775,74.4475,74.9475,71.145,71.0675,43.8125,51.7575,50.19,52.0775
1130,95.2675,82.1475,69.7075,79.465,74.39,74.885,71.035,70.9975,43.5625,51.6075,50.0675,52.135
1132,95.1475,82.0575,69.685,79.4275,74.33,74.8225,71,70.995,43.4625,51.52,50.0775,52.2675
1134,95.0225,81.96,69.575,79.3325,74.265,74.755,70.9025,70.9525,43.365,51.45,49.9925,52.425
1136,94.895,81.865,69.43,79.2,74.195,74.6875,70.8075,70.8625,43.2125,51.3375,49.81,52.4775
1138,94.895,81.865,69.43,79.2,74.195,74.6875,70.8075,70.8625,43.2125,51.3375,49.81,52.4775
1140,94.765,81.7675,69.3475,79.1025,74.12,74.615,70.71,70.825,43.1775,51.4125,49.725,52.5925
1142,94.635,81.6675,69.2,78.9525,74.04,74.5375,70.5775,70.7225,43.0975,51.48,49.57,52.74
1144,94.505,81.575,69.1325,78.8175,73.965,74.4625,70.5225,70.685,43.0575,51.6575,49.5825,52.705
1146,94.3725,81.4775,68.9825,78.625,73.885,74.3825,70.3575,70.5525,42.84,51.685,49.41,52.6325
1148,94.302,81.428,68.896,78.518,73.844,74.34,70.284,70.444,42.714,51.596,49.254,52.532
1150,94.235,81.38,68.83,78.44,73.805,74.3,70.2425,70.395,42.6225,51.5825,49.14,52.4775
1152,94.095,81.28,68.6925,78.2625,73.72,74.2125,70.13,70.26,42.42,51.4975,48.91,52.4375
1154,93.95,81.17,68.55,78.0875,73.6275,74.12,69.995,70.085,42.1725,51.3275,48.615,52.4325
1156,93.805,81.06,68.485,78.0075,73.535,74.025,69.97,70.0375,42.0775,51.2625,48.425,52.4
1158,93.6625,80.945,68.3625,77.8925,73.4375,73.9275,69.87,69.9225,42.0175,51.2125,48.2675,52.385
1160,93.59,80.888,68.26,77.794,73.394,73.88,69.772,69.806,41.942,51.126,48.13,52.222
1162,93.5175,80.83,68.1875,77.73,73.3475,73.8325,69.7075,69.725,41.895,51.0775,48.0175,52.1
1164,93.375,80.715,68.0925,77.6275,73.255,73.735,69.6125,69.615,41.8,50.9475,47.8125,51.84
1166,93.23,80.5975,67.9725,77.475,73.1625,73.635,69.5,69.45,41.83,50.8575,47.7575,51.6675
1168,93.0875,80.48,67.94,77.3925,73.0675,73.5325,69.44,69.3875,41.815,50.7075,47.705,51.4725
1170,92.95,80.3625,67.9325,77.3275,72.965,73.425,69.415,69.325,41.8325,50.4425,47.675,51.335
1172,92.95,80.3625,67.9325,77.3275,72.965,73.425,69.415,69.325,41.8325,50.4425,47.675,51.335
1174,92.82,80.2525,67.91,77.2575,72.8675,73.32,69.3875,69.2425,41.995,50.3125,47.68,51.2225
1176,92.705,80.155,67.965,77.28,72.775,73.22,69.3975,69.2425,42.1375,50.245,47.7225,51.1975
1178,92.6075,80.075,67.885,77.185,72.69,73.13,69.295,69.085,42.2275,50.11,47.615,50.855
1180,92.5275,80.0125,67.825,77.125,72.6125,73.05,69.2,68.975,42.4125,50.185,47.6,50.6375
1182,92.502,79.994,67.812,77.108,72.576,73.014,69.18,68.956,42.476,50.174,47.65,50.668
1184,92.4675,79.9675,67.7725,77.0725,72.5375,72.975,69.1125,68.885,42.51,50.145,47.6425,50.5525
1186,92.425,79.94,67.67,76.97,72.47,72.91,68.9975,68.76,42.5325,50.06,47.61,50.4125
1188,92.395,79.9275,67.7925,77.0675,72.4075,72.8475,69.1025,68.8925,42.7025,50.17,47.8075,50.6775
1190,92.38,79.9275,67.8775,77.1125,72.3525,72.79,69.1425,68.9525,42.81,50.255,47.965,50.8925
1192,92.375,79.9375,67.9225,77.1475,72.3025,72.74,69.1225,68.96,42.7575,50.215,47.9,50.885
1194,92.38,79.95,67.944,77.166,72.282,72.72,69.114,68.952,42.794,50.278,47.864,50.912
1196,92.38,79.9575,67.9975,77.2025,72.2575,72.695,69.13,68.98,42.8225,50.3,47.8725,50.9425
1198,92.3975,79.985,67.98,77.1675,72.215,72.655,69.0175,68.89,42.745,50.325,47.7025,50.935
1200,92.4225,80.0175,67.9675,77.155,72.1725,72.6175,68.9075,68.8225,42.54,50.1825,47.4225,50.79
1202,92.4475,80.0425,67.9575,77.165,72.12,72.5675,68.8275,68.745,42.49,50.18,47.38,50.785
1204,92.4775,80.0675,67.965,77.155,72.065,72.515,68.7375,68.66,42.36,50.0675,47.355,50.7725
1206,92.49,80.08,67.952,77.15,72.038,72.488,68.688,68.6,42.262,49.968,47.314,50.728
1208,92.5025,80.09,67.9325,77.145,72.01,72.46,68.6325,68.54,42.1675,49.85,47.275,50.6725
1210,92.5275,80.1125,67.89,77.11,71.9525,72.4,68.48,68.36,42.0825,49.7775,47.23,50.645
1212,92.555,80.14,67.865,77.0625,71.9,72.3475,68.32,68.21,41.9825,49.69,47.1125,50.6075
1214,92.58,80.1625,67.7525,76.965,71.845,72.29,68.105,67.995,41.8325,49.56,46.9175,50.5
1216,92.605,80.1825,67.66,76.8975,71.7825,72.2275,67.905,67.795,41.71,49.455,46.745,50.4125
1218,92.605,80.1825,67.66,76.8975,71.7825,72.2275,67.905,67.795,41.71,49.455,46.745,50.4125
1220,92.6275,80.2,67.6725,76.9225,71.7175,72.165,67.8625,67.7375,41.7675,49.5,46.8175,50.5025
1222,92.65,80.22,67.58,76.855,71.6525,72.1,67.7175,67.565,41.645,49.3425,46.7075,50.3525
1224,92.67,80.2425,67.5675,76.8725,71.5875,72.0375,67.63,67.45,41.645,49.3275,46.7475,50.29
1226,92.69,80.2675,67.6425,76.93,71.525,71.975,67.66,67.43,41.8175,49.4825,46.9675,50.405
1228,92.702,80.284,67.612,76.874,71.5,71.948,67.59,67.352,41.73,49.406,46.862,50.306
1230,92.7125,80.2975,67.5775,76.845,71.47,71.9175,67.5275,67.2725,41.675,49.3375,46.8225,50.2125
1232,92.7325,80.3275,67.6125,76.86,71.415,71.86,67.5,67.215,41.7425,49.4425,46.8275,50.2425
1234,92.755,80.355,67.635,76.84,71.355,71.7975,67.4475,67.16,41.7075,49.405,46.715,50.1875
1236,92.7725,80.3775,67.585,76.78,71.295,71.735,67.3175,67.0375,41.51,49.225,46.45,49.88
1238,92.7875,80.3925,67.5425,76.75,71.2225,71.6625,67.215,66.89,41.36,49.1075,46.27,49.665
1240,92.792,80.398,67.608,76.806,71.184,71.624,67.24,66.918,41.344,49.096,46.254,49.566
1242,92.8,80.405,67.6175,76.8025,71.1475,71.5875,67.2075,66.8775,41.255,49.02,46.185,49.43
1244,92.805,80.41,67.685,76.8625,71.0675,71.51,67.2225,66.8825,41.1475,48.9225,46.135,49.2675
1246,92.805,80.41,67.67,76.8375,70.9825,71.425,67.13,66.7775,40.9675,48.755,45.975,49.1025
1248,92.7975,80.405,67.705,76.885,70.895,71.3375,67.08,66.7575,40.9425,48.7325,46,49.0525
1250,92.7825,80.39,67.635,76.8325,70.8,71.2425,66.9575,66.6225,40.7775,48.6025,45.8425,48.975
1252,92.77,80.38,67.588,76.784,70.75,71.192,66.858,66.544,40.784,48.614,45.806,48.956
1254,92.76,80.3725,67.505,76.72,70.7025,71.1425,66.7325,66.415,40.6675,48.5275,45.67,48.84
1256,92.7325,80.3475,67.465,76.68,70.5975,71.0375,66.6125,66.33,40.805,48.6875,45.75,48.955
1258,92.695,80.3175,67.51,76.68,70.4875,70.925,66.5725,66.335,40.8975,48.8625,45.865,49.08
1260,92.6525,80.2825,67.505,76.635,70.375,70.81,66.4775,66.28,41.0525,49.1175,46.0875,49.2825
1262,92.605,80.2425,67.6225,76.6925,70.26,70.69,66.5175,66.3475,41.2825,49.44,46.4875,49.695
1264,92.578,80.22,67.674,76.722,70.202,70.632,66.532,66.376,41.444,49.628,46.732,49.88
1266,92.5525,80.2,67.74,76.755,70.145,70.5725,66.555,66.4125,41.5275,49.78,46.925,50.0425
1268,92.5025,80.1575,67.5825,76.6275,70.0325,70.4575,66.335,66.1825,41.5625,49.8175,47.0275,50.19
1270,92.4525,80.1175,67.5,76.5575,69.9225,70.345,66.175,66.0325,41.665,49.895,47.1425,50.31
1272,92.405,80.085,67.3225,76.4175,69.8175,70.2375,65.94,65.78,41.555,49.7775,46.97,50.1375
1274,92.365,80.0575,67.1625,76.2725,69.7175,70.13,65.7075,65.5125,41.355,49.5625,46.6575,49.9325
1276,92.346,80.048,67.122,76.236,69.67,70.08,65.612,65.414,41.24,49.41,46.524,49.776
1278,92.325,80.035,67.15,76.2425,69.62,70.0275,65.6,65.4,41.2525,49.415,46.4825,49.735
1280,92.29,80.0175,67.03,76.13,69.525,69.9275,65.395,65.1625,40.8825,49.005,46.1175,49.385
1282,92.255,80,67.025,76.13,69.4275,69.8275,65.2925,65.0325,40.7875,48.85,45.9775,49.2575
1284,92.22,79.985,66.8875,76.0375,69.33,69.7275,65.0675,64.7825,40.5775,48.515,45.7,48.98
1286,92.185,79.9675,66.7725,75.96,69.23,69.625,64.885,64.555,40.4825,48.3375,45.6025,48.845
1288,92.185,79.9675,66.7725,75.96,69.23,69.625,64.885,64.555,40.4825,48.3375,45.6025,48.845
1290,92.1475,79.9475,66.7625,75.9825,69.125,69.5175,64.805,64.4425,40.6075,48.34,45.6275,48.8225
1292,92.1075,79.925,66.625,75.8925,69.0175,69.4075,64.58,64.1925,40.485,48.07,45.395,48.565
1294,92.0625,79.9,66.6425,75.89,68.905,69.2925,64.47,64.0725,40.4875,47.99,45.365,48.4725
1296,92.0125,79.8725,66.5825,75.82,68.79,69.175,64.2975,63.895,40.375,47.8325,45.165,48.31
1298,91.984,79.856,66.54,75.764,68.732,69.114,64.196,63.792,40.39,47.858,45.194,48.324
1300,91.9575,79.8425,66.495,75.705,68.675,69.055,64.0725,63.6725,40.32,47.765,45.105,48.24
1302,91.9,79.8075,66.4925,75.66,68.555,68.9325,63.96,63.5775,40.4425,47.8925,45.315,48.35
1304,91.835,79.765,66.445,75.6025,68.43,68.8025,63.84,63.4575,40.5925,48.075,45.575,48.525
1306,91.7625,79.7125,66.555,75.67,68.2925,68.66,63.8675,63.5175,40.965,48.4275,46.0025,48.9075
1308,91.685,79.6575,66.5975,75.675,68.1525,68.5175,63.8225,63.5175,41.155,48.615,46.27,49.1075
1310,91.642,79.628,66.608,75.674,68.086,68.448,63.778,63.488,41.166,48.674,46.312,49.16
1312,91.6,79.5975,66.615,75.6625,68.015,68.3725,63.7425,63.4625,41.23,48.77,46.41,49.265
1314,91.515,79.54,66.6825,75.705,67.88,68.2325,63.71,63.47,41.33,48.915,46.46,49.3825
1316,91.4275,79.4875,66.585,75.58,67.755,68.1025,63.4775,63.245,41.185,48.8575,46.2875,49.1975
1318,91.3325,79.43,66.5475,75.5025,67.63,67.97,63.33,63.0975,41.135,48.8675,46.19,49.16
1320,91.2325,79.3675,66.485,75.4075,67.5,67.835,63.2075,62.98,41.1825,48.915,46.135,49.1625
1322,91.17,79.318,66.484,75.394,67.418,67.748,63.194,62.956,41.264,48.978,46.176,49.238
1324,91.115,79.2825,66.395,75.2875,67.35,67.6775,63.065,62.8225,41.215,48.93,46.1025,49.175
1326,90.985,79.1875,66.395,75.2575,67.19,67.51,63.04,62.7975,41.3575,49.0175,46.1675,49.315
1328,90.845,79.0825,66.28,75.145,67.0225,67.335,62.9025,62.635,41.34,48.975,46.06,49.315
1330,90.69,78.965,66.1275,74.9775,66.8425,67.1475,62.67,62.375,41.2475,48.815,45.8275,49.205
1332,90.5275,78.8525,65.875,74.7075,66.68,66.98,62.3025,61.9775,40.945,48.48,45.435,48.865
1334,90.436,78.786,65.706,74.54,66.596,66.894,62.082,61.724,40.632,48.182,45.15,48.59
1336,90.3525,78.725,65.555,74.3875,66.5125,66.8075,61.88,61.495,40.4325,47.98,44.9175,48.41
1338,90.16,78.585,65.4575,74.24,66.34,66.6275,61.6825,61.2775,40.515,47.9675,44.9275,48.33
1340,89.95,78.435,65.3375,74.0475,66.165,66.445,61.46,61.0325,40.3675,47.8125,44.83,48.145
1342,89.7225,78.27,65.2525,73.8975,65.975,66.245,61.31,60.8775,40.355,47.76,44.805,48.1125
1344,89.4825,78.0975,65.2225,73.7975,65.7825,66.04,61.215,60.7925,40.5225,47.9025,44.94,48.19
1346,89.36,78.01,65.146,73.69,65.688,65.94,61.082,60.652,40.364,47.774,44.802,48.056
1348,89.2375,77.9225,65.0475,73.56,65.59,65.8375,60.9325,60.4975,40.1375,47.585,44.6025,47.8925
1350,88.9975,77.76,64.9375,73.3925,65.4175,65.6525,60.7175,60.285,40.01,47.47,44.5025,47.7625
1352,88.76,77.5975,64.8675,73.2675,65.2475,65.4725,60.5525,60.1175,39.9,47.4275,44.47,47.6825
1354,88.525,77.4375,64.8325,73.1325,65.0775,65.2925,60.3925,59.965,39.7675,47.32,44.34,47.5575
1356,88.295,77.285,64.855,73.0725,64.9175,65.12,60.325,59.9325,39.745,47.335,44.3775,47.5875
1358,88.18,77.204,64.858,73.036,64.828,65.024,60.304,59.92,39.778,47.384,44.428,47.636
1360,88.0625,77.12,64.855,73,64.7375,64.9275,60.2725,59.8925,39.74,47.385,44.4,47.625
1362,87.835,76.955,64.8825,72.9275,64.5525,64.73,60.235,59.8725,39.9075,47.5225,44.51,47.755
1364,87.615,76.7975,64.71,72.7025,64.375,64.54,60,59.63,39.655,47.29,44.2575,47.6175
1366,87.395,76.635,64.5,72.45,64.19,64.345,59.72,59.3175,39.495,47.105,43.995,47.445
1368,87.175,76.4775,64.2825,72.185,64.0125,64.1575,59.4225,58.9975,39.2075,46.8125,43.64,47.1925
1370,87.06,76.398,64.226,72.088,63.924,64.066,59.334,58.906,39.116,46.722,43.524,47.096
1372,86.95,76.3225,64.0425,71.8925,63.84,63.9775,59.1025,58.6575,38.755,46.3875,43.16,46.8075
1374,86.71,76.155,64.015,71.785,63.665,63.7925,59.0225,58.5775,38.825,46.47,43.1975,46.8625
1376,86.4525,75.975,63.9025,71.5875,63.48,63.5975,58.8525,58.41,38.5975,46.32,42.9625,46.6975
1378,86.1725,75.775,63.845,71.4225,63.2875,63.3975,58.725,58.29,38.48,46.2775,42.875,46.6225
1380,85.8675,75.5575,63.77,71.2725,63.0925,63.19,58.5825,58.1675,38.4625,46.3275,42.8925,46.6675
1382,85.696,75.438,63.668,71.118,62.992,63.086,58.448,58.028,38.36,46.244,42.76,46.552
1384,85.5375,75.325,63.5925,70.9975,62.89,62.98,58.33,57.9175,38.2525,46.1725,42.6575,46.4475
1386,85.185,75.08,63.5325,70.835,62.69,62.77,58.22,57.815,38.29,46.245,42.695,46.4675
1388,84.8125,74.825,63.3675,70.5925,62.4925,62.56,58.01,57.615,38.2,46.1975,42.5625,46.3825
1390,84.4175,74.5525,63.24,70.3625,62.285,62.3425,57.8375,57.46,38.06,46.1275,42.405,46.2775
1392,84.0025,74.2575,63.13,70.1375,62.065,62.1125,57.695,57.3575,37.9975,46.1275,42.37,46.27
1394,83.778,74.09,63.088,70.04,61.944,61.988,57.638,57.31,38.022,46.168,42.41,46.364
1396,83.565,73.9375,63.01,69.9075,61.8325,61.8725,57.5375,57.23,37.9675,46.1425,42.3725,46.3625
1398,83.1075,73.595,62.91,69.6925,61.585,61.6175,57.415,57.13,37.985,46.175,42.4025,46.4775
1400,82.63,73.23,62.64,69.3175,61.3275,61.35,57.12,56.8325,37.785,45.995,42.2025,46.3275
1402,82.1425,72.86,62.495,69.1025,61.0725,61.08,56.965,56.6675,37.7575,46.015,42.18,46.3925
1404,81.6475,72.4825,62.17,68.7125,60.8125,60.805,56.625,56.3325,37.5325,45.77,41.865,46.175
1406,81.4,72.29,61.972,68.478,60.68,60.664,56.422,56.138,37.384,45.618,41.694,46.028
1408,81.15,72.0975,61.7875,68.2625,60.5475,60.5225,56.23,55.945,37.23,45.4775,41.505,45.875
1410,80.6575,71.7175,61.615,68.0125,60.2825,60.2425,56.065,55.805,37.215,45.49,41.475,45.9025
1412,80.1725,71.335,61.235,67.5725,60.0125,59.9575,55.68,55.4525,36.9775,45.255,41.19,45.69
1414,79.7075,70.9625,61.0675,67.3225,59.745,59.675,55.51,55.305,36.885,45.2175,41.1175,45.6575
1416,79.2675,70.61,60.9675,67.14,59.4875,59.405,55.4175,55.215,36.8625,45.235,41.0875,45.675
1418,79.07,70.45,60.862,67.01,59.366,59.278,55.316,55.11,36.738,45.084,40.942,45.55
1420,78.8575,70.2775,60.7225,66.8425,59.24,59.145,55.175,54.9675,36.6075,44.9525,40.7825,45.4425
1422,78.48,69.9675,60.5875,66.6425,59.0025,58.8975,55.0225,54.8125,36.46,44.7875,40.5775,45.275
1424,78.135,69.6825,60.4025,66.41,58.7775,58.66,54.8225,54.61,36.265,44.605,40.3275,45.05
1426,77.825,69.42,60.315,66.2875,58.5625,58.4325,54.705,54.5175,36.2125,44.5225,40.2375,45.035
1428,77.5425,69.175,60.2,66.12,58.3525,58.21,54.5475,54.3875,36.1925,44.4475,40.17,44.9975
1430,77.42,69.068,60.166,66.05,58.254,58.106,54.498,54.338,36.146,44.384,40.114,44.962
1432,77.2875,68.9525,60.1625,66.0175,58.1525,57.9975,54.48,54.33,36.17,44.3825,40.1325,45.0025
1434,77.0525,68.745,60.1725,65.955,57.9575,57.79,54.475,54.325,36.1825,44.3375,40.115,45.06
1436,76.8325,68.55,59.92,65.675,57.765,57.585,54.2,54.0375,35.935,44.02,39.7875,44.7775
1438,76.63,68.3675,59.8075,65.5125,57.58,57.385,54.0425,53.855,35.75,43.825,39.5375,44.6325
1440,76.4375,68.19,59.525,65.2175,57.395,57.1825,53.7175,53.5075,35.46,43.4925,39.1575,44.3325
1442,76.348,68.104,59.326,65.012,57.302,57.084,53.492,53.28,35.244,43.264,38.904,44.078
1444,76.255,68.0175,59.095,64.7875,57.21,56.985,53.2275,53.01,35.025,43.0075,38.6425,43.83
1446,76.075,67.8475,58.9775,64.6375,57.0275,56.7875,53.0625,52.8325,35.0125,43.04,38.6,43.85
1448,75.895,67.6775,58.7375,64.385,56.8425,56.59,52.8175,52.5875,34.905,42.9575,38.46,43.7275
1450,75.7125,67.51,58.59,64.2275,56.6575,56.3925,52.6475,52.4325,34.93,42.9925,38.515,43.7925
1452,75.5225,67.3375,58.41,64.025,56.47,56.19,52.4425,52.23,34.935,43.05,38.54,43.81
1454,75.424,67.25,58.268,63.862,56.376,56.088,52.28,52.052,34.778,42.922,38.384,43.654
1456,75.3275,67.1625,58.0975,63.6775,56.28,55.985,52.0975,51.8725,34.61,42.75,38.2175,43.4675
1458,75.13,66.985,57.805,63.3875,56.09,55.7775,51.755,51.53,34.4775,42.63,38.1,43.3
1460,74.9275,66.7975,57.4875,63.06,55.895,55.5675,51.3925,51.1625,34.28,42.4325,37.8575,43.0425
1462,74.7175,66.6075,57.2975,62.8525,55.695,55.355,51.1475,50.91,34.24,42.3925,37.79,43.0325
1464,74.5025,66.41,57.085,62.6375,55.49,55.1375,50.9,50.6775,34.2125,42.325,37.7175,42.965
1466,74.392,66.308,56.99,62.524,55.386,55.028,50.798,50.58,34.142,42.242,37.636,42.882
1468,74.2825,66.2075,56.8875,62.405,55.2825,54.92,50.6725,50.4525,34.0625,42.155,37.53,42.8125
1470,74.0625,66.005,56.7175,62.2075,55.075,54.7025,50.475,50.26,34.0275,42.1175,37.465,42.755
1472,73.845,65.8,56.35,61.835,54.87,54.4825,50.0825,49.8825,33.6675,41.6625,37.0325,42.2775
1474,73.635,65.5975,56.1025,61.59,54.67,54.27,49.81,49.61,33.5325,41.485,36.88,42.0925
1476,73.4325,65.4,55.8275,61.3175,54.475,54.0625,49.4975,49.295,33.4075,41.34,36.7075,41.895
1478,73.342,65.31,55.726,61.208,54.384,53.966,49.396,49.192,33.322,41.238,36.6,41.788
1480,73.2425,65.2125,55.5675,61.045,54.2875,53.8625,49.225,49.0175,33.16,41.0475,36.41,41.58
1482,73.07,65.0375,55.52,61,54.1125,53.6775,49.175,48.9675,33.3375,41.26,36.585,41.7625
1484,72.9125,64.8775,55.38,60.825,53.9425,53.4975,49.025,48.815,33.2625,41.205,36.47,41.68
1486,72.7775,64.735,55.235,60.67,53.78,53.3275,48.875,48.66,33.145,41.1225,36.35,41.5675
1488,72.665,64.6125,55.155,60.5925,53.63,53.17,48.78,48.57,33.155,41.2125,36.3725,41.595
1490,72.628,64.57,55.14,60.598,53.566,53.102,48.746,48.534,33.2,41.28,36.444,41.662
1492,72.5775,64.515,55.0775,60.5275,53.4925,53.025,48.6775,48.4575,33.1225,41.2375,36.3825,41.6
1494,72.525,64.4425,55.0575,60.54,53.3725,52.8975,48.6275,48.415,33.225,41.385,36.51,41.7125
1496,72.5025,64.4,55.1075,60.6125,53.2725,52.7875,48.6275,48.4275,33.395,41.5675,36.67,41.91
1498,72.515,64.3875,55.21,60.745,53.19,52.695,48.6725,48.4775,33.645,41.86,36.9675,42.2175
1500,72.5625,64.405,55.1875,60.7275,53.1225,52.6175,48.5825,48.4,33.64,41.865,36.9375,42.1975
1502,72.608,64.434,55.124,60.678,53.098,52.59,48.482,48.292,33.534,41.738,36.812,42.062
1504,72.698,64.492,55.138,60.74,53.048,52.532,48.412,48.228,33.568,41.77,36.842,42.09
1506,72.745,64.5225,55.14,60.7625,53.025,52.505,48.38,48.195,33.5675,41.78,36.8575,42.0875
1508,72.88,64.615,55.0525,60.7225,52.9925,52.465,48.1925,48.01,33.44,41.6,36.695,41.8975
1510,73.0375,64.725,55.165,60.9,52.9675,52.435,48.1975,48.02,33.565,41.7025,36.82,42.025
1512,73.21,64.8525,55.3825,61.1575,52.9525,52.4125,48.3175,48.16,33.8575,41.985,37.1375,42.3325
1514,73.39,64.985,55.465,61.265,52.94,52.3925,48.2725,48.1325,33.9325,42.0175,37.225,42.4025
1516,73.482,65.052,55.466,61.276,52.932,52.38,48.222,48.084,33.886,41.944,37.172,42.326
1518,73.5725,65.12,55.5675,61.3875,52.925,52.37,48.2675,48.135,33.98,42.02,37.265,42.4225
1520,73.75,65.2575,55.5475,61.3975,52.91,52.3475,48.13,48.0025,33.885,41.8825,37.18,42.29
1522,73.925,65.39,55.4725,61.3575,52.89,52.3175,47.93,47.795,33.61,41.565,36.9425,41.9875
1524,74.0925,65.52,55.4275,61.3375,52.865,52.285,47.77,47.62,33.4,41.3025,36.7275,41.7175
1526,74.25,65.645,55.45,61.4025,52.8375,52.25,47.6375,47.4925,33.365,41.26,36.715,41.68
1528,74.32,65.7,55.506,61.474,52.816,52.226,47.646,47.51,33.446,41.358,36.798,41.764
1530,74.3975,65.76,55.5425,61.5175,52.8,52.205,47.6275,47.49,33.4375,41.34,36.805,41.7475
1532,74.525,65.86,55.575,61.5775,52.7475,52.15,47.515,47.38,33.53,41.4625,36.85,41.8325
1534,74.6325,65.9475,55.595,61.62,52.68,52.0775,47.4,47.2675,33.5675,41.54,36.87,41.8825
1536,74.72,66.0225,55.6525,61.68,52.5975,51.9875,47.325,47.1825,33.65,41.63,36.945,41.945
1538,74.795,66.085,55.635,61.6725,52.5025,51.8825,47.145,46.99,33.6175,41.59,36.9075,41.8975
1540,74.83,66.114,55.668,61.706,52.452,51.826,47.11,46.95,33.65,41.614,36.934,41.938
1542,74.865,66.145,55.6925,61.735,52.4025,51.77,47.06,46.9,33.675,41.6225,36.965,41.9525
1544,74.93,66.2,55.7925,61.855,52.3,51.655,46.9975,46.845,33.8525,41.81,37.1475,42.165
1546,74.99,66.2475,55.84,61.915,52.19,51.535,46.93,46.78,33.9375,41.895,37.21,42.2775
1548,75.04,66.29,55.895,61.9875,52.075,51.41,46.85,46.705,34.105,42.0775,37.3225,42.4825
1550,75.075,66.32,56.035,62.1325,51.9525,51.28,46.85,46.7275,34.3625,42.3625,37.59,42.7875
1552,75.08,66.326,56.122,62.212,51.886,51.208,46.878,46.754,34.478,42.48,37.728,42.922
1554,75.095,66.3375,56.1725,62.2575,51.8225,51.14,46.88,46.7575,34.5725,42.575,37.82,43.02
1556,75.1025,66.3475,56.2925,62.385,51.6925,50.9975,46.8475,46.7275,34.765,42.7775,38.0275,43.2425
1558,75.1,66.35,56.395,62.4875,51.565,50.855,46.8225,46.71,34.92,42.8825,38.2225,43.375
1560,75.095,66.35,56.45,62.56,51.4425,50.715,46.76,46.65,35.0475,42.9675,38.3475,43.4825
1562,75.09,66.35,56.3225,62.4575,51.3275,50.5825,46.5175,46.415,34.92,42.8125,38.18,43.32
1564,75.088,66.348,56.256,62.4,51.274,50.524,46.398,46.298,34.82,42.712,38.06,43.218
1566,75.085,66.3475,56.205,62.3575,51.2175,50.46,46.3,46.2075,34.775,42.6425,38.0025,43.1575
1568,75.0775,66.345,56.1075,62.2775,51.11,50.345,46.0975,46.015,34.625,42.535,37.8475,43.0025
1570,75.07,66.34,55.98,62.1475,51.0075,50.235,45.8675,45.78,34.4475,42.3775,37.6575,42.805
1572,75.0675,66.3375,55.98,62.145,50.91,50.1325,45.755,45.67,34.4275,42.3725,37.665,42.78
1574,75.0675,66.34,55.975,62.125,50.815,50.03,45.6675,45.575,34.3275,42.265,37.6025,42.6375
1576,75.076,66.348,56.008,62.164,50.772,49.982,45.652,45.564,34.626,42.6,37.938,43.026
1578,75.096,66.364,56.034,62.184,50.688,49.888,45.584,45.496,34.862,42.846,38.182,43.308
1580,75.105,66.3725,56.025,62.1825,50.645,49.84,45.53,45.445,34.925,42.9175,38.265,43.395
1582,75.14,66.4025,56.04,62.21,50.5675,49.7525,45.44,45.365,35.1575,43.1725,38.5325,43.715
1584,75.19,66.445,56.065,62.24,50.495,49.6725,45.365,45.3025,35.5,43.585,38.9125,44.1975
1586,75.2525,66.4975,56.13,62.2775,50.43,49.6,45.3225,45.2675,35.4275,43.54,38.845,44.1375
1588,75.325,66.56,56.255,62.3925,50.37,49.5325,45.3375,45.285,35.495,43.6425,38.9725,44.2875
1590,75.37,66.6,56.322,62.464,50.344,49.502,45.342,45.286,35.588,43.742,39.062,44.384
1592,75.41,66.635,56.3975,62.525,50.315,49.47,45.375,45.3175,35.665,43.845,39.15,44.4825
1594,75.5025,66.715,56.5025,62.625,50.265,49.4125,45.365,45.3025,35.7425,43.8925,39.2,44.55
1596,75.6,66.8,56.545,62.695,50.215,49.3575,45.31,45.245,35.7875,43.9125,39.26,44.575
1598,75.6975,66.885,56.675,62.835,50.1675,49.3075,45.335,45.275,35.925,44.04,39.4075,44.735
1600,75.7925,66.97,56.85,63.035,50.1225,49.26,45.42,45.375,36.185,44.2925,39.7025,45.06
1602,75.836,67.01,56.782,62.996,50.102,49.236,45.286,45.226,35.838,43.89,39.304,44.626
1604,75.8825,67.0525,56.855,63.0925,50.08,49.2125,45.3,45.2475,35.8725,43.9325,39.3675,44.6725
1606,75.9625,67.1275,56.855,63.1075,50.035,49.1625,45.2,45.135,35.62,43.62,39.07,44.3875
1608,76.0375,67.1975,56.7825,63.0575,49.9875,49.11,45.045,44.96,35.2675,43.2075,38.66,43.9325
1610,76.105,67.2575,56.7525,63.0325,49.9375,49.0575,44.9175,44.815,34.8125,42.695,38.1725,43.375
1612,76.165,67.31,56.81,63.105,49.8825,49.0025,44.92,44.815,34.9275,42.8025,38.3675,43.5175
1614,76.184,67.324,56.826,63.126,49.846,48.964,44.898,44.79,34.956,42.796,38.396,43.514
1616,76.2125,67.3475,56.89,63.205,49.8175,48.935,44.9225,44.8125,35.02,42.8475,38.48,43.5675
1618,76.2525,67.375,56.975,63.2925,49.75,48.865,44.925,44.8225,35.105,42.905,38.6425,43.6475
1620,76.2825,67.395,56.9525,63.2775,49.6775,48.7875,44.825,44.715,35.145,42.92,38.73,43.665
1622,76.305,67.41,56.9575,63.2675,49.6025,48.705,44.735,44.6225,35.125,42.895,38.7075,43.6475
1624,76.3275,67.43,56.905,63.2325,49.5375,48.6325,44.6,44.4775,35.075,42.8575,38.665,43.5975
1626,76.336,67.436,56.852,63.18,49.502,48.594,44.498,44.376,35.004,42.804,38.574,43.52
1628,76.345,67.445,56.79,63.13,49.4675,48.555,44.3875,44.255,34.94,42.745,38.4875,43.4525
1630,76.3575,67.4575,56.6825,63.025,49.3975,48.4775,44.2275,44.0975,34.7625,42.565,38.27,43.2375
1632,76.3675,67.465,56.6525,62.9975,49.3275,48.4025,44.105,43.9875,34.64,42.465,38.14,43.095
1634,76.3725,67.4675,56.6075,62.9275,49.2525,48.325,43.975,43.8725,34.42,42.28,37.9175,42.8675
1636,76.3675,67.4625,56.4675,62.78,49.1725,48.245,43.7575,43.6525,34.165,42.0025,37.63,42.5625
1638,76.354,67.448,56.382,62.696,49.126,48.198,43.616,43.516,34.056,41.88,37.468,42.434
1640,76.33,67.428,56.204,62.516,49.044,48.116,43.35,43.248,33.746,41.584,37.13,42.11
1642,76.3175,67.4175,56.095,62.4,49,48.0725,43.21,43.105,33.5975,41.4275,36.9425,41.9325
1644,76.2625,67.37,55.9175,62.24,48.9075,47.98,42.98,42.8725,33.4025,41.2225,36.7,41.76
1646,76.18,67.3025,55.82,62.14,48.81,47.88,42.8625,42.765,33.23,41.0725,36.515,41.6275
1648,76.0675,67.2125,55.8,62.12,48.705,47.7725,42.8525,42.755,33.2625,41.1325,36.57,41.6825
1650,75.9125,67.0775,55.725,62.02,48.575,47.6425,42.7825,42.705,33.2425,41.125,36.545,41.665
1652,75.802,66.984,55.702,61.974,48.498,47.564,42.776,42.708,33.254,41.134,36.582,41.646
1654,75.715,66.91,55.68,61.93,48.43,47.495,42.7625,42.705,33.265,41.1525,36.6075,41.6325
1656,75.4725,66.7025,55.62,61.8325,48.27,47.3325,42.7175,42.675,33.3775,41.305,36.75,41.74
1658,75.185,66.4525,55.4025,61.58,48.095,47.155,42.555,42.525,33.2825,41.22,36.6725,41.65
1660,74.855,66.1675,55.3025,61.4625,47.9075,46.9625,42.52,42.4925,33.4675,41.4125,36.86,41.885
1662,74.4875,65.845,55.1375,61.2725,47.7075,46.755,42.4325,42.41,33.61,41.5875,36.9725,42.0825
1664,74.278,65.664,55.008,61.12,47.6,46.642,42.364,42.338,33.556,41.54,36.904,42.028
1666,74.085,65.495,54.8975,61.0025,47.4975,46.535,42.3125,42.2875,33.58,41.5525,36.9075,42.0625
1668,73.65,65.1225,54.685,60.745,47.275,46.3025,42.205,42.185,33.5875,41.59,36.895,42.095
1670,73.19,64.7275,54.4,60.3925,47.045,46.06,42.0325,42.015,33.455,41.4925,36.76,41.9375
1672,72.7125,64.32,54.1275,60.07,46.805,45.8125,41.88,41.8675,33.3725,41.435,36.69,41.855
1674,72.235,63.9075,53.8275,59.6875,46.565,45.5625,41.6825,41.67,33.255,41.33,36.5925,41.7725
1676,72.016,63.718,53.714,59.55,46.45,45.442,41.594,41.58,33.248,41.308,36.572,41.776
1678,71.586,63.346,53.39,59.156,46.224,45.208,41.364,41.338,33.096,41.158,36.406,41.642
1680,71.365,63.155,53.2575,58.9975,46.1075,45.0875,41.2775,41.2475,33.0675,41.12,36.37,41.635
1682,71.005,62.8425,52.96,58.635,45.905,44.875,41.03,40.99,32.86,40.875,36.1275,41.4825
1684,70.7,62.5825,52.8025,58.445,45.7175,44.6825,40.8975,40.87,32.8675,40.89,36.1075,41.4975
1686,70.445,62.365,52.64,58.2225,45.5475,44.5075,40.78,40.755,32.775,40.8025,36.0325,41.42
1688,70.2375,62.19,52.5675,58.1125,45.3975,44.35,40.6975,40.685,32.7025,40.7625,36.0075,41.4075
1690,70.162,62.128,52.532,58.056,45.334,44.284,40.652,40.64,32.696,40.78,36.022,41.422
1692,70.0675,62.05,52.4975,57.9975,45.2625,44.21,40.615,40.6075,32.6925,40.81,36.045,41.4225
1694,69.9375,61.9425,52.44,57.91,45.1425,44.085,40.5125,40.5075,32.64,40.7775,36.0475,41.4325
1696,69.8375,61.86,52.265,57.72,45.035,43.9725,40.28,40.285,32.4825,40.6375,35.9,41.3125
1698,69.75,61.79,52.195,57.6325,44.93,43.865,40.14,40.1525,32.495,40.61,35.875,41.3175
1700,69.6575,61.715,52.0675,57.5,44.825,43.755,39.97,39.9975,32.3925,40.47,35.7425,41.1975
1702,69.586,61.654,52.048,57.47,44.764,43.692,39.958,39.988,32.374,40.464,35.738,41.204
1704,69.535,61.6125,51.9525,57.37,44.71,43.635,39.8575,39.89,32.295,40.365,35.63,41.11
1706,69.3625,61.47,51.91,57.31,44.58,43.5,39.8025,39.8475,32.2625,40.34,35.615,41.11
1708,69.1375,61.28,51.7,57.075,44.4325,43.3425,39.6325,39.68,32.1225,40.205,35.4975,40.925
1710,68.87,61.0525,51.5675,56.925,44.27,43.1725,39.5375,39.575,32.065,40.1575,35.4725,40.8825
1712,68.575,60.8025,51.24,56.58,44.1,42.9925,39.245,39.285,31.855,39.915,35.225,40.6025
1714,68.426,60.674,51.058,56.382,44.012,42.902,39.082,39.138,31.72,39.75,35.078,40.41
1716,68.275,60.545,50.8875,56.2,43.925,42.81,38.9475,38.9975,31.6275,39.635,34.9625,40.2625
1718,67.985,60.2975,50.66,55.94,43.755,42.635,38.7825,38.8475,31.4725,39.4425,34.805,40.0725
1720,67.7175,60.07,50.3925,55.625,43.5925,42.4675,38.5525,38.635,31.3075,39.2575,34.625,39.8475
1722,67.4875,59.875,50.265,55.4525,43.445,42.315,38.4725,38.5625,31.22,39.1525,34.5425,39.725
1724,67.305,59.7225,50.1475,55.2925,43.3175,42.18,38.38,38.47,31.1475,39.1,34.48,39.6325
1726,67.262,59.688,50.1,55.244,43.27,42.13,38.3,38.396,31.118,39.088,34.45,39.602
1728,67.178,59.62,50.04,55.162,43.176,42.034,38.184,38.304,31.094,39.104,34.428,39.554
1730,67.135,59.585,49.98,55.0925,43.13,41.985,38.1075,38.2375,31.025,39.04,34.3525,39.46
1732,67.1525,59.61,49.9475,55.0625,43.075,41.9275,37.99,38.14,31.0425,39.0875,34.3575,39.445
1734,67.235,59.6925,50.0975,55.2325,43.045,41.8975,38.03,38.1975,31.18,39.265,34.5225,39.65
1736,67.365,59.8175,50.1275,55.2525,43.0325,41.8875,37.97,38.15,31.1375,39.22,34.47,39.6125
1738,67.5275,59.9725,50.2775,55.4125,43.0325,41.8875,37.9925,38.17,31.2175,39.3025,34.585,39.7525
1740,67.62,60.058,50.374,55.508,43.036,41.892,38.036,38.206,31.27,39.352,34.624,39.804
1742,67.7075,60.14,50.4625,55.595,43.0375,41.895,38.0575,38.23,31.2925,39.38,34.675,39.865
1744,67.89,60.3075,50.5025,55.6525,43.045,41.9025,37.965,38.13,31.2875,39.3525,34.64,39.8425
1746,68.065,60.4675,50.785,55.97,43.0525,41.9075,38.095,38.2725,31.5075,39.5975,34.9,40.105
1748,68.2275,60.615,50.9225,56.1475,43.055,41.9075,38.1125,38.29,31.6,39.705,34.955,40.21
1750,68.3725,60.75,51.0025,56.2675,43.055,41.9025,38.075,38.2675,31.5925,39.7075,34.965,40.24
1752,68.434,60.81,51.166,56.436,43.05,41.898,38.188,38.384,31.746,39.85,35.148,40.438
1754,68.5025,60.875,51.3025,56.58,43.0475,41.895,38.2725,38.4775,31.8275,39.9425,35.245,40.5475
1756,68.6225,60.99,51.3475,56.6375,43.035,41.88,38.235,38.4225,31.79,39.8525,35.1975,40.535
1758,68.7325,61.095,51.425,56.7125,43.02,41.8625,38.2175,38.3975,31.765,39.775,35.2075,40.5275
1760,68.835,61.1925,51.5375,56.795,43,41.8425,38.235,38.405,31.7825,39.755,35.2125,40.5225
1762,68.935,61.2875,51.53,56.7725,42.98,41.82,38.115,38.28,31.6575,39.625,35.08,40.3325
1764,68.984,61.334,51.542,56.79,42.97,41.81,38.082,38.246,31.648,39.616,35.058,40.292
1766,69.08,61.43,51.604,56.86,42.95,41.79,38.028,38.2,31.712,39.672,35.132,40.33
1768,69.1275,61.4775,51.64,56.89,42.94,41.78,38.02,38.195,31.7175,39.68,35.125,40.3075
1770,69.225,61.575,51.8025,57.075,42.92,41.7625,38.0725,38.255,31.855,39.8075,35.3,40.4525
1772,69.32,61.67,51.9175,57.2175,42.9,41.745,38.1225,38.2875,31.9875,39.865,35.385,40.5425
1774,69.4125,61.765,52.135,57.4375,42.88,41.7275,38.24,38.3975,32.2075,40.06,35.63,40.765
1776,69.5,61.85,52.3525,57.65,42.855,41.7075,38.375,38.5275,32.3325,40.1825,35.7575,40.895
1778,69.534,61.884,52.27,57.564,42.84,41.692,38.276,38.42,32.11,39.958,35.504,40.626
1780,69.575,61.925,52.2925,57.595,42.8275,41.68,38.26,38.3925,32.12,39.95,35.495,40.61
1782,69.64,61.99,52.25,57.5375,42.795,41.6475,38.1175,38.2425,31.965,39.8275,35.3325,40.43
1784,69.69,62.04,52.33,57.6325,42.76,41.6125,38.125,38.2575,31.975,39.84,35.33,40.435
1786,69.7275,62.08,52.35,57.67,42.7225,41.5725,38.0875,38.22,31.96,39.82,35.305,40.375
1788,69.755,62.1125,52.5575,57.9,42.6825,41.5325,38.2125,38.355,32.25,40.1025,35.6175,40.765
1790,69.762,62.124,52.664,58.012,42.66,41.51,38.282,38.43,32.334,40.206,35.718,40.888
1792,69.776,62.146,52.91,58.26,42.616,41.466,38.492,38.652,32.492,40.396,35.91,41.118
1794,69.7825,62.1575,52.9425,58.295,42.5925,41.4425,38.5025,38.6625,32.4825,40.3925,35.9025,41.1375
1796,69.7925,62.175,53.05,58.3725,42.5475,41.3975,38.555,38.7125,32.52,40.4625,35.93,41.2175
1798,69.8,62.19,53.005,58.2975,42.5,41.35,38.44,38.6025,32.395,40.37,35.795,41.09
1800,69.8075,62.205,52.9,58.18,42.4525,41.3025,38.29,38.4575,32.22,40.205,35.6175,40.925
1802,69.815,62.22,52.7775,58.0625,42.405,41.2575,38.1175,38.2775,32.1225,40.0925,35.51,40.81
1804,69.818,62.228,52.87,58.162,42.382,41.236,38.158,38.332,32.276,40.268,35.674,41.02
1806,69.82,62.235,52.83,58.13,42.3575,41.2125,38.0875,38.265,32.2275,40.2225,35.6275,40.995
1808,69.8275,62.25,53.075,58.3875,42.3125,41.1675,38.28,38.4725,32.4875,40.525,35.94,41.325
1810,69.8325,62.2625,53.155,58.4425,42.2675,41.1225,38.32,38.515,32.4925,40.5525,35.915,41.37
1812,69.84,62.2775,53.2675,58.535,42.225,41.0775,38.34,38.5525,32.605,40.6775,36.01,41.5275
1814,69.85,62.2925,53.2375,58.4875,42.1825,41.0325,38.2725,38.47,32.525,40.5675,35.905,41.33
1816,69.856,62.302,53.172,58.418,42.164,41.012,38.18,38.37,32.474,40.468,35.842,41.262
1818,69.86,62.31,53.0725,58.305,42.1425,40.99,38.0525,38.2325,32.3625,40.3275,35.69,41.0975
1820,69.8725,62.3325,53.14,58.3775,42.105,40.9525,38.02,38.1975,32.575,40.5125,35.94,41.2625
1822,69.885,62.3575,53.145,58.395,42.07,40.9175,37.9675,38.1575,32.62,40.5575,36.03,41.305
1824,69.9,62.385,53.19,58.4475,42.0375,40.885,37.935,38.1325,32.685,40.6625,36.1525,41.41
1826,69.9175,62.4175,53.3575,58.605,42.0075,40.855,38.0375,38.25,32.8575,40.8825,36.365,41.56
1828,69.93,62.438,53.478,58.726,41.996,40.842,38.112,38.338,32.998,41.05,36.54,41.73
1830,69.954,62.48,53.536,58.794,41.972,40.816,38.116,38.352,33.034,41.112,36.606,41.712
1832,69.9675,62.5,53.5975,58.85,41.96,40.8025,38.14,38.375,33.0925,41.185,36.68,41.74
1834,69.9975,62.55,53.635,58.8725,41.94,40.7825,38.1,38.355,33.14,41.2275,36.725,41.745
1836,70.03,62.6025,53.67,58.9275,41.92,40.765,38.0125,38.2825,33.275,41.4275,36.9,41.8625
1838,70.06,62.6525,53.575,58.84,41.8975,40.7475,37.8125,38.085,33.1825,41.4075,36.84,41.7175
1840,70.085,62.695,53.5825,58.8325,41.8725,40.73,37.715,38.0025,33.165,41.49,36.8575,41.7725
1842,70.09,62.708,53.64,58.87,41.858,40.716,37.746,38.036,33.156,41.528,36.852,41.756
1844,70.1,62.7275,53.6875,58.92,41.845,40.705,37.7425,38.035,33.19,41.63,36.92,41.8175
1846,70.1025,62.7475,53.7,58.8975,41.8125,40.6775,37.6875,37.9825,33.0875,41.56,36.7525,41.7125
1848,70.09,62.7525,53.7475,58.9175,41.7775,40.6425,37.7,37.975,33.0725,41.5325,36.655,41.6825
1850,70.055,62.7425,53.805,58.95,41.7375,40.5975,37.715,37.9825,33.135,41.5725,36.6025,41.7025
1852,69.9925,62.7075,53.77,58.9075,41.6875,40.5425,37.635,37.9075,33.1525,41.54,36.5075,41.695
1854,69.94,62.674,53.686,58.804,41.656,40.508,37.53,37.796,33.108,41.456,36.4,41.602
1856,69.834,62.606,53.656,58.724,41.594,40.438,37.47,37.726,33.068,41.372,36.296,41.52
1858,69.78,62.5725,53.6275,58.67,41.5625,40.4025,37.4225,37.69,33.0525,41.3325,36.2175,41.4725
1860,69.6225,62.465,53.5175,58.5175,41.4875,40.32,37.2975,37.5525,32.9475,41.1575,36.0775,41.315
1862,69.4275,62.33,53.3725,58.295,41.405,40.2275,37.135,37.37,32.79,40.945,35.8875,41.15
1864,69.1825,62.1575,53.38,58.2275,41.31,40.12,37.1775,37.4125,32.685,40.81,35.76,41.0925
1866,68.885,61.9425,53.2575,58.055,41.2,39.9975,37.0875,37.33,32.64,40.725,35.6775,41.0325
1868,68.69,61.798,53.202,57.966,41.13,39.922,37.046,37.288,32.62,40.692,35.628,40.998
1870,68.5275,61.6775,53.16,57.875,41.07,39.855,37.0125,37.26,32.58,40.6375,35.55,40.9625
1872,68.1025,61.36,53,57.64,40.915,39.6925,36.9175,37.195,32.4775,40.56,35.485,40.8325
1874,67.6025,60.9775,52.72,57.2725,40.735,39.5075,36.685,37.0125,32.3825,40.5025,35.4475,40.665
1876,67.015,60.5225,52.4125,56.845,40.525,39.295,36.4875,36.855,32.155,40.32,35.3075,40.4375
1878,66.345,59.995,52.05,56.3575,40.29,39.0575,36.255,36.6575,31.8825,40.1,35.1225,40.2075
1880,65.938,59.666,51.876,56.116,40.146,38.912,36.18,36.594,31.684,39.932,34.92,40.03
1882,65.5775,59.38,51.7175,55.89,40.02,38.785,36.095,36.5225,31.5675,39.8175,34.7925,39.9175
1884,64.7125,58.6775,51.1975,55.2525,39.7125,38.4775,35.7825,36.2225,31.2175,39.505,34.4875,39.625
1886,63.755,57.89,50.68,54.6125,39.37,38.1325,35.4925,35.94,30.8525,39.2025,34.1025,39.285
1888,62.6925,57.005,50.155,53.9425,38.98,37.74,35.265,35.73,30.475,38.835,33.7075,38.8225
1890,61.535,56.0375,49.4125,53.0575,38.5525,37.31,34.845,35.29,30.125,38.4625,33.3225,38.41
1892,60.892,55.494,49.042,52.604,38.312,37.066,34.656,35.118,29.89,38.26,33.082,38.266
1894,59.62,54.416,48.272,51.69,37.834,36.58,34.24,34.72,29.44,37.816,32.612,37.892
1896,58.9775,53.8725,47.8825,51.2275,37.5925,36.335,34.04,34.525,29.215,37.5775,32.385,37.685
1898,57.6225,52.71,46.8575,50.0575,37.07,35.8075,33.415,33.915,28.5875,36.955,31.72,37.2975
1900,56.2525,51.5225,45.9925,49.0375,36.5325,35.2625,32.95,33.4825,27.935,36.295,31.0375,36.86
1902,54.9025,50.34,45.0575,47.9475,35.99,34.7125,32.4275,32.975,27.25,35.6375,30.4075,36.245
1904,53.6,49.1875,44.2925,47.0075,35.455,34.1725,32.025,32.595,26.7275,35.18,29.9175,35.75
1906,53.006,48.654,43.878,46.538,35.202,33.918,31.77,32.35,26.524,35.048,29.77,35.574
1908,52.3675,48.0875,43.515,46.0975,34.9375,33.65,31.5775,32.175,26.2975,34.88,29.6,35.3325
1910,51.2275,47.06,42.7425,45.2275,34.4475,33.1525,31.1675,31.7875,25.8125,34.5425,29.1975,34.8975
1912,50.19,46.115,42.0575,44.4775,33.99,32.6875,30.79,31.4325,25.425,34.2275,28.795,34.6125
1914,49.26,45.26,41.3125,43.6975,33.5675,32.2575,30.365,31.0325,24.865,33.72,28.1975,34.24
1916,48.44,44.4925,40.755,43.1475,33.1825,31.8625,30.065,30.8125,24.42,33.2775,27.71,33.9275
1918,48.108,44.172,40.55,42.956,33.018,31.694,29.958,30.728,24.332,33.104,27.59,33.752
1920,47.446,43.534,40.15,42.552,32.69,31.36,29.738,30.564,24.106,32.868,27.354,33.47
1922,47.115,43.215,39.9175,42.3325,32.525,31.1925,29.5975,30.46,23.9675,32.695,27.195,33.315
1924,46.6025,42.7075,39.6075,42.0475,32.255,30.9175,29.45,30.3675,23.88,32.715,27.2475,33.1575
1926,46.1825,42.2875,39.245,41.6975,32.0275,30.6825,29.2625,30.195,23.8275,32.7375,27.285,33.04
1928,45.8525,41.9525,38.9325,41.4075,31.835,30.4875,29.0975,30.065,23.66,32.67,27.1575,32.9975
1930,45.6025,41.6975,38.505,41.02,31.6825,30.33,28.8325,29.82,23.4575,32.47,26.97,32.95
1932,45.534,41.62,38.416,40.952,31.632,30.276,28.778,29.782,23.396,32.328,26.846,32.868
1934,45.43,41.51,38.2575,40.8125,31.565,30.205,28.6925,29.7,23.295,32.135,26.6575,32.7875
1936,45.3275,41.39,38.16,40.7325,31.475,30.1125,28.6225,29.6625,23.17,31.8825,26.425,32.6425
1938,45.29,41.3325,38.04,40.6175,31.4175,30.05,28.5075,29.58,23.1025,31.78,26.355,32.475
1940,45.31,41.3275,38.0375,40.6425,31.3825,30.0125,28.4525,29.5675,23.2475,31.9075,26.53,32.46
1942,45.3825,41.3775,37.9875,40.5725,31.37,30,28.3475,29.475,23.305,32.065,26.6625,32.4725
1944,45.452,41.436,38.02,40.57,31.38,30.01,28.336,29.458,23.276,32.076,26.678,32.458
1946,45.586,41.55,37.994,40.532,31.398,30.028,28.268,29.384,23.264,32.186,26.728,32.472
1948,45.655,41.6075,37.9925,40.5225,31.4075,30.0375,28.2325,29.345,23.32,32.3,26.83,32.5375
1950,45.84,41.77,38.05,40.5575,31.45,30.08,28.2,29.305,23.2725,32.215,26.64,32.5475
1952,46.0475,41.955,38.2425,40.73,31.5025,30.1325,28.2575,29.34,23.265,32.165,26.4925,32.5825
1954,46.27,42.1525,38.365,40.8675,31.565,30.1925,28.255,29.32,23.32,32.1375,26.3675,32.6425
1956,46.5025,42.36,38.61,41.1225,31.635,30.255,28.3225,29.375,23.48,32.1575,26.41,32.8375
1958,46.622,42.468,38.72,41.242,31.672,30.288,28.366,29.408,23.596,32.268,26.548,33.004
1960,46.74,42.575,38.8575,41.3725,31.7075,30.32,28.41,29.4375,23.6475,32.3425,26.625,33.115
1962,46.98,42.795,39.0225,41.5125,31.7825,30.385,28.4525,29.4675,23.8675,32.54,26.8775,33.3625
1964,47.22,43.015,39.185,41.695,31.855,30.45,28.49,29.505,24.1475,32.8725,27.2525,33.8175
1966,47.46,43.23,39.36,41.87,31.925,30.515,28.5625,29.56,24.2625,33.015,27.38,34.03
1968,47.695,43.4425,39.585,42.1,31.9975,30.58,28.67,29.6575,24.41,33.125,27.495,34.2075
1970,47.808,43.544,39.67,42.22,32.034,30.61,28.714,29.702,24.474,33.186,27.524,34.308
1972,48.036,43.748,39.886,42.494,32.104,30.67,28.814,29.816,24.612,33.286,27.682,34.52
1974,48.15,43.85,40.035,42.6575,32.14,30.7,28.91,29.905,24.64,33.2725,27.6675,34.535
1976,48.3675,44.0525,40.3025,42.95,32.2075,30.7575,29.065,30.0575,24.7925,33.425,27.85,34.665
1978,48.585,44.2525,40.405,43.0975,32.2675,30.81,29.11,30.1075,24.915,33.5625,27.9975,34.74
1980,48.8,44.4525,40.585,43.2925,32.3225,30.86,29.2125,30.205,25.09,33.73,28.175,34.7825
1982,49.0125,44.6475,40.695,43.3975,32.375,30.9075,29.265,30.2325,25.205,33.9325,28.2025,34.7175
1984,49.116,44.74,40.74,43.434,32.398,30.924,29.27,30.24,25.192,33.946,28.188,34.63
1986,49.2225,44.835,40.7325,43.4325,32.4225,30.945,29.2475,30.2175,25.2725,34.0225,28.2075,34.59
1988,49.4275,45.0175,40.85,43.5825,32.4675,30.98,29.2775,30.2625,25.2575,34.0675,28.1875,34.5
1990,49.6225,45.19,41.0475,43.785,32.5075,31.0075,29.3725,30.3525,25.2475,34.0275,28.1225,34.2875
1992,49.805,45.35,41.1525,43.925,32.5375,31.0275,29.415,30.385,25.275,33.9975,28.165,34.2075
1994,49.9725,45.4925,41.2725,44.0775,32.5575,31.0375,29.475,30.4475,25.3475,34.0575,28.2625,34.2075
1996,50.04,45.546,41.218,44.02,32.554,31.032,29.414,30.364,25.358,34.046,28.29,34.228
1998,50.1175,45.6125,41.2875,44.0675,32.56,31.0325,29.45,30.3775,25.4275,34.0875,28.345,34.205
2000,50.24,45.7075,41.1925,43.985,32.5475,31.0125,29.3425,30.2275,25.4425,34.0625,28.35,34.2075
2002,50.335,45.775,41.155,43.95,32.525,30.9775,29.275,30.1175,25.4525,34.02,28.325,34.155
2004,50.3975,45.815,41.1125,43.9425,32.495,30.935,29.1825,30.005,25.5125,33.9975,28.3725,34.2425
2006,50.425,45.825,41.055,43.9275,32.46,30.8825,29.11,29.96,25.565,34.0375,28.495,34.2525
2008,50.41,45.806,40.99,43.884,32.432,30.85,29.072,29.932,25.548,34.02,28.576,34.34
2010,50.378,45.766,40.896,43.808,32.378,30.784,28.988,29.874,25.588,34.1,28.752,34.536
2012,50.3625,45.7475,40.85,43.795,32.3525,30.7525,28.9475,29.87,25.6025,34.125,28.8725,34.6725
2014,50.265,45.655,40.6975,43.6375,32.2725,30.6675,28.8575,29.7575,25.5275,34.0875,28.87,34.785
2016,50.12,45.5225,40.5325,43.455,32.1775,30.565,28.7275,29.61,25.365,34.0525,28.79,34.8575
2018,49.9275,45.35,40.435,43.34,32.0675,30.4475,28.6375,29.5425,25.2525,34.105,28.7025,34.8925
2020,49.685,45.1375,40.1675,43.0625,31.9425,30.3175,28.435,29.34,25.065,34.0925,28.5725,34.7625
2022,49.528,45.002,40.056,42.946,31.87,30.242,28.372,29.3,25.028,34.134,28.54,34.694
2024,49.395,44.885,39.915,42.8,31.805,30.1725,28.265,29.22,24.9425,34.1675,28.5,34.5975
2026,49.0575,44.595,39.6775,42.525,31.65,30.015,28.105,29.1125,24.83,34.175,28.3975,34.5125
2028,48.6725,44.26,39.3125,42.11,31.4775,29.84,27.8425,28.9,24.6425,34.08,28.26,34.3525
2030,48.245,43.8825,39.0175,41.7175,31.2825,29.6425,27.6925,28.775,24.2875,33.8525,27.9125,34.07
2032,47.775,43.465,38.635,41.2125,31.065,29.4225,27.435,28.5225,23.8275,33.4875,27.4075,33.78
2034,47.516,43.234,38.492,41.042,30.942,29.298,27.356,28.444,23.654,33.322,27.15,33.564
2036,47.006,42.776,38.11,40.602,30.702,29.052,27.136,28.222,23.348,33.06,26.792,33.242
2038,46.7475,42.545,37.9175,40.355,30.58,28.9275,27.0425,28.1025,23.115,32.88,26.49,33.005
2040,46.22,42.0675,37.5,39.9375,30.33,28.6675,26.7775,27.8675,23.02,32.7725,26.295,32.825
2042,45.705,41.6,37.0175,39.485,30.085,28.4125,26.5275,27.65,22.9375,32.66,26.135,32.6475
2044,45.2225,41.16,36.445,38.91,29.855,28.17,26.185,27.305,22.865,32.5375,26.025,32.5025
2046,44.79,40.7625,36.075,38.525,29.645,27.9525,25.9925,27.1075,22.74,32.295,25.75,32.3575
2048,44.624,40.61,35.99,38.424,29.562,27.866,25.934,27.052,22.658,32.202,25.658,32.288
2050,44.42,40.425,35.8,38.2225,29.4625,27.7625,25.8275,26.9425,22.5475,32.04,25.4975,32.1975
2052,44.13,40.1575,35.615,38.025,29.315,27.61,25.7175,26.8125,22.3925,31.8025,25.2275,31.9875
2054,43.9275,39.97,35.545,37.98,29.2075,27.5,25.7125,26.7975,22.3275,31.685,25.0175,31.945
2056,43.82,39.8725,35.4825,37.95,29.1425,27.43,25.645,26.7425,22.3625,31.6225,24.915,31.82
2058,43.81,39.8625,35.4925,38.0275,29.1225,27.405,25.6675,26.7475,22.5175,31.61,24.895,31.815
2060,43.872,39.92,35.566,38.1,29.144,27.422,25.688,26.77,22.598,31.672,24.946,31.872
2062,43.992,40.03,35.716,38.264,29.184,27.456,25.742,26.826,22.712,31.64,24.872,31.828
2064,44.055,40.0875,35.8075,38.36,29.205,27.4725,25.765,26.86,22.7875,31.625,24.88,31.7975
2066,44.29,40.3,36.01,38.575,29.2975,27.56,25.8575,26.9675,22.81,31.645,24.9075,31.9725
2068,44.5775,40.5625,36.3225,38.8725,29.41,27.6725,25.99,27.1025,22.845,31.575,24.855,32.09
2070,44.9,40.855,36.67,39.2575,29.5375,27.8,26.1725,27.31,22.8925,31.5225,24.875,32.3475
2072,45.2375,41.16,36.895,39.555,29.6725,27.935,26.25,27.4475,22.9875,31.675,25.1425,32.75
2074,45.4,41.308,36.978,39.672,29.738,27.998,26.294,27.494,23,31.7,25.188,32.82
2076,45.57,41.4625,37.14,39.865,29.805,28.065,26.38,27.5825,23.0725,31.725,25.2425,32.9475
2078,45.8825,41.7475,37.3225,40.11,29.9325,28.185,26.47,27.695,23.1375,31.8925,25.4475,33.15
2080,46.1675,42.01,37.345,40.1725,30.0475,28.295,26.4225,27.6425,23.2425,32.0625,25.6275,33.125
2082,46.4125,42.24,37.465,40.2975,30.145,28.3875,26.4775,27.6525,23.3075,32.21,25.78,33.19
2084,46.6175,42.4375,37.57,40.3875,30.2275,28.4675,26.485,27.64,23.36,32.3925,25.9675,33.2575
2086,46.694,42.51,37.59,40.424,30.258,28.498,26.492,27.636,23.376,32.42,26.036,33.28
2088,46.848,42.656,37.596,40.444,30.318,28.558,26.466,27.596,23.398,32.508,26.166,33.318
2090,46.9225,42.7275,37.66,40.51,30.3475,28.5875,26.505,27.625,23.365,32.5375,26.22,33.39
2092,47.025,42.83,37.7725,40.62,30.3875,28.63,26.5625,27.6375,23.48,32.57,26.3,33.2525
2094,47.1025,42.905,37.7825,40.63,30.415,28.6625,26.5325,27.6375,23.545,32.7325,26.5425,33.22
2096,47.1525,42.96,37.875,40.69,30.435,28.685,26.5675,27.6975,23.6575,32.975,26.8,33.1675
2098,47.18,42.9975,37.9675,40.7225,30.45,28.7025,26.5925,27.7075,23.765,33.09,26.97,33.1325
2100,47.188,43.004,37.978,40.716,30.456,28.712,26.574,27.718,23.8,33.082,26.994,33.176
