spp,wl,Transm
A.pras,509.05,0.58934
A.pras,509.327,0.5829
A.pras,509.603,0.58614
A.pras,509.879,0.58828
A.pras,510.156,0.59078
A.pras,510.432,0.59315
A.pras,510.708,0.59565
A.pras,510.984,0.59765
A.pras,511.261,0.60022
A.pras,511.537,0.6026
A.pras,511.813,0.60505
A.pras,512.09,0.60762
A.pras,512.366,0.60976
A.pras,512.642,0.61214
A.pras,512.918,0.61478
A.pras,513.195,0.61703
A.pras,513.471,0.61881
A.pras,513.747,0.62173
A.pras,514.024,0.62429
A.pras,514.3,0.62576
A.pras,514.576,0.62838
A.pras,514.852,0.63039
A.pras,515.129,0.63268
A.pras,515.405,0.63481
A.pras,515.681,0.63769
A.pras,515.957,0.63919
A.pras,516.234,0.64107
A.pras,516.51,0.64333
A.pras,516.786,0.6456
A.pras,517.062,0.64798
A.pras,517.339,0.65004
A.pras,517.615,0.65226
A.pras,517.891,0.65471
A.pras,518.167,0.65726
A.pras,518.443,0.65897
A.pras,518.72,0.66089
A.pras,518.996,0.66286
A.pras,519.272,0.66516
A.pras,519.548,0.66692
A.pras,519.824,0.66911
A.pras,520.101,0.67117
A.pras,520.377,0.67311
A.pras,520.653,0.67518
A.pras,520.929,0.67683
A.pras,521.205,0.67893
A.pras,521.482,0.68094
A.pras,521.758,0.68264
A.pras,522.034,0.68505
A.pras,522.31,0.68706
A.pras,522.586,0.68838
A.pras,522.863,0.69005
A.pras,523.139,0.69208
A.pras,523.415,0.69375
A.pras,523.691,0.69464
A.pras,523.967,0.6975
A.pras,524.243,0.69865
A.pras,524.52,0.70057
A.pras,524.796,0.70228
A.pras,525.072,0.70339
A.pras,525.348,0.70536
A.pras,525.624,0.70743
A.pras,525.9,0.70836
A.pras,526.176,0.71022
A.pras,526.453,0.7116
A.pras,526.729,0.71329
A.pras,527.005,0.71406
A.pras,527.281,0.71583
A.pras,527.557,0.71784
A.pras,527.833,0.71963
A.pras,528.109,0.72039
A.pras,528.385,0.72173
A.pras,528.661,0.72281
A.pras,528.938,0.72478
A.pras,529.214,0.72578
A.pras,529.49,0.72679
A.pras,529.766,0.72863
A.pras,530.042,0.73009
A.pras,530.318,0.73168
A.pras,530.594,0.73223
A.pras,530.87,0.73383
A.pras,531.146,0.73389
A.pras,531.422,0.73526
A.pras,531.699,0.73654
A.pras,531.975,0.73792
A.pras,532.251,0.73895
A.pras,532.527,0.74008
A.pras,532.803,0.74073
A.pras,533.079,0.74235
A.pras,533.355,0.74371
A.pras,533.631,0.74396
A.pras,533.907,0.74499
A.pras,534.183,0.74588
A.pras,534.459,0.74703
A.pras,534.735,0.74768
A.pras,535.011,0.74903
A.pras,535.287,0.75016
A.pras,535.563,0.75064
A.pras,535.839,0.75165
A.pras,536.115,0.75251
A.pras,536.391,0.75286
A.pras,536.667,0.75415
A.pras,536.943,0.7552
A.pras,537.219,0.75624
A.pras,537.495,0.75647
A.pras,537.771,0.75719
A.pras,538.047,0.75822
A.pras,538.323,0.75904
A.pras,538.599,0.75933
A.pras,538.875,0.75993
A.pras,539.151,0.76034
A.pras,539.427,0.76129
A.pras,539.703,0.76185
A.pras,539.979,0.7629
A.pras,540.255,0.76319
A.pras,540.531,0.76309
A.pras,540.807,0.76407
A.pras,541.083,0.76442
A.pras,541.359,0.76542
A.pras,541.635,0.76609
A.pras,541.911,0.76615
A.pras,542.187,0.76669
A.pras,542.463,0.76682
A.pras,542.739,0.76724
A.pras,543.015,0.76818
A.pras,543.291,0.76873
A.pras,543.567,0.76875
A.pras,543.843,0.76984
A.pras,544.119,0.76984
A.pras,544.395,0.77015
A.pras,544.671,0.77044
A.pras,544.947,0.7707
A.pras,545.223,0.77094
A.pras,545.499,0.77154
A.pras,545.775,0.77163
A.pras,546.05,0.77121
A.pras,546.326,0.77181
A.pras,546.602,0.77235
A.pras,546.878,0.77256
A.pras,547.154,0.77322
A.pras,547.43,0.77312
A.pras,547.706,0.7741
A.pras,547.982,0.77349
A.pras,548.258,0.77355
A.pras,548.534,0.77366
A.pras,548.81,0.77399
A.pras,549.085,0.77369
A.pras,549.361,0.77458
A.pras,549.637,0.77475
A.pras,549.913,0.77535
A.pras,550.189,0.77518
A.pras,550.465,0.77529
A.pras,550.741,0.77462
A.pras,551.017,0.77479
A.pras,551.292,0.77496
A.pras,551.568,0.77539
A.pras,551.844,0.7754
A.pras,552.12,0.77564
A.pras,552.396,0.7759
A.pras,552.672,0.77539
A.pras,552.948,0.77569
A.pras,553.223,0.77567
A.pras,553.499,0.77517
A.pras,553.775,0.77524
A.pras,554.051,0.77501
A.pras,554.327,0.77533
A.pras,554.603,0.77495
A.pras,554.878,0.77537
A.pras,555.154,0.77498
A.pras,555.43,0.77505
A.pras,555.706,0.77459
A.pras,555.982,0.77466
A.pras,556.258,0.77458
A.pras,556.533,0.77414
A.pras,556.809,0.77423
A.pras,557.085,0.7743
A.pras,557.361,0.77412
A.pras,557.637,0.77414
A.pras,557.912,0.77381
A.pras,558.188,0.77402
A.pras,558.464,0.77288
A.pras,558.74,0.77286
A.pras,559.016,0.77301
A.pras,559.291,0.77311
A.pras,559.567,0.77298
A.pras,559.843,0.7721
A.pras,560.119,0.77178
A.pras,560.394,0.77164
A.pras,560.67,0.77189
A.pras,560.946,0.77144
A.pras,561.222,0.77075
A.pras,561.497,0.7705
A.pras,561.773,0.77069
A.pras,562.049,0.77035
A.pras,562.325,0.76955
A.pras,562.6,0.77008
A.pras,562.876,0.76914
A.pras,563.152,0.7689
A.pras,563.428,0.76831
A.pras,563.703,0.76838
A.pras,563.979,0.76795
A.pras,564.255,0.76817
A.pras,564.531,0.76741
A.pras,564.806,0.76768
A.pras,565.082,0.76737
A.pras,565.358,0.76657
A.pras,565.633,0.76639
A.pras,565.909,0.76623
A.pras,566.185,0.76499
A.pras,566.461,0.76543
A.pras,566.736,0.76537
A.pras,567.012,0.76469
A.pras,567.288,0.76366
A.pras,567.563,0.76373
A.pras,567.839,0.76289
A.pras,568.115,0.76252
A.pras,568.39,0.76198
A.pras,568.666,0.7619
A.pras,568.942,0.76185
A.pras,569.217,0.76102
A.pras,569.493,0.76043
A.pras,569.769,0.75957
A.pras,570.044,0.75969
A.pras,570.32,0.75887
A.pras,570.596,0.75811
A.pras,570.871,0.75791
A.pras,571.147,0.75697
A.pras,571.423,0.75637
A.pras,571.698,0.7562
A.pras,571.974,0.75551
A.pras,572.25,0.75468
A.pras,572.525,0.75436
A.pras,572.801,0.754
A.pras,573.077,0.75334
A.pras,573.352,0.75247
A.pras,573.628,0.75189
A.pras,573.903,0.75145
A.pras,574.179,0.75053
A.pras,574.455,0.75022
A.pras,574.73,0.74926
A.pras,575.006,0.74878
A.pras,575.282,0.7484
A.pras,575.557,0.74751
A.pras,575.833,0.74713
A.pras,576.108,0.74623
A.pras,576.384,0.74595
A.pras,576.66,0.74488
A.pras,576.935,0.74451
A.pras,577.211,0.74402
A.pras,577.486,0.74251
A.pras,577.762,0.74205
A.pras,578.038,0.74135
A.pras,578.313,0.74096
A.pras,578.589,0.7402
A.pras,578.864,0.73906
A.pras,579.14,0.73848
A.pras,579.415,0.73753
A.pras,579.691,0.73692
A.pras,579.966,0.73568
A.pras,580.242,0.73508
A.pras,580.518,0.73442
A.pras,580.793,0.73387
A.pras,581.069,0.73333
A.pras,581.344,0.73272
A.pras,581.62,0.73169
A.pras,581.895,0.73025
A.pras,582.171,0.73017
A.pras,582.446,0.72944
A.pras,582.722,0.72883
A.pras,582.997,0.72743
A.pras,583.273,0.72671
A.pras,583.548,0.72554
A.pras,583.824,0.72512
A.pras,584.1,0.72382
A.pras,584.375,0.723
A.pras,584.651,0.72206
A.pras,584.926,0.72176
A.pras,585.202,0.72047
A.pras,585.477,0.71988
A.pras,585.753,0.71937
A.pras,586.028,0.71835
A.pras,586.304,0.71714
A.pras,586.579,0.71575
A.pras,586.855,0.71481
A.pras,587.13,0.71429
A.pras,587.405,0.71404
A.pras,587.681,0.71335
A.pras,587.956,0.71181
A.pras,588.232,0.71125
A.pras,588.507,0.70996
A.pras,588.783,0.70927
A.pras,589.058,0.70834
A.pras,589.334,0.70712
A.pras,589.609,0.7066
A.pras,589.885,0.70533
A.pras,590.16,0.70435
A.pras,590.436,0.70401
A.pras,590.711,0.70245
A.pras,590.986,0.70184
A.pras,591.262,0.70069
A.pras,591.537,0.69984
A.pras,591.813,0.69879
A.pras,592.088,0.69803
A.pras,592.364,0.69709
A.pras,592.639,0.69667
A.pras,592.914,0.69534
A.pras,593.19,0.69444
A.pras,593.465,0.69324
A.pras,593.741,0.69221
A.pras,594.016,0.69186
A.pras,594.291,0.69079
A.pras,594.567,0.68946
A.pras,594.842,0.68856
A.pras,595.118,0.68758
A.pras,595.393,0.68724
A.pras,595.668,0.68587
A.pras,595.944,0.68461
A.pras,596.219,0.68375
A.pras,596.495,0.68295
A.pras,596.77,0.68214
A.pras,597.045,0.68125
A.pras,597.321,0.68059
A.pras,597.596,0.67923
A.pras,597.871,0.67843
A.pras,598.147,0.67733
A.pras,598.422,0.6765
A.pras,598.698,0.67585
A.pras,598.973,0.67431
A.pras,599.248,0.67378
A.pras,599.524,0.67275
A.pras,599.799,0.67161
A.pras,600.074,0.67154
A.pras,600.35,0.66957
A.pras,600.625,0.66916
A.pras,600.9,0.66821
A.pras,601.176,0.66708
A.pras,601.451,0.66597
A.pras,601.726,0.66528
A.pras,602.002,0.66457
A.pras,602.277,0.66379
A.pras,602.552,0.66213
A.pras,602.828,0.6617
A.pras,603.103,0.66018
A.pras,603.378,0.65959
A.pras,603.653,0.65857
A.pras,603.929,0.6577
A.pras,604.204,0.65702
A.pras,604.479,0.65595
A.pras,604.755,0.65502
A.pras,605.03,0.6541
A.pras,605.305,0.65301
A.pras,605.581,0.65227
A.pras,605.856,0.65143
A.pras,606.131,0.65058
A.pras,606.406,0.64947
A.pras,606.682,0.64835
A.pras,606.957,0.64778
A.pras,607.232,0.64671
A.pras,607.507,0.64593
A.pras,607.783,0.64516
A.pras,608.058,0.6446
A.pras,608.333,0.64371
A.pras,608.608,0.64316
A.pras,608.884,0.64189
A.pras,609.159,0.64107
A.pras,609.434,0.64027
A.pras,609.709,0.63937
A.pras,609.985,0.63878
A.pras,610.26,0.63795
A.pras,610.535,0.63715
A.pras,610.81,0.6361
A.pras,611.086,0.63594
A.pras,611.361,0.63467
A.pras,611.636,0.63416
A.pras,611.911,0.63301
A.pras,612.186,0.63246
A.pras,612.462,0.63197
A.pras,612.737,0.63134
A.pras,613.012,0.62975
A.pras,613.287,0.62879
A.pras,613.562,0.62881
A.pras,613.838,0.62829
A.pras,614.113,0.62706
A.pras,614.388,0.62583
A.pras,614.663,0.62513
A.pras,614.938,0.62493
A.pras,615.214,0.62394
A.pras,615.489,0.62264
A.pras,615.764,0.62225
A.pras,616.039,0.62148
A.pras,616.314,0.62041
A.pras,616.589,0.6202
A.pras,616.865,0.61899
A.pras,617.14,0.61842
A.pras,617.415,0.61731
A.pras,617.69,0.61689
A.pras,617.965,0.61586
A.pras,618.24,0.61507
A.pras,618.516,0.61443
A.pras,618.791,0.61388
A.pras,619.066,0.61336
A.pras,619.341,0.61315
A.pras,619.616,0.6124
A.pras,619.891,0.61166
A.pras,620.166,0.61029
A.pras,620.441,0.60994
A.pras,620.717,0.60871
A.pras,620.992,0.6079
A.pras,621.267,0.60686
A.pras,621.542,0.60686
A.pras,621.817,0.60608
A.pras,622.092,0.6049
A.pras,622.367,0.60429
A.pras,622.642,0.60327
A.pras,622.917,0.60249
A.pras,623.193,0.60214
A.pras,623.468,0.60114
A.pras,623.743,0.60025
A.pras,624.018,0.59851
A.pras,624.293,0.59768
A.pras,624.568,0.59783
A.pras,624.843,0.59672
A.pras,625.118,0.59591
A.pras,625.393,0.59487
A.pras,625.668,0.59428
A.pras,625.943,0.59281
A.pras,626.218,0.59188
A.pras,626.493,0.59171
A.pras,626.768,0.59035
A.pras,627.044,0.58926
A.pras,627.319,0.58823
A.pras,627.594,0.58745
A.pras,627.869,0.58637
A.pras,628.144,0.58505
A.pras,628.419,0.58396
A.pras,628.694,0.5829
A.pras,628.969,0.58218
A.pras,629.244,0.58131
A.pras,629.519,0.5805
A.pras,629.794,0.57918
A.pras,630.069,0.57804
A.pras,630.344,0.57753
A.pras,630.619,0.57566
A.pras,630.894,0.57538
A.pras,631.169,0.57358
A.pras,631.444,0.57226
A.pras,631.719,0.57151
A.pras,631.994,0.57049
A.pras,632.269,0.57014
A.pras,632.544,0.56824
A.pras,632.819,0.56757
A.pras,633.094,0.56636
A.pras,633.369,0.56436
A.pras,633.644,0.5636
A.pras,633.919,0.56271
A.pras,634.194,0.56189
A.pras,634.469,0.56089
A.pras,634.744,0.55961
A.pras,635.019,0.55793
A.pras,635.294,0.55727
A.pras,635.569,0.55644
A.pras,635.844,0.55571
A.pras,636.119,0.5543
A.pras,636.394,0.55324
A.pras,636.669,0.55219
A.pras,636.943,0.55111
A.pras,637.218,0.55099
A.pras,637.493,0.54947
A.pras,637.768,0.54896
A.pras,638.043,0.54784
A.pras,638.318,0.54718
A.pras,638.593,0.54597
A.pras,638.868,0.54479
A.pras,639.143,0.54443
A.pras,639.418,0.54353
A.pras,639.693,0.54239
A.pras,639.968,0.5415
A.pras,640.243,0.54067
A.pras,640.518,0.53968
A.pras,640.792,0.53895
A.pras,641.067,0.53805
A.pras,641.342,0.53743
A.pras,641.617,0.53662
A.pras,641.892,0.5357
A.pras,642.167,0.53512
A.pras,642.442,0.53348
A.pras,642.717,0.53334
A.pras,642.992,0.53317
A.pras,643.266,0.53223
A.pras,643.541,0.532
A.pras,643.816,0.53138
A.pras,644.091,0.53053
A.pras,644.366,0.53012
A.pras,644.641,0.5289
A.pras,644.916,0.52866
A.pras,645.19,0.52798
A.pras,645.465,0.52769
A.pras,645.74,0.52687
A.pras,646.015,0.52589
A.pras,646.29,0.5264
A.pras,646.565,0.52599
A.pras,646.84,0.52517
A.pras,647.114,0.52509
A.pras,647.389,0.524
A.pras,647.664,0.52419
A.pras,647.939,0.52357
A.pras,648.214,0.52337
A.pras,648.489,0.52265
A.pras,648.763,0.52227
A.pras,649.038,0.52173
A.pras,649.313,0.52176
A.pras,649.588,0.52151
A.pras,649.863,0.52046
A.pras,650.137,0.52066
A.pras,650.412,0.51989
A.pras,650.687,0.51981
A.pras,650.962,0.51937
A.pras,651.237,0.51916
A.pras,651.511,0.51863
A.pras,651.786,0.51785
A.pras,652.061,0.51786
A.pras,652.336,0.51751
A.pras,652.611,0.51791
A.pras,652.885,0.51692
A.pras,653.16,0.51675
A.pras,653.435,0.5168
A.pras,653.71,0.51621
A.pras,653.984,0.51552
A.pras,654.259,0.51566
A.pras,654.534,0.51595
A.pras,654.809,0.51527
A.pras,655.083,0.5149
A.pras,655.358,0.51607
A.pras,655.633,0.5154
A.pras,655.908,0.51528
A.pras,656.182,0.51506
A.pras,656.457,0.51493
A.pras,656.732,0.51448
A.pras,657.007,0.51453
A.pras,657.281,0.51403
A.pras,657.556,0.51442
A.pras,657.831,0.51477
A.pras,658.105,0.51425
A.pras,658.38,0.514
A.pras,658.655,0.51405
A.pras,658.93,0.51488
A.pras,659.204,0.51403
A.pras,659.479,0.51401
A.pras,659.754,0.51456
A.pras,660.028,0.51408
A.pras,660.303,0.51397
A.pras,660.578,0.51384
A.pras,660.852,0.51476
A.pras,661.127,0.51555
A.pras,661.402,0.51497
A.pras,661.676,0.51482
A.pras,661.951,0.51501
A.pras,662.226,0.5153
A.pras,662.501,0.51586
A.pras,662.775,0.51528
A.pras,663.05,0.51626
A.pras,663.325,0.51723
A.pras,663.599,0.5173
A.pras,663.874,0.51725
A.pras,664.148,0.51811
A.pras,664.423,0.51876
A.pras,664.698,0.51874
A.pras,664.972,0.52032
A.pras,665.247,0.52026
A.pras,665.522,0.52184
A.pras,665.796,0.52273
A.pras,666.071,0.52313
A.pras,666.346,0.52415
A.pras,666.62,0.52518
A.pras,666.895,0.52563
A.pras,667.169,0.52655
A.pras,667.444,0.52707
A.pras,667.719,0.52775
A.pras,667.993,0.52838
A.pras,668.268,0.53019
A.pras,668.543,0.53104
A.pras,668.817,0.5321
A.pras,669.092,0.53333
A.pras,669.366,0.5349
A.pras,669.641,0.53562
A.pras,669.915,0.5379
A.pras,670.19,0.53888
A.pras,670.465,0.54053
A.pras,670.739,0.54257
A.pras,671.014,0.54434
A.pras,671.288,0.54599
A.pras,671.563,0.5482
A.pras,671.838,0.54979
A.pras,672.112,0.55091
A.pras,672.387,0.5529
A.pras,672.661,0.55522
A.pras,672.936,0.55772
A.pras,673.21,0.55935
A.pras,673.485,0.56153
A.pras,673.759,0.56356
A.pras,674.034,0.56602
A.pras,674.309,0.56848
A.pras,674.583,0.57096
A.pras,674.858,0.57399
A.pras,675.132,0.5766
A.pras,675.407,0.57902
A.pras,675.681,0.58118
A.pras,675.956,0.5839
A.pras,676.23,0.58756
A.pras,676.505,0.5897
A.pras,676.779,0.59263
A.pras,677.054,0.5956
A.pras,677.328,0.59834
A.pras,677.603,0.60106
A.pras,677.877,0.60492
A.pras,678.152,0.60774
A.pras,678.426,0.61061
A.pras,678.701,0.61448
A.pras,678.975,0.61765
A.pras,679.25,0.62078
A.pras,679.524,0.62433
A.pras,679.799,0.62677
A.pras,680.073,0.63149
A.pras,680.348,0.6352
A.pras,680.622,0.63827
A.pras,680.897,0.64202
A.pras,681.171,0.64588
A.pras,681.446,0.64917
A.pras,681.72,0.65349
A.pras,681.995,0.65599
A.pras,682.269,0.66022
A.pras,682.543,0.66372
A.pras,682.818,0.66756
A.pras,683.092,0.67128
A.pras,683.367,0.67614
A.pras,683.641,0.67894
A.pras,683.916,0.68223
A.pras,684.19,0.68783
A.pras,684.465,0.6908
A.pras,684.739,0.69453
A.pras,685.013,0.69923
A.pras,685.288,0.70347
A.pras,685.562,0.70678
A.pras,685.837,0.71042
A.pras,686.111,0.71474
A.pras,686.386,0.71858
A.pras,686.66,0.72238
A.pras,686.934,0.72589
A.pras,687.209,0.73073
A.pras,687.483,0.73359
A.pras,687.758,0.7378
A.pras,688.032,0.74139
A.pras,688.306,0.74576
A.pras,688.581,0.74888
A.pras,688.855,0.75326
A.pras,689.129,0.75686
A.pras,689.404,0.76028
A.pras,689.678,0.76475
A.pras,689.953,0.76875
A.pras,690.227,0.77249
A.pras,690.501,0.77485
A.pras,690.776,0.77917
A.pras,691.05,0.78279
A.pras,691.324,0.78656
A.pras,691.599,0.78954
A.pras,691.873,0.79307
A.pras,692.147,0.79677
A.pras,692.422,0.80019
A.pras,692.696,0.80304
A.pras,692.971,0.80701
A.pras,693.245,0.81063
A.pras,693.519,0.81323
A.pras,693.794,0.81705
A.pras,694.068,0.81993
A.pras,694.342,0.82344
A.pras,694.617,0.82592
A.pras,694.891,0.82964
A.pras,695.165,0.83217
A.pras,695.439,0.83503
A.pras,695.714,0.83775
A.pras,695.988,0.84111
A.pras,696.262,0.84302
A.pras,696.537,0.84678
A.pras,696.811,0.84958
A.pras,697.085,0.85202
A.pras,697.36,0.85457
A.pras,697.634,0.85655
A.pras,697.908,0.85994
A.pras,698.182,0.86203
A.pras,698.457,0.86531
A.pras,698.731,0.86732
A.pras,699.005,0.869
A.pras,699.28,0.87213
A.pras,699.554,0.8741
A.pras,699.828,0.87601
A.pras,700.102,0.87839
A.pras,700.377,0.88167
A.pras,700.651,0.88296
A.pras,700.925,0.88498
A.pras,701.199,0.88672
A.pras,701.474,0.88794
A.pras,701.748,0.8912
A.pras,702.022,0.89337
A.pras,702.296,0.89517
A.pras,702.571,0.89668
A.pras,702.845,0.89913
A.pras,703.119,0.90073
A.pras,703.393,0.90168
A.pras,703.668,0.90382
A.pras,703.942,0.90595
A.pras,704.216,0.90787
A.pras,704.49,0.90848
A.pras,704.764,0.91132
A.pras,705.039,0.91292
A.pras,705.313,0.91446
A.pras,705.587,0.91634
A.pras,705.861,0.91763
A.pras,706.135,0.91836
A.pras,706.41,0.92058
A.pras,706.684,0.92124
A.pras,706.958,0.92272
A.pras,707.232,0.92428
A.pras,707.506,0.92592
A.pras,707.781,0.92759
A.pras,708.055,0.92757
A.pras,708.329,0.92965
A.pras,708.603,0.93012
A.pras,708.877,0.93144
A.pras,709.151,0.93218
A.pras,709.426,0.93296
A.pras,709.7,0.93527
A.pras,709.974,0.93687
A.pras,710.248,0.93683
A.pras,710.522,0.93779
A.pras,710.796,0.9387
A.pras,711.071,0.94009
A.pras,711.345,0.94078
A.pras,711.619,0.94225
A.pras,711.893,0.94277
A.pras,712.167,0.94322
A.pras,712.441,0.94488
A.pras,712.715,0.94543
A.pras,712.989,0.94527
A.pras,713.264,0.9463
A.pras,713.538,0.94794
A.pras,713.812,0.94902
A.pras,714.086,0.94863
A.pras,714.36,0.9499
A.pras,714.634,0.95084
A.pras,714.908,0.95173
A.pras,715.182,0.95168
A.pras,715.456,0.95293
A.pras,715.731,0.95384
A.pras,716.005,0.95373
A.pras,716.279,0.95401
A.pras,716.553,0.95478
A.pras,716.827,0.95532
A.pras,717.101,0.95561
A.pras,717.375,0.95661
A.pras,717.649,0.95777
A.pras,717.923,0.95834
A.pras,718.197,0.95836
A.pras,718.471,0.95909
A.pras,718.745,0.95908
A.pras,719.019,0.96009
A.pras,719.294,0.95969
A.pras,719.568,0.95993
A.pras,719.842,0.96108
A.pras,720.116,0.96072
A.pras,720.39,0.96245
A.pras,720.664,0.96244
A.pras,720.938,0.96306
A.pras,721.212,0.96338
A.pras,721.486,0.96372
A.pras,721.76,0.96259
A.pras,722.034,0.96329
A.pras,722.308,0.96442
A.pras,722.582,0.96457
A.pras,722.856,0.96546
A.pras,723.13,0.96516
A.pras,723.404,0.96548
A.pras,723.678,0.96665
A.pras,723.952,0.96652
A.pras,724.226,0.9657
A.pras,724.5,0.96679
A.pras,724.774,0.96808
A.pras,725.048,0.96688
A.pras,725.322,0.96836
A.pras,725.596,0.96798
A.pras,725.87,0.96805
A.pras,726.144,0.96955
A.pras,726.418,0.96996
A.pras,726.692,0.96902
A.pras,726.966,0.97001
A.pras,727.24,0.96935
A.pras,727.514,0.97011
A.pras,727.788,0.96929
A.pras,728.062,0.96955
A.pras,728.336,0.97078
A.pras,728.61,0.97134
A.pras,728.884,0.97081
A.pras,729.158,0.97097
A.pras,729.432,0.9715
A.pras,729.706,0.97098
A.pras,729.979,0.97182
A.pras,730.253,0.97078
A.pras,730.527,0.97277
A.pras,730.801,0.97278
A.pras,731.075,0.97257
A.pras,731.349,0.97387
A.pras,731.623,0.973
A.pras,731.897,0.97292
A.pras,732.171,0.97365
A.pras,732.445,0.97391
A.pras,732.719,0.97327
A.pras,732.993,0.97344
A.pras,733.267,0.97304
A.pras,733.54,0.97249
A.pras,733.814,0.97317
A.pras,734.088,0.97451
A.pras,734.362,0.97283
A.pras,734.636,0.97362
A.pras,734.91,0.97478
A.pras,735.184,0.97398
A.pras,735.458,0.97454
A.pras,735.732,0.97431
A.pras,736.005,0.97517
A.pras,736.279,0.97529
A.pras,736.553,0.97541
A.pras,736.827,0.97455
A.pras,737.101,0.97466
A.pras,737.375,0.97476
A.pras,737.649,0.97503
A.pras,737.922,0.97554
A.pras,738.196,0.97503
A.pras,738.47,0.97537
A.pras,738.744,0.97438
A.pras,739.018,0.97489
A.pras,739.292,0.97662
A.pras,739.566,0.9756
A.pras,739.839,0.97549
A.pras,740.113,0.97667
A.pras,740.387,0.97509
A.pras,740.661,0.97542
A.pras,740.935,0.97701
A.pras,741.209,0.97615
A.pras,741.482,0.97557
A.pras,741.756,0.97663
A.pras,742.03,0.97637
A.pras,742.304,0.97701
A.pras,742.578,0.9773
A.pras,742.851,0.97642
A.pras,743.125,0.97567
A.pras,743.399,0.97597
A.pras,743.673,0.97649
A.pras,743.947,0.97678
A.pras,744.22,0.97747
A.pras,744.494,0.97512
A.pras,744.768,0.9764
A.pras,745.042,0.9764
A.pras,745.315,0.97636
A.pras,745.589,0.97582
A.pras,745.863,0.97628
A.pras,746.137,0.97661
A.pras,746.411,0.97658
A.pras,746.684,0.97664
A.pras,746.958,0.97698
A.pras,747.232,0.97713
A.pras,747.506,0.97712
A.pras,747.779,0.97557
A.pras,748.053,0.97685
A.pras,748.327,0.97695
A.pras,748.601,0.97752
A.pras,748.874,0.97769
A.pras,749.148,0.97762
A.pras,749.422,0.97735
A.pras,749.695,0.97723
A.pras,749.969,0.97689
A.pras,750.243,0.97783
A.pras,750.517,0.97632
A.pras,750.79,0.97756
A.pras,751.064,0.97667
A.pras,751.338,0.97642
A.pras,751.611,0.97843
A.pras,751.885,0.97771
A.pras,752.159,0.97729
A.pras,752.433,0.97698
A.pras,752.706,0.97671
A.pras,752.98,0.97698
A.pras,753.254,0.97664
A.pras,753.527,0.97672
A.pras,753.801,0.97767
A.pras,754.075,0.97691
A.pras,754.348,0.97783
A.pras,754.622,0.97777
A.pras,754.896,0.97746
A.pras,755.169,0.97712
A.pras,755.443,0.97657
A.pras,755.717,0.97599
A.pras,755.99,0.97617
A.pras,756.264,0.97786
A.pras,756.538,0.97846
A.pras,756.811,0.97654
A.pras,757.085,0.97764
A.pras,757.359,0.97844
A.pras,757.632,0.97782
A.pras,757.906,0.97847
A.pras,758.18,0.97715
A.pras,758.453,0.97795
A.pras,758.727,0.97746
A.pras,759,0.97654
A.pras,759.274,0.97675
A.pras,759.548,0.97721
A.pras,759.821,0.97807
A.pras,760.095,0.97635
A.pras,760.369,0.9766
A.pras,760.642,0.97688
A.pras,760.916,0.97637
A.pras,761.189,0.9761
A.pras,761.463,0.9762
A.pras,761.737,0.97644
A.pras,762.01,0.97651
A.pras,762.284,0.97672
A.pras,762.557,0.97716
A.pras,762.831,0.97502
A.pras,763.105,0.97523
A.pras,763.378,0.97648
A.pras,763.652,0.97632
A.pras,763.925,0.9743
A.pras,764.199,0.975
A.pras,764.472,0.97578
A.pras,764.746,0.97517
A.pras,765.02,0.97392
A.pras,765.293,0.9738
A.pras,765.567,0.97488
A.pras,765.84,0.97445
A.pras,766.114,0.97459
A.pras,766.387,0.97379
A.pras,766.661,0.97385
A.pras,766.934,0.97415
A.pras,767.208,0.97386
A.pras,767.481,0.97519
A.pras,767.755,0.97387
A.pras,768.029,0.97274
A.pras,768.302,0.97272
A.pras,768.576,0.97319
A.pras,768.849,0.97319
A.pras,769.123,0.97374
A.pras,769.396,0.97269
A.pras,769.67,0.97198
A.pras,769.943,0.97257
A.pras,770.217,0.97293
A.pras,770.49,0.97179
A.pras,770.764,0.97119
A.pras,771.037,0.9725
A.pras,771.311,0.97112
A.pras,771.584,0.9709
A.pras,771.858,0.9712
A.pras,772.131,0.97109
A.pras,772.405,0.9695
A.pras,772.678,0.96967
A.pras,772.952,0.96978
A.pras,773.225,0.96992
A.pras,773.499,0.96941
A.pras,773.772,0.96797
A.pras,774.045,0.96813
A.pras,774.319,0.9677
A.pras,774.592,0.96695
A.pras,774.866,0.96798
A.pras,775.139,0.96842
A.pras,775.413,0.96661
A.pras,775.686,0.96686
A.pras,775.96,0.96694
A.pras,776.233,0.96586
A.pras,776.507,0.96559
A.pras,776.78,0.96604
A.pras,777.053,0.96583
A.pras,777.327,0.96603
A.pras,777.6,0.96564
A.pras,777.874,0.96483
A.pras,778.147,0.96386
A.pras,778.42,0.96389
A.pras,778.694,0.96448
A.pras,778.967,0.96242
A.pras,779.241,0.96311
A.pras,779.514,0.9632
A.pras,779.788,0.96247
A.pras,780.061,0.96025
A.pras,780.334,0.9622
A.pras,780.608,0.96148
A.pras,780.881,0.96145
A.pras,781.154,0.96223
A.pras,781.428,0.95929
A.pras,781.701,0.95788
A.pras,781.975,0.95871
A.pras,782.248,0.95785
A.pras,782.521,0.95672
A.pras,782.795,0.95782
A.pras,783.068,0.95636
A.pras,783.341,0.95665
A.pras,783.615,0.9559
A.pras,783.888,0.9552
A.pras,784.162,0.95482
A.pras,784.435,0.9528
A.pras,784.708,0.95399
A.pras,784.982,0.95395
A.pras,785.255,0.95195
A.pras,785.528,0.95136
A.pras,785.802,0.95188
A.pras,786.075,0.95179
A.pras,786.348,0.94956
A.pras,786.622,0.95108
A.pras,786.895,0.94957
A.pras,787.168,0.95026
A.pras,787.442,0.94859
A.pras,787.715,0.94909
A.pras,787.988,0.94978
A.pras,788.262,0.94728
A.pras,788.535,0.94659
A.pras,788.808,0.94645
A.pras,789.081,0.94679
A.pras,789.355,0.94506
A.pras,789.628,0.94302
A.pras,789.901,0.9441
A.pras,790.175,0.94065
X.euca,509.05,0.67247
X.euca,509.327,0.64825
X.euca,509.603,0.65187
X.euca,509.879,0.6534
X.euca,510.156,0.65395
X.euca,510.432,0.65422
X.euca,510.708,0.65493
X.euca,510.984,0.65638
X.euca,511.261,0.65749
X.euca,511.537,0.65899
X.euca,511.813,0.66038
X.euca,512.09,0.66089
X.euca,512.366,0.6616
X.euca,512.642,0.66184
X.euca,512.918,0.66238
X.euca,513.195,0.66391
X.euca,513.471,0.66576
X.euca,513.747,0.66554
X.euca,514.024,0.66789
X.euca,514.3,0.66912
X.euca,514.576,0.66878
X.euca,514.852,0.67014
X.euca,515.129,0.67081
X.euca,515.405,0.67264
X.euca,515.681,0.67404
X.euca,515.957,0.67398
X.euca,516.234,0.6762
X.euca,516.51,0.67582
X.euca,516.786,0.67754
X.euca,517.062,0.67918
X.euca,517.339,0.67971
X.euca,517.615,0.68098
X.euca,517.891,0.68176
X.euca,518.167,0.68339
X.euca,518.443,0.68362
X.euca,518.72,0.68498
X.euca,518.996,0.68613
X.euca,519.272,0.68724
X.euca,519.548,0.68958
X.euca,519.824,0.68929
X.euca,520.101,0.69047
X.euca,520.377,0.69172
X.euca,520.653,0.69272
X.euca,520.929,0.69269
X.euca,521.205,0.69544
X.euca,521.482,0.69691
X.euca,521.758,0.69679
X.euca,522.034,0.69768
X.euca,522.31,0.69973
X.euca,522.586,0.70086
X.euca,522.863,0.70178
X.euca,523.139,0.70282
X.euca,523.415,0.70454
X.euca,523.691,0.70461
X.euca,523.967,0.70635
X.euca,524.243,0.70685
X.euca,524.52,0.70809
X.euca,524.796,0.70927
X.euca,525.072,0.71014
X.euca,525.348,0.71178
X.euca,525.624,0.71331
X.euca,525.9,0.71369
X.euca,526.176,0.7153
X.euca,526.453,0.71685
X.euca,526.729,0.7178
X.euca,527.005,0.71826
X.euca,527.281,0.71855
X.euca,527.557,0.72018
X.euca,527.833,0.72148
X.euca,528.109,0.72243
X.euca,528.385,0.72389
X.euca,528.661,0.72401
X.euca,528.938,0.72537
X.euca,529.214,0.72624
X.euca,529.49,0.72737
X.euca,529.766,0.72868
X.euca,530.042,0.73041
X.euca,530.318,0.73058
X.euca,530.594,0.73152
X.euca,530.87,0.73371
X.euca,531.146,0.73359
X.euca,531.422,0.73506
X.euca,531.699,0.73658
X.euca,531.975,0.73741
X.euca,532.251,0.7377
X.euca,532.527,0.73887
X.euca,532.803,0.74042
X.euca,533.079,0.74156
X.euca,533.355,0.74234
X.euca,533.631,0.74385
X.euca,533.907,0.74395
X.euca,534.183,0.74545
X.euca,534.459,0.74489
X.euca,534.735,0.74795
X.euca,535.011,0.74896
X.euca,535.287,0.74841
X.euca,535.563,0.75034
X.euca,535.839,0.75149
X.euca,536.115,0.75226
X.euca,536.391,0.7533
X.euca,536.667,0.75426
X.euca,536.943,0.75459
X.euca,537.219,0.75554
X.euca,537.495,0.75669
X.euca,537.771,0.75905
X.euca,538.047,0.759
X.euca,538.323,0.75972
X.euca,538.599,0.76116
X.euca,538.875,0.76138
X.euca,539.151,0.76251
X.euca,539.427,0.76345
X.euca,539.703,0.76348
X.euca,539.979,0.76501
X.euca,540.255,0.76595
X.euca,540.531,0.76636
X.euca,540.807,0.76605
X.euca,541.083,0.76786
X.euca,541.359,0.76939
X.euca,541.635,0.76965
X.euca,541.911,0.77127
X.euca,542.187,0.77142
X.euca,542.463,0.77282
X.euca,542.739,0.77318
X.euca,543.015,0.77471
X.euca,543.291,0.77495
X.euca,543.567,0.77578
X.euca,543.843,0.77682
X.euca,544.119,0.77825
X.euca,544.395,0.77841
X.euca,544.671,0.77857
X.euca,544.947,0.77878
X.euca,545.223,0.78053
X.euca,545.499,0.78122
X.euca,545.775,0.78128
X.euca,546.05,0.78119
X.euca,546.326,0.78282
X.euca,546.602,0.78326
X.euca,546.878,0.78401
X.euca,547.154,0.78441
X.euca,547.43,0.78504
X.euca,547.706,0.78568
X.euca,547.982,0.78716
X.euca,548.258,0.78741
X.euca,548.534,0.78748
X.euca,548.81,0.78813
X.euca,549.085,0.78814
X.euca,549.361,0.78937
X.euca,549.637,0.78941
X.euca,549.913,0.7905
X.euca,550.189,0.79166
X.euca,550.465,0.79194
X.euca,550.741,0.79128
X.euca,551.017,0.79205
X.euca,551.292,0.79156
X.euca,551.568,0.79258
X.euca,551.844,0.79311
X.euca,552.12,0.79306
X.euca,552.396,0.79409
X.euca,552.672,0.79406
X.euca,552.948,0.79512
X.euca,553.223,0.79613
X.euca,553.499,0.79534
X.euca,553.775,0.79681
X.euca,554.051,0.79577
X.euca,554.327,0.79714
X.euca,554.603,0.79641
X.euca,554.878,0.79757
X.euca,555.154,0.79713
X.euca,555.43,0.7971
X.euca,555.706,0.79712
X.euca,555.982,0.7985
X.euca,556.258,0.79867
X.euca,556.533,0.79878
X.euca,556.809,0.79833
X.euca,557.085,0.79879
X.euca,557.361,0.79875
X.euca,557.637,0.79952
X.euca,557.912,0.80025
X.euca,558.188,0.79977
X.euca,558.464,0.80006
X.euca,558.74,0.80136
X.euca,559.016,0.79968
X.euca,559.291,0.8014
X.euca,559.567,0.80107
X.euca,559.843,0.80097
X.euca,560.119,0.80123
X.euca,560.394,0.80125
X.euca,560.67,0.80219
X.euca,560.946,0.80273
X.euca,561.222,0.80138
X.euca,561.497,0.80191
X.euca,561.773,0.8017
X.euca,562.049,0.80149
X.euca,562.325,0.80169
X.euca,562.6,0.80219
X.euca,562.876,0.80351
X.euca,563.152,0.80272
X.euca,563.428,0.80266
X.euca,563.703,0.8029
X.euca,563.979,0.80249
X.euca,564.255,0.8031
X.euca,564.531,0.80295
X.euca,564.806,0.80271
X.euca,565.082,0.80284
X.euca,565.358,0.80354
X.euca,565.633,0.80325
X.euca,565.909,0.80377
X.euca,566.185,0.80375
X.euca,566.461,0.80308
X.euca,566.736,0.80288
X.euca,567.012,0.8032
X.euca,567.288,0.80348
X.euca,567.563,0.80345
X.euca,567.839,0.80269
X.euca,568.115,0.80379
X.euca,568.39,0.80343
X.euca,568.666,0.80365
X.euca,568.942,0.8035
X.euca,569.217,0.80321
X.euca,569.493,0.80344
X.euca,569.769,0.80399
X.euca,570.044,0.80558
X.euca,570.32,0.80459
X.euca,570.596,0.80347
X.euca,570.871,0.8047
X.euca,571.147,0.80341
X.euca,571.423,0.80467
X.euca,571.698,0.80453
X.euca,571.974,0.80488
X.euca,572.25,0.80422
X.euca,572.525,0.80486
X.euca,572.801,0.80505
X.euca,573.077,0.80519
X.euca,573.352,0.80474
X.euca,573.628,0.80525
X.euca,573.903,0.80489
X.euca,574.179,0.80464
X.euca,574.455,0.80493
X.euca,574.73,0.80414
X.euca,575.006,0.80489
X.euca,575.282,0.80527
X.euca,575.557,0.80584
X.euca,575.833,0.80571
X.euca,576.108,0.80498
X.euca,576.384,0.80691
X.euca,576.66,0.80685
X.euca,576.935,0.80585
X.euca,577.211,0.80572
X.euca,577.486,0.80582
X.euca,577.762,0.80597
X.euca,578.038,0.80498
X.euca,578.313,0.80614
X.euca,578.589,0.80545
X.euca,578.864,0.80635
X.euca,579.14,0.8071
X.euca,579.415,0.80611
X.euca,579.691,0.80554
X.euca,579.966,0.80644
X.euca,580.242,0.80679
X.euca,580.518,0.80569
X.euca,580.793,0.80648
X.euca,581.069,0.80578
X.euca,581.344,0.80538
X.euca,581.62,0.80663
X.euca,581.895,0.80663
X.euca,582.171,0.80568
X.euca,582.446,0.80545
X.euca,582.722,0.80517
X.euca,582.997,0.8056
X.euca,583.273,0.80485
X.euca,583.548,0.80558
X.euca,583.824,0.80657
X.euca,584.1,0.80581
X.euca,584.375,0.80573
X.euca,584.651,0.80416
X.euca,584.926,0.80523
X.euca,585.202,0.80484
X.euca,585.477,0.80458
X.euca,585.753,0.80478
X.euca,586.028,0.80489
X.euca,586.304,0.80408
X.euca,586.579,0.80498
X.euca,586.855,0.80354
X.euca,587.13,0.80429
X.euca,587.405,0.80355
X.euca,587.681,0.80389
X.euca,587.956,0.80362
X.euca,588.232,0.80423
X.euca,588.507,0.80409
X.euca,588.783,0.80189
X.euca,589.058,0.80303
X.euca,589.334,0.80096
X.euca,589.609,0.80194
X.euca,589.885,0.80147
X.euca,590.16,0.80229
X.euca,590.436,0.80127
X.euca,590.711,0.80091
X.euca,590.986,0.80045
X.euca,591.262,0.79955
X.euca,591.537,0.79963
X.euca,591.813,0.7992
X.euca,592.088,0.79873
X.euca,592.364,0.79762
X.euca,592.639,0.79763
X.euca,592.914,0.79607
X.euca,593.19,0.79641
X.euca,593.465,0.79638
X.euca,593.741,0.79493
X.euca,594.016,0.79464
X.euca,594.291,0.79369
X.euca,594.567,0.79391
X.euca,594.842,0.79233
X.euca,595.118,0.79293
X.euca,595.393,0.79278
X.euca,595.668,0.79035
X.euca,595.944,0.78942
X.euca,596.219,0.7885
X.euca,596.495,0.7876
X.euca,596.77,0.78657
X.euca,597.045,0.78782
X.euca,597.321,0.78597
X.euca,597.596,0.78569
X.euca,597.871,0.78531
X.euca,598.147,0.78349
X.euca,598.422,0.78243
X.euca,598.698,0.78135
X.euca,598.973,0.78133
X.euca,599.248,0.77893
X.euca,599.524,0.77832
X.euca,599.799,0.77781
X.euca,600.074,0.77753
X.euca,600.35,0.77573
X.euca,600.625,0.77531
X.euca,600.9,0.77437
X.euca,601.176,0.77261
X.euca,601.451,0.77193
X.euca,601.726,0.77206
X.euca,602.002,0.76969
X.euca,602.277,0.76819
X.euca,602.552,0.76706
X.euca,602.828,0.76595
X.euca,603.103,0.76467
X.euca,603.378,0.76456
X.euca,603.653,0.76264
X.euca,603.929,0.76127
X.euca,604.204,0.76007
X.euca,604.479,0.76022
X.euca,604.755,0.75728
X.euca,605.03,0.75648
X.euca,605.305,0.75476
X.euca,605.581,0.75344
X.euca,605.856,0.75258
X.euca,606.131,0.75254
X.euca,606.406,0.75092
X.euca,606.682,0.74898
X.euca,606.957,0.74792
X.euca,607.232,0.74699
X.euca,607.507,0.7451
X.euca,607.783,0.74435
X.euca,608.058,0.7432
X.euca,608.333,0.74215
X.euca,608.608,0.7404
X.euca,608.884,0.73866
X.euca,609.159,0.73671
X.euca,609.434,0.73672
X.euca,609.709,0.7359
X.euca,609.985,0.73355
X.euca,610.26,0.7323
X.euca,610.535,0.73189
X.euca,610.81,0.7311
X.euca,611.086,0.72921
X.euca,611.361,0.72861
X.euca,611.636,0.72712
X.euca,611.911,0.72584
X.euca,612.186,0.72524
X.euca,612.462,0.72372
X.euca,612.737,0.72306
X.euca,613.012,0.72236
X.euca,613.287,0.72241
X.euca,613.562,0.7211
X.euca,613.838,0.72091
X.euca,614.113,0.71864
X.euca,614.388,0.71752
X.euca,614.663,0.71713
X.euca,614.938,0.71703
X.euca,615.214,0.71526
X.euca,615.489,0.71467
X.euca,615.764,0.71459
X.euca,616.039,0.71457
X.euca,616.314,0.71281
X.euca,616.589,0.71252
X.euca,616.865,0.71369
X.euca,617.14,0.71301
X.euca,617.415,0.71266
X.euca,617.69,0.71167
X.euca,617.965,0.71112
X.euca,618.24,0.71166
X.euca,618.516,0.71218
X.euca,618.791,0.71147
X.euca,619.066,0.71134
X.euca,619.341,0.71179
X.euca,619.616,0.71116
X.euca,619.891,0.71169
X.euca,620.166,0.71116
X.euca,620.441,0.7118
X.euca,620.717,0.71213
X.euca,620.992,0.71136
X.euca,621.267,0.71257
X.euca,621.542,0.71317
X.euca,621.817,0.7136
X.euca,622.092,0.71474
X.euca,622.367,0.71458
X.euca,622.642,0.71671
X.euca,622.917,0.71574
X.euca,623.193,0.71553
X.euca,623.468,0.71648
X.euca,623.743,0.71734
X.euca,624.018,0.71812
X.euca,624.293,0.71737
X.euca,624.568,0.71936
X.euca,624.843,0.7198
X.euca,625.118,0.72152
X.euca,625.393,0.72174
X.euca,625.668,0.72175
X.euca,625.943,0.72289
X.euca,626.218,0.72407
X.euca,626.493,0.7244
X.euca,626.768,0.72555
X.euca,627.044,0.72619
X.euca,627.319,0.72704
X.euca,627.594,0.7277
X.euca,627.869,0.72877
X.euca,628.144,0.72965
X.euca,628.419,0.73068
X.euca,628.694,0.73216
X.euca,628.969,0.73202
X.euca,629.244,0.73284
X.euca,629.519,0.73442
X.euca,629.794,0.73456
X.euca,630.069,0.73595
X.euca,630.344,0.73563
X.euca,630.619,0.73694
X.euca,630.894,0.73774
X.euca,631.169,0.7394
X.euca,631.444,0.73865
X.euca,631.719,0.73924
X.euca,631.994,0.73981
X.euca,632.269,0.74102
X.euca,632.544,0.74211
X.euca,632.819,0.74213
X.euca,633.094,0.74267
X.euca,633.369,0.74407
X.euca,633.644,0.74401
X.euca,633.919,0.74481
X.euca,634.194,0.7441
X.euca,634.469,0.74494
X.euca,634.744,0.74587
X.euca,635.019,0.74558
X.euca,635.294,0.74734
X.euca,635.569,0.74672
X.euca,635.844,0.74628
X.euca,636.119,0.74739
X.euca,636.394,0.74736
X.euca,636.669,0.74777
X.euca,636.943,0.74714
X.euca,637.218,0.74739
X.euca,637.493,0.74845
X.euca,637.768,0.74807
X.euca,638.043,0.74724
X.euca,638.318,0.74718
X.euca,638.593,0.74699
X.euca,638.868,0.74619
X.euca,639.143,0.74771
X.euca,639.418,0.74723
X.euca,639.693,0.74764
X.euca,639.968,0.74617
X.euca,640.243,0.74623
X.euca,640.518,0.7476
X.euca,640.792,0.74572
X.euca,641.067,0.74606
X.euca,641.342,0.74536
X.euca,641.617,0.74302
X.euca,641.892,0.7439
X.euca,642.167,0.74301
X.euca,642.442,0.74331
X.euca,642.717,0.74094
X.euca,642.992,0.74143
X.euca,643.266,0.74025
X.euca,643.541,0.73941
X.euca,643.816,0.73813
X.euca,644.091,0.73764
X.euca,644.366,0.73766
X.euca,644.641,0.7365
X.euca,644.916,0.73572
X.euca,645.19,0.73493
X.euca,645.465,0.73363
X.euca,645.74,0.73388
X.euca,646.015,0.73196
X.euca,646.29,0.73027
X.euca,646.565,0.72887
X.euca,646.84,0.72886
X.euca,647.114,0.72685
X.euca,647.389,0.72725
X.euca,647.664,0.7241
X.euca,647.939,0.72415
X.euca,648.214,0.72285
X.euca,648.489,0.7233
X.euca,648.763,0.71919
X.euca,649.038,0.71955
X.euca,649.313,0.71792
X.euca,649.588,0.71676
X.euca,649.863,0.71435
X.euca,650.137,0.71347
X.euca,650.412,0.7105
X.euca,650.687,0.70992
X.euca,650.962,0.70929
X.euca,651.237,0.70729
X.euca,651.511,0.70606
X.euca,651.786,0.70301
X.euca,652.061,0.70175
X.euca,652.336,0.70132
X.euca,652.611,0.6994
X.euca,652.885,0.69714
X.euca,653.16,0.69516
X.euca,653.435,0.69359
X.euca,653.71,0.69142
X.euca,653.984,0.68949
X.euca,654.259,0.68783
X.euca,654.534,0.68663
X.euca,654.809,0.68578
X.euca,655.083,0.68321
X.euca,655.358,0.68073
X.euca,655.633,0.6785
X.euca,655.908,0.67577
X.euca,656.182,0.6739
X.euca,656.457,0.67306
X.euca,656.732,0.67027
X.euca,657.007,0.66839
X.euca,657.281,0.6661
X.euca,657.556,0.66455
X.euca,657.831,0.66206
X.euca,658.105,0.66016
X.euca,658.38,0.65837
X.euca,658.655,0.65665
X.euca,658.93,0.65433
X.euca,659.204,0.65059
X.euca,659.479,0.64978
X.euca,659.754,0.64679
X.euca,660.028,0.64552
X.euca,660.303,0.64242
X.euca,660.578,0.64017
X.euca,660.852,0.63729
X.euca,661.127,0.63636
X.euca,661.402,0.635
X.euca,661.676,0.63187
X.euca,661.951,0.62946
X.euca,662.226,0.62754
X.euca,662.501,0.62603
X.euca,662.775,0.62313
X.euca,663.05,0.62115
X.euca,663.325,0.61931
X.euca,663.599,0.61674
X.euca,663.874,0.61441
X.euca,664.148,0.61336
X.euca,664.423,0.61074
X.euca,664.698,0.6098
X.euca,664.972,0.60754
X.euca,665.247,0.60531
X.euca,665.522,0.60491
X.euca,665.796,0.6016
X.euca,666.071,0.60023
X.euca,666.346,0.59913
X.euca,666.62,0.59687
X.euca,666.895,0.59554
X.euca,667.169,0.59424
X.euca,667.444,0.59277
X.euca,667.719,0.59106
X.euca,667.993,0.58951
X.euca,668.268,0.58891
X.euca,668.543,0.58708
X.euca,668.817,0.58629
X.euca,669.092,0.58503
X.euca,669.366,0.58368
X.euca,669.641,0.58205
X.euca,669.915,0.5832
X.euca,670.19,0.58128
X.euca,670.465,0.58077
X.euca,670.739,0.58074
X.euca,671.014,0.57965
X.euca,671.288,0.58075
X.euca,671.563,0.5791
X.euca,671.838,0.57924
X.euca,672.112,0.57827
X.euca,672.387,0.57786
X.euca,672.661,0.57842
X.euca,672.936,0.57844
X.euca,673.21,0.57843
X.euca,673.485,0.57873
X.euca,673.759,0.57933
X.euca,674.034,0.57965
X.euca,674.309,0.57973
X.euca,674.583,0.58242
X.euca,674.858,0.58363
X.euca,675.132,0.58379
X.euca,675.407,0.58454
X.euca,675.681,0.58647
X.euca,675.956,0.58692
X.euca,676.23,0.58853
X.euca,676.505,0.58916
X.euca,676.779,0.5912
X.euca,677.054,0.59245
X.euca,677.328,0.59514
X.euca,677.603,0.59618
X.euca,677.877,0.59819
X.euca,678.152,0.60161
X.euca,678.426,0.6031
X.euca,678.701,0.60612
X.euca,678.975,0.60799
X.euca,679.25,0.61184
X.euca,679.524,0.61463
X.euca,679.799,0.61662
X.euca,680.073,0.61906
X.euca,680.348,0.62296
X.euca,680.622,0.62486
X.euca,680.897,0.62986
X.euca,681.171,0.63355
X.euca,681.446,0.63672
X.euca,681.72,0.63976
X.euca,681.995,0.64443
X.euca,682.269,0.64755
X.euca,682.543,0.65196
X.euca,682.818,0.65542
X.euca,683.092,0.65964
X.euca,683.367,0.66438
X.euca,683.641,0.66805
X.euca,683.916,0.6725
X.euca,684.19,0.67534
X.euca,684.465,0.67961
X.euca,684.739,0.68432
X.euca,685.013,0.68851
X.euca,685.288,0.69266
X.euca,685.562,0.69866
X.euca,685.837,0.70184
X.euca,686.111,0.70638
X.euca,686.386,0.71109
X.euca,686.66,0.71506
X.euca,686.934,0.71953
X.euca,687.209,0.72411
X.euca,687.483,0.72983
X.euca,687.758,0.73253
X.euca,688.032,0.73793
X.euca,688.306,0.7417
X.euca,688.581,0.74817
X.euca,688.855,0.7517
X.euca,689.129,0.7565
X.euca,689.404,0.75972
X.euca,689.678,0.76512
X.euca,689.953,0.76977
X.euca,690.227,0.77298
X.euca,690.501,0.77774
X.euca,690.776,0.78277
X.euca,691.05,0.78711
X.euca,691.324,0.79037
X.euca,691.599,0.7948
X.euca,691.873,0.79958
X.euca,692.147,0.80325
X.euca,692.422,0.80636
X.euca,692.696,0.81099
X.euca,692.971,0.81536
X.euca,693.245,0.81947
X.euca,693.519,0.82212
X.euca,693.794,0.82712
X.euca,694.068,0.8296
X.euca,694.342,0.83477
X.euca,694.617,0.83743
X.euca,694.891,0.84133
X.euca,695.165,0.84617
X.euca,695.439,0.84883
X.euca,695.714,0.85093
X.euca,695.988,0.85324
X.euca,696.262,0.85973
X.euca,696.537,0.86167
X.euca,696.811,0.86542
X.euca,697.085,0.86629
X.euca,697.36,0.87102
X.euca,697.634,0.87162
X.euca,697.908,0.87674
X.euca,698.182,0.87865
X.euca,698.457,0.88188
X.euca,698.731,0.88428
X.euca,699.005,0.88611
X.euca,699.28,0.88903
X.euca,699.554,0.8927
X.euca,699.828,0.8934
X.euca,700.102,0.89732
X.euca,700.377,0.89895
X.euca,700.651,0.90099
X.euca,700.925,0.90458
X.euca,701.199,0.90623
X.euca,701.474,0.90873
X.euca,701.748,0.91052
X.euca,702.022,0.9126
X.euca,702.296,0.91392
X.euca,702.571,0.91688
X.euca,702.845,0.92022
X.euca,703.119,0.91949
X.euca,703.393,0.92134
X.euca,703.668,0.92441
X.euca,703.942,0.92556
X.euca,704.216,0.92707
X.euca,704.49,0.92821
X.euca,704.764,0.92897
X.euca,705.039,0.93078
X.euca,705.313,0.93369
X.euca,705.587,0.93376
X.euca,705.861,0.93559
X.euca,706.135,0.93657
X.euca,706.41,0.93893
X.euca,706.684,0.93883
X.euca,706.958,0.94177
X.euca,707.232,0.94304
X.euca,707.506,0.94324
X.euca,707.781,0.94441
X.euca,708.055,0.94467
X.euca,708.329,0.94674
X.euca,708.603,0.94853
X.euca,708.877,0.94909
X.euca,709.151,0.95072
X.euca,709.426,0.95173
X.euca,709.7,0.95248
X.euca,709.974,0.95472
X.euca,710.248,0.95479
X.euca,710.522,0.95525
X.euca,710.796,0.95568
X.euca,711.071,0.95784
X.euca,711.345,0.95812
X.euca,711.619,0.96011
X.euca,711.893,0.95922
X.euca,712.167,0.96152
X.euca,712.441,0.96012
X.euca,712.715,0.96198
X.euca,712.989,0.96191
X.euca,713.264,0.96226
X.euca,713.538,0.96325
X.euca,713.812,0.96435
X.euca,714.086,0.96661
X.euca,714.36,0.96513
X.euca,714.634,0.96615
X.euca,714.908,0.96726
X.euca,715.182,0.96793
X.euca,715.456,0.96843
X.euca,715.731,0.96842
X.euca,716.005,0.97086
X.euca,716.279,0.97137
X.euca,716.553,0.97041
X.euca,716.827,0.97179
X.euca,717.101,0.97156
X.euca,717.375,0.97194
X.euca,717.649,0.97239
X.euca,717.923,0.97364
X.euca,718.197,0.97376
X.euca,718.471,0.97485
X.euca,718.745,0.97539
X.euca,719.019,0.97396
X.euca,719.294,0.97459
X.euca,719.568,0.97558
X.euca,719.842,0.97434
X.euca,720.116,0.97506
X.euca,720.39,0.97567
X.euca,720.664,0.97741
X.euca,720.938,0.97654
X.euca,721.212,0.97738
X.euca,721.486,0.97683
X.euca,721.76,0.97802
X.euca,722.034,0.97741
X.euca,722.308,0.97899
X.euca,722.582,0.97893
X.euca,722.856,0.97818
X.euca,723.13,0.97941
X.euca,723.404,0.97983
X.euca,723.678,0.98044
X.euca,723.952,0.98053
X.euca,724.226,0.98095
X.euca,724.5,0.98139
X.euca,724.774,0.98152
X.euca,725.048,0.98124
X.euca,725.322,0.97958
X.euca,725.596,0.98211
X.euca,725.87,0.98114
X.euca,726.144,0.98212
X.euca,726.418,0.98202
X.euca,726.692,0.98264
X.euca,726.966,0.98178
X.euca,727.24,0.9839
X.euca,727.514,0.98165
X.euca,727.788,0.98391
X.euca,728.062,0.98327
X.euca,728.336,0.98317
X.euca,728.61,0.98431
X.euca,728.884,0.98471
X.euca,729.158,0.9843
X.euca,729.432,0.98403
X.euca,729.706,0.98488
X.euca,729.979,0.9849
X.euca,730.253,0.98434
X.euca,730.527,0.98581
X.euca,730.801,0.98465
X.euca,731.075,0.98518
X.euca,731.349,0.98441
X.euca,731.623,0.9844
X.euca,731.897,0.98443
X.euca,732.171,0.9851
X.euca,732.445,0.98483
X.euca,732.719,0.98568
X.euca,732.993,0.98409
X.euca,733.267,0.98487
X.euca,733.54,0.98614
X.euca,733.814,0.98636
X.euca,734.088,0.98575
X.euca,734.362,0.98547
X.euca,734.636,0.98583
X.euca,734.91,0.98736
X.euca,735.184,0.98673
X.euca,735.458,0.98672
X.euca,735.732,0.98805
X.euca,736.005,0.98796
X.euca,736.279,0.98759
X.euca,736.553,0.98682
X.euca,736.827,0.98697
X.euca,737.101,0.98519
X.euca,737.375,0.98695
X.euca,737.649,0.98744
X.euca,737.922,0.98656
X.euca,738.196,0.98776
X.euca,738.47,0.98838
X.euca,738.744,0.98826
X.euca,739.018,0.98745
X.euca,739.292,0.98766
X.euca,739.566,0.98856
X.euca,739.839,0.98756
X.euca,740.113,0.98687
X.euca,740.387,0.98763
X.euca,740.661,0.9876
X.euca,740.935,0.98908
X.euca,741.209,0.98862
X.euca,741.482,0.98718
X.euca,741.756,0.98769
X.euca,742.03,0.98797
X.euca,742.304,0.98814
X.euca,742.578,0.98955
X.euca,742.851,0.98774
X.euca,743.125,0.9894
X.euca,743.399,0.98916
X.euca,743.673,0.98955
X.euca,743.947,0.98824
X.euca,744.22,0.98919
X.euca,744.494,0.98738
X.euca,744.768,0.98844
X.euca,745.042,0.98925
X.euca,745.315,0.98881
X.euca,745.589,0.98829
X.euca,745.863,0.9881
X.euca,746.137,0.98865
X.euca,746.411,0.99038
X.euca,746.684,0.98997
X.euca,746.958,0.98916
X.euca,747.232,0.98871
X.euca,747.506,0.98741
X.euca,747.779,0.9879
X.euca,748.053,0.98833
X.euca,748.327,0.9888
X.euca,748.601,0.99038
X.euca,748.874,0.98989
X.euca,749.148,0.98928
X.euca,749.422,0.99001
X.euca,749.695,0.99018
X.euca,749.969,0.99
X.euca,750.243,0.99039
X.euca,750.517,0.98924
X.euca,750.79,0.98872
X.euca,751.064,0.9886
X.euca,751.338,0.99021
X.euca,751.611,0.9886
X.euca,751.885,0.99031
X.euca,752.159,0.98975
X.euca,752.433,0.98922
X.euca,752.706,0.99026
X.euca,752.98,0.98961
X.euca,753.254,0.99021
X.euca,753.527,0.98983
X.euca,753.801,0.99031
X.euca,754.075,0.99149
X.euca,754.348,0.98978
X.euca,754.622,0.98933
X.euca,754.896,0.99097
X.euca,755.169,0.99017
X.euca,755.443,0.99056
X.euca,755.717,0.99004
X.euca,755.99,0.98957
X.euca,756.264,0.98929
X.euca,756.538,0.99118
X.euca,756.811,0.99237
X.euca,757.085,0.9906
X.euca,757.359,0.98951
X.euca,757.632,0.98876
X.euca,757.906,0.9887
X.euca,758.18,0.98944
X.euca,758.453,0.9891
X.euca,758.727,0.99035
X.euca,759,0.99129
X.euca,759.274,0.9914
X.euca,759.548,0.99117
X.euca,759.821,0.98983
X.euca,760.095,0.9896
X.euca,760.369,0.99082
X.euca,760.642,0.99121
X.euca,760.916,0.99112
X.euca,761.189,0.98913
X.euca,761.463,0.99088
X.euca,761.737,0.9902
X.euca,762.01,0.99096
X.euca,762.284,0.98914
X.euca,762.557,0.98983
X.euca,762.831,0.9895
X.euca,763.105,0.98914
X.euca,763.378,0.99162
X.euca,763.652,0.98862
X.euca,763.925,0.98833
X.euca,764.199,0.9897
X.euca,764.472,0.98962
X.euca,764.746,0.98923
X.euca,765.02,0.9888
X.euca,765.293,0.98737
X.euca,765.567,0.9891
X.euca,765.84,0.99088
X.euca,766.114,0.98807
X.euca,766.387,0.98939
X.euca,766.661,0.98959
X.euca,766.934,0.98816
X.euca,767.208,0.98918
X.euca,767.481,0.98877
X.euca,767.755,0.99026
X.euca,768.029,0.99063
X.euca,768.302,0.98977
X.euca,768.576,0.98904
X.euca,768.849,0.98887
X.euca,769.123,0.99003
X.euca,769.396,0.98982
X.euca,769.67,0.99079
X.euca,769.943,0.98808
X.euca,770.217,0.99038
X.euca,770.49,0.98876
X.euca,770.764,0.9888
X.euca,771.037,0.98896
X.euca,771.311,0.99133
X.euca,771.584,0.98988
X.euca,771.858,0.99028
X.euca,772.131,0.9894
X.euca,772.405,0.9886
X.euca,772.678,0.98952
X.euca,772.952,0.9895
X.euca,773.225,0.99106
X.euca,773.499,0.98782
X.euca,773.772,0.98905
X.euca,774.045,0.98928
X.euca,774.319,0.98991
X.euca,774.592,0.9887
X.euca,774.866,0.98764
X.euca,775.139,0.98693
X.euca,775.413,0.98885
X.euca,775.686,0.99018
X.euca,775.96,0.98975
X.euca,776.233,0.98954
X.euca,776.507,0.99107
X.euca,776.78,0.98862
X.euca,777.053,0.99122
X.euca,777.327,0.98805
X.euca,777.6,0.9894
X.euca,777.874,0.98863
X.euca,778.147,0.98947
X.euca,778.42,0.98849
X.euca,778.694,0.98763
X.euca,778.967,0.9886
X.euca,779.241,0.98874
X.euca,779.514,0.98835
X.euca,779.788,0.98787
X.euca,780.061,0.98753
X.euca,780.334,0.98954
X.euca,780.608,0.98811
X.euca,780.881,0.98928
X.euca,781.154,0.99001
X.euca,781.428,0.98744
X.euca,781.701,0.98918
X.euca,781.975,0.98885
X.euca,782.248,0.98788
X.euca,782.521,0.98588
X.euca,782.795,0.98733
X.euca,783.068,0.98675
X.euca,783.341,0.98646
X.euca,783.615,0.98827
X.euca,783.888,0.98696
X.euca,784.162,0.98792
X.euca,784.435,0.98748
X.euca,784.708,0.98576
X.euca,784.982,0.98695
X.euca,785.255,0.98559
X.euca,785.528,0.98576
X.euca,785.802,0.9859
X.euca,786.075,0.98564
X.euca,786.348,0.98732
X.euca,786.622,0.98818
X.euca,786.895,0.98561
X.euca,787.168,0.98601
X.euca,787.442,0.98489
X.euca,787.715,0.98482
X.euca,787.988,0.98361
X.euca,788.262,0.98486
X.euca,788.535,0.98552
X.euca,788.808,0.98576
X.euca,789.081,0.98448
X.euca,789.355,0.98318
X.euca,789.628,0.98471
X.euca,789.901,0.98527
X.euca,790.175,0.98614
P.ocul,509.05,0.60738
P.ocul,509.327,0.60075
P.ocul,509.603,0.60337
P.ocul,509.879,0.60504
P.ocul,510.156,0.6063
P.ocul,510.432,0.60768
P.ocul,510.708,0.61031
P.ocul,510.984,0.61173
P.ocul,511.261,0.61366
P.ocul,511.537,0.6167
P.ocul,511.813,0.61866
P.ocul,512.09,0.6212
P.ocul,512.366,0.62356
P.ocul,512.642,0.62501
P.ocul,512.918,0.62661
P.ocul,513.195,0.62867
P.ocul,513.471,0.6308
P.ocul,513.747,0.63212
P.ocul,514.024,0.63359
P.ocul,514.3,0.63545
P.ocul,514.576,0.63697
P.ocul,514.852,0.63918
P.ocul,515.129,0.64138
P.ocul,515.405,0.64326
P.ocul,515.681,0.64485
P.ocul,515.957,0.64659
P.ocul,516.234,0.64837
P.ocul,516.51,0.65015
P.ocul,516.786,0.65131
P.ocul,517.062,0.65437
P.ocul,517.339,0.65574
P.ocul,517.615,0.65733
P.ocul,517.891,0.65899
P.ocul,518.167,0.66024
P.ocul,518.443,0.66183
P.ocul,518.72,0.6636
P.ocul,518.996,0.6645
P.ocul,519.272,0.66685
P.ocul,519.548,0.6688
P.ocul,519.824,0.66978
P.ocul,520.101,0.67187
P.ocul,520.377,0.67337
P.ocul,520.653,0.67515
P.ocul,520.929,0.67636
P.ocul,521.205,0.67825
P.ocul,521.482,0.67922
P.ocul,521.758,0.68075
P.ocul,522.034,0.68161
P.ocul,522.31,0.68351
P.ocul,522.586,0.68524
P.ocul,522.863,0.68687
P.ocul,523.139,0.68816
P.ocul,523.415,0.68967
P.ocul,523.691,0.69087
P.ocul,523.967,0.69251
P.ocul,524.243,0.69357
P.ocul,524.52,0.69513
P.ocul,524.796,0.69625
P.ocul,525.072,0.69792
P.ocul,525.348,0.69894
P.ocul,525.624,0.7004
P.ocul,525.9,0.7008
P.ocul,526.176,0.70218
P.ocul,526.453,0.70357
P.ocul,526.729,0.70499
P.ocul,527.005,0.70597
P.ocul,527.281,0.70732
P.ocul,527.557,0.70802
P.ocul,527.833,0.70956
P.ocul,528.109,0.71088
P.ocul,528.385,0.71173
P.ocul,528.661,0.71323
P.ocul,528.938,0.71424
P.ocul,529.214,0.71529
P.ocul,529.49,0.71702
P.ocul,529.766,0.71789
P.ocul,530.042,0.71903
P.ocul,530.318,0.72005
P.ocul,530.594,0.72085
P.ocul,530.87,0.72165
P.ocul,531.146,0.72274
P.ocul,531.422,0.72396
P.ocul,531.699,0.7245
P.ocul,531.975,0.7251
P.ocul,532.251,0.72662
P.ocul,532.527,0.72712
P.ocul,532.803,0.728
P.ocul,533.079,0.72873
P.ocul,533.355,0.72973
P.ocul,533.631,0.73021
P.ocul,533.907,0.73141
P.ocul,534.183,0.7319
P.ocul,534.459,0.73311
P.ocul,534.735,0.73425
P.ocul,535.011,0.73479
P.ocul,535.287,0.73527
P.ocul,535.563,0.73625
P.ocul,535.839,0.73681
P.ocul,536.115,0.73797
P.ocul,536.391,0.73823
P.ocul,536.667,0.73901
P.ocul,536.943,0.73936
P.ocul,537.219,0.73911
P.ocul,537.495,0.74068
P.ocul,537.771,0.74068
P.ocul,538.047,0.74104
P.ocul,538.323,0.74209
P.ocul,538.599,0.74309
P.ocul,538.875,0.74362
P.ocul,539.151,0.74396
P.ocul,539.427,0.74485
P.ocul,539.703,0.74615
P.ocul,539.979,0.74587
P.ocul,540.255,0.74633
P.ocul,540.531,0.74739
P.ocul,540.807,0.74773
P.ocul,541.083,0.7478
P.ocul,541.359,0.74865
P.ocul,541.635,0.74895
P.ocul,541.911,0.74919
P.ocul,542.187,0.75033
P.ocul,542.463,0.75047
P.ocul,542.739,0.75013
P.ocul,543.015,0.75083
P.ocul,543.291,0.75163
P.ocul,543.567,0.75142
P.ocul,543.843,0.75176
P.ocul,544.119,0.75178
P.ocul,544.395,0.75279
P.ocul,544.671,0.75336
P.ocul,544.947,0.75316
P.ocul,545.223,0.75364
P.ocul,545.499,0.75517
P.ocul,545.775,0.75538
P.ocul,546.05,0.75489
P.ocul,546.326,0.75509
P.ocul,546.602,0.75471
P.ocul,546.878,0.75641
P.ocul,547.154,0.75716
P.ocul,547.43,0.75683
P.ocul,547.706,0.75727
P.ocul,547.982,0.75654
P.ocul,548.258,0.75599
P.ocul,548.534,0.75663
P.ocul,548.81,0.75774
P.ocul,549.085,0.75854
P.ocul,549.361,0.75843
P.ocul,549.637,0.75835
P.ocul,549.913,0.75782
P.ocul,550.189,0.75851
P.ocul,550.465,0.75872
P.ocul,550.741,0.75799
P.ocul,551.017,0.75851
P.ocul,551.292,0.75891
P.ocul,551.568,0.75909
P.ocul,551.844,0.75888
P.ocul,552.12,0.75953
P.ocul,552.396,0.75939
P.ocul,552.672,0.76018
P.ocul,552.948,0.76016
P.ocul,553.223,0.75984
P.ocul,553.499,0.75986
P.ocul,553.775,0.75935
P.ocul,554.051,0.76005
P.ocul,554.327,0.75991
P.ocul,554.603,0.76009
P.ocul,554.878,0.76006
P.ocul,555.154,0.76005
P.ocul,555.43,0.75924
P.ocul,555.706,0.75925
P.ocul,555.982,0.75935
P.ocul,556.258,0.75923
P.ocul,556.533,0.75898
P.ocul,556.809,0.75932
P.ocul,557.085,0.7586
P.ocul,557.361,0.75879
P.ocul,557.637,0.759
P.ocul,557.912,0.75866
P.ocul,558.188,0.75888
P.ocul,558.464,0.7586
P.ocul,558.74,0.75924
P.ocul,559.016,0.75902
P.ocul,559.291,0.75906
P.ocul,559.567,0.75843
P.ocul,559.843,0.75889
P.ocul,560.119,0.75834
P.ocul,560.394,0.75792
P.ocul,560.67,0.75757
P.ocul,560.946,0.75681
P.ocul,561.222,0.75616
P.ocul,561.497,0.75638
P.ocul,561.773,0.75647
P.ocul,562.049,0.75601
P.ocul,562.325,0.75555
P.ocul,562.6,0.75604
P.ocul,562.876,0.75535
P.ocul,563.152,0.75472
P.ocul,563.428,0.75397
P.ocul,563.703,0.75379
P.ocul,563.979,0.75308
P.ocul,564.255,0.75395
P.ocul,564.531,0.75299
P.ocul,564.806,0.75311
P.ocul,565.082,0.75299
P.ocul,565.358,0.75199
P.ocul,565.633,0.75145
P.ocul,565.909,0.75132
P.ocul,566.185,0.75074
P.ocul,566.461,0.75102
P.ocul,566.736,0.75028
P.ocul,567.012,0.74935
P.ocul,567.288,0.74958
P.ocul,567.563,0.74848
P.ocul,567.839,0.74809
P.ocul,568.115,0.74706
P.ocul,568.39,0.74711
P.ocul,568.666,0.74705
P.ocul,568.942,0.7468
P.ocul,569.217,0.74598
P.ocul,569.493,0.74496
P.ocul,569.769,0.74487
P.ocul,570.044,0.74505
P.ocul,570.32,0.74426
P.ocul,570.596,0.74312
P.ocul,570.871,0.74298
P.ocul,571.147,0.74244
P.ocul,571.423,0.74226
P.ocul,571.698,0.74082
P.ocul,571.974,0.74045
P.ocul,572.25,0.73999
P.ocul,572.525,0.73986
P.ocul,572.801,0.73879
P.ocul,573.077,0.73784
P.ocul,573.352,0.73747
P.ocul,573.628,0.73706
P.ocul,573.903,0.73633
P.ocul,574.179,0.73549
P.ocul,574.455,0.73569
P.ocul,574.73,0.73512
P.ocul,575.006,0.73379
P.ocul,575.282,0.73336
P.ocul,575.557,0.73305
P.ocul,575.833,0.73261
P.ocul,576.108,0.73066
P.ocul,576.384,0.72913
P.ocul,576.66,0.72948
P.ocul,576.935,0.7294
P.ocul,577.211,0.72856
P.ocul,577.486,0.7272
P.ocul,577.762,0.72639
P.ocul,578.038,0.72584
P.ocul,578.313,0.72496
P.ocul,578.589,0.72418
P.ocul,578.864,0.7238
P.ocul,579.14,0.72294
P.ocul,579.415,0.72312
P.ocul,579.691,0.72203
P.ocul,579.966,0.72135
P.ocul,580.242,0.72053
P.ocul,580.518,0.71946
P.ocul,580.793,0.71894
P.ocul,581.069,0.71719
P.ocul,581.344,0.71701
P.ocul,581.62,0.71673
P.ocul,581.895,0.71584
P.ocul,582.171,0.71555
P.ocul,582.446,0.71452
P.ocul,582.722,0.7137
P.ocul,582.997,0.71327
P.ocul,583.273,0.71278
P.ocul,583.548,0.71208
P.ocul,583.824,0.71147
P.ocul,584.1,0.711
P.ocul,584.375,0.70971
P.ocul,584.651,0.709
P.ocul,584.926,0.70827
P.ocul,585.202,0.70804
P.ocul,585.477,0.70748
P.ocul,585.753,0.70656
P.ocul,586.028,0.70591
P.ocul,586.304,0.70492
P.ocul,586.579,0.70406
P.ocul,586.855,0.70382
P.ocul,587.13,0.70331
P.ocul,587.405,0.7024
P.ocul,587.681,0.70257
P.ocul,587.956,0.70092
P.ocul,588.232,0.70035
P.ocul,588.507,0.7002
P.ocul,588.783,0.69938
P.ocul,589.058,0.69878
P.ocul,589.334,0.69785
P.ocul,589.609,0.69746
P.ocul,589.885,0.69715
P.ocul,590.16,0.6962
P.ocul,590.436,0.69593
P.ocul,590.711,0.69563
P.ocul,590.986,0.69484
P.ocul,591.262,0.69452
P.ocul,591.537,0.6939
P.ocul,591.813,0.69358
P.ocul,592.088,0.69285
P.ocul,592.364,0.69168
P.ocul,592.639,0.69099
P.ocul,592.914,0.69051
P.ocul,593.19,0.68988
P.ocul,593.465,0.68945
P.ocul,593.741,0.68893
P.ocul,594.016,0.68877
P.ocul,594.291,0.68825
P.ocul,594.567,0.68717
P.ocul,594.842,0.68639
P.ocul,595.118,0.68572
P.ocul,595.393,0.68517
P.ocul,595.668,0.68425
P.ocul,595.944,0.68397
P.ocul,596.219,0.68378
P.ocul,596.495,0.68307
P.ocul,596.77,0.68226
P.ocul,597.045,0.68205
P.ocul,597.321,0.68145
P.ocul,597.596,0.68057
P.ocul,597.871,0.68033
P.ocul,598.147,0.67923
P.ocul,598.422,0.67863
P.ocul,598.698,0.67819
P.ocul,598.973,0.67805
P.ocul,599.248,0.67709
P.ocul,599.524,0.67723
P.ocul,599.799,0.67685
P.ocul,600.074,0.67673
P.ocul,600.35,0.67561
P.ocul,600.625,0.67554
P.ocul,600.9,0.67438
P.ocul,601.176,0.67346
P.ocul,601.451,0.67314
P.ocul,601.726,0.67224
P.ocul,602.002,0.67119
P.ocul,602.277,0.67128
P.ocul,602.552,0.67007
P.ocul,602.828,0.66994
P.ocul,603.103,0.66926
P.ocul,603.378,0.66869
P.ocul,603.653,0.66821
P.ocul,603.929,0.6673
P.ocul,604.204,0.66598
P.ocul,604.479,0.66525
P.ocul,604.755,0.66398
P.ocul,605.03,0.66351
P.ocul,605.305,0.6629
P.ocul,605.581,0.66251
P.ocul,605.856,0.66152
P.ocul,606.131,0.66074
P.ocul,606.406,0.66044
P.ocul,606.682,0.65933
P.ocul,606.957,0.65795
P.ocul,607.232,0.65751
P.ocul,607.507,0.65699
P.ocul,607.783,0.65609
P.ocul,608.058,0.65503
P.ocul,608.333,0.6542
P.ocul,608.608,0.65311
P.ocul,608.884,0.65256
P.ocul,609.159,0.6523
P.ocul,609.434,0.65129
P.ocul,609.709,0.65069
P.ocul,609.985,0.65016
P.ocul,610.26,0.64897
P.ocul,610.535,0.64773
P.ocul,610.81,0.64663
P.ocul,611.086,0.64638
P.ocul,611.361,0.64489
P.ocul,611.636,0.64415
P.ocul,611.911,0.64384
P.ocul,612.186,0.64287
P.ocul,612.462,0.64195
P.ocul,612.737,0.64183
P.ocul,613.012,0.64063
P.ocul,613.287,0.63907
P.ocul,613.562,0.6384
P.ocul,613.838,0.63783
P.ocul,614.113,0.63643
P.ocul,614.388,0.63504
P.ocul,614.663,0.63424
P.ocul,614.938,0.6336
P.ocul,615.214,0.63288
P.ocul,615.489,0.63211
P.ocul,615.764,0.63109
P.ocul,616.039,0.63012
P.ocul,616.314,0.62921
P.ocul,616.589,0.62774
P.ocul,616.865,0.62668
P.ocul,617.14,0.62535
P.ocul,617.415,0.6244
P.ocul,617.69,0.62384
P.ocul,617.965,0.6228
P.ocul,618.24,0.62206
P.ocul,618.516,0.62175
P.ocul,618.791,0.62134
P.ocul,619.066,0.62006
P.ocul,619.341,0.61878
P.ocul,619.616,0.61773
P.ocul,619.891,0.61612
P.ocul,620.166,0.61504
P.ocul,620.441,0.6139
P.ocul,620.717,0.61316
P.ocul,620.992,0.61218
P.ocul,621.267,0.61061
P.ocul,621.542,0.61037
P.ocul,621.817,0.60908
P.ocul,622.092,0.60832
P.ocul,622.367,0.60723
P.ocul,622.642,0.60624
P.ocul,622.917,0.60502
P.ocul,623.193,0.60337
P.ocul,623.468,0.60227
P.ocul,623.743,0.5999
P.ocul,624.018,0.59831
P.ocul,624.293,0.59715
P.ocul,624.568,0.5967
P.ocul,624.843,0.59587
P.ocul,625.118,0.59526
P.ocul,625.393,0.59443
P.ocul,625.668,0.59348
P.ocul,625.943,0.59142
P.ocul,626.218,0.59032
P.ocul,626.493,0.58951
P.ocul,626.768,0.58823
P.ocul,627.044,0.58706
P.ocul,627.319,0.58587
P.ocul,627.594,0.58481
P.ocul,627.869,0.58307
P.ocul,628.144,0.58243
P.ocul,628.419,0.58206
P.ocul,628.694,0.58077
P.ocul,628.969,0.57976
P.ocul,629.244,0.57899
P.ocul,629.519,0.57809
P.ocul,629.794,0.57696
P.ocul,630.069,0.57569
P.ocul,630.344,0.57403
P.ocul,630.619,0.57324
P.ocul,630.894,0.57236
P.ocul,631.169,0.57104
P.ocul,631.444,0.57011
P.ocul,631.719,0.56935
P.ocul,631.994,0.56857
P.ocul,632.269,0.56805
P.ocul,632.544,0.56688
P.ocul,632.819,0.56622
P.ocul,633.094,0.56537
P.ocul,633.369,0.56413
P.ocul,633.644,0.56328
P.ocul,633.919,0.56272
P.ocul,634.194,0.56227
P.ocul,634.469,0.56136
P.ocul,634.744,0.56059
P.ocul,635.019,0.55969
P.ocul,635.294,0.56016
P.ocul,635.569,0.56026
P.ocul,635.844,0.55972
P.ocul,636.119,0.55984
P.ocul,636.394,0.55983
P.ocul,636.669,0.55864
P.ocul,636.943,0.55807
P.ocul,637.218,0.55779
P.ocul,637.493,0.55852
P.ocul,637.768,0.55804
P.ocul,638.043,0.5579
P.ocul,638.318,0.55819
P.ocul,638.593,0.55776
P.ocul,638.868,0.55828
P.ocul,639.143,0.55834
P.ocul,639.418,0.55885
P.ocul,639.693,0.55898
P.ocul,639.968,0.55886
P.ocul,640.243,0.55874
P.ocul,640.518,0.55864
P.ocul,640.792,0.55878
P.ocul,641.067,0.55854
P.ocul,641.342,0.55878
P.ocul,641.617,0.55969
P.ocul,641.892,0.55973
P.ocul,642.167,0.56071
P.ocul,642.442,0.56154
P.ocul,642.717,0.56222
P.ocul,642.992,0.56356
P.ocul,643.266,0.56349
P.ocul,643.541,0.56382
P.ocul,643.816,0.56396
P.ocul,644.091,0.56535
P.ocul,644.366,0.56515
P.ocul,644.641,0.56625
P.ocul,644.916,0.56629
P.ocul,645.19,0.56801
P.ocul,645.465,0.56924
P.ocul,645.74,0.57094
P.ocul,646.015,0.57212
P.ocul,646.29,0.57301
P.ocul,646.565,0.57478
P.ocul,646.84,0.57557
P.ocul,647.114,0.57615
P.ocul,647.389,0.57753
P.ocul,647.664,0.57853
P.ocul,647.939,0.5803
P.ocul,648.214,0.58148
P.ocul,648.489,0.58294
P.ocul,648.763,0.5843
P.ocul,649.038,0.58674
P.ocul,649.313,0.58762
P.ocul,649.588,0.58907
P.ocul,649.863,0.59064
P.ocul,650.137,0.59174
P.ocul,650.412,0.59308
P.ocul,650.687,0.59418
P.ocul,650.962,0.59621
P.ocul,651.237,0.59701
P.ocul,651.511,0.59825
P.ocul,651.786,0.6008
P.ocul,652.061,0.60221
P.ocul,652.336,0.6044
P.ocul,652.611,0.60507
P.ocul,652.885,0.60878
P.ocul,653.16,0.61061
P.ocul,653.435,0.61231
P.ocul,653.71,0.61489
P.ocul,653.984,0.61578
P.ocul,654.259,0.61743
P.ocul,654.534,0.62053
P.ocul,654.809,0.62262
P.ocul,655.083,0.62453
P.ocul,655.358,0.62625
P.ocul,655.633,0.62869
P.ocul,655.908,0.63124
P.ocul,656.182,0.63302
P.ocul,656.457,0.63552
P.ocul,656.732,0.63841
P.ocul,657.007,0.64102
P.ocul,657.281,0.64264
P.ocul,657.556,0.6448
P.ocul,657.831,0.64789
P.ocul,658.105,0.64973
P.ocul,658.38,0.65214
P.ocul,658.655,0.65395
P.ocul,658.93,0.65667
P.ocul,659.204,0.65837
P.ocul,659.479,0.66143
P.ocul,659.754,0.66435
P.ocul,660.028,0.66725
P.ocul,660.303,0.67016
P.ocul,660.578,0.6733
P.ocul,660.852,0.67645
P.ocul,661.127,0.67897
P.ocul,661.402,0.68135
P.ocul,661.676,0.68473
P.ocul,661.951,0.68703
P.ocul,662.226,0.68911
P.ocul,662.501,0.69148
P.ocul,662.775,0.69443
P.ocul,663.05,0.69691
P.ocul,663.325,0.70013
P.ocul,663.599,0.70394
P.ocul,663.874,0.70773
P.ocul,664.148,0.71016
P.ocul,664.423,0.71272
P.ocul,664.698,0.71607
P.ocul,664.972,0.71965
P.ocul,665.247,0.72369
P.ocul,665.522,0.72615
P.ocul,665.796,0.72781
P.ocul,666.071,0.73111
P.ocul,666.346,0.73374
P.ocul,666.62,0.73681
P.ocul,666.895,0.74022
P.ocul,667.169,0.74284
P.ocul,667.444,0.74598
P.ocul,667.719,0.7505
P.ocul,667.993,0.75308
P.ocul,668.268,0.75674
P.ocul,668.543,0.76036
P.ocul,668.817,0.76334
P.ocul,669.092,0.76699
P.ocul,669.366,0.76927
P.ocul,669.641,0.77257
P.ocul,669.915,0.77579
P.ocul,670.19,0.7789
P.ocul,670.465,0.7815
P.ocul,670.739,0.78497
P.ocul,671.014,0.78899
P.ocul,671.288,0.79155
P.ocul,671.563,0.79573
P.ocul,671.838,0.79949
P.ocul,672.112,0.80249
P.ocul,672.387,0.80517
P.ocul,672.661,0.80818
P.ocul,672.936,0.81142
P.ocul,673.21,0.81452
P.ocul,673.485,0.81631
P.ocul,673.759,0.81974
P.ocul,674.034,0.82376
P.ocul,674.309,0.82572
P.ocul,674.583,0.83028
P.ocul,674.858,0.83319
P.ocul,675.132,0.83624
P.ocul,675.407,0.83888
P.ocul,675.681,0.84229
P.ocul,675.956,0.84494
P.ocul,676.23,0.84728
P.ocul,676.505,0.85065
P.ocul,676.779,0.85294
P.ocul,677.054,0.85654
P.ocul,677.328,0.85874
P.ocul,677.603,0.86164
P.ocul,677.877,0.86497
P.ocul,678.152,0.86731
P.ocul,678.426,0.86982
P.ocul,678.701,0.87372
P.ocul,678.975,0.87585
P.ocul,679.25,0.87736
P.ocul,679.524,0.88127
P.ocul,679.799,0.88285
P.ocul,680.073,0.88695
P.ocul,680.348,0.89073
P.ocul,680.622,0.89328
P.ocul,680.897,0.89488
P.ocul,681.171,0.89728
P.ocul,681.446,0.89884
P.ocul,681.72,0.90096
P.ocul,681.995,0.90287
P.ocul,682.269,0.90463
P.ocul,682.543,0.90646
P.ocul,682.818,0.90987
P.ocul,683.092,0.91245
P.ocul,683.367,0.91557
P.ocul,683.641,0.91785
P.ocul,683.916,0.92034
P.ocul,684.19,0.9228
P.ocul,684.465,0.92566
P.ocul,684.739,0.92833
P.ocul,685.013,0.9291
P.ocul,685.288,0.93149
P.ocul,685.562,0.93273
P.ocul,685.837,0.93472
P.ocul,686.111,0.93728
P.ocul,686.386,0.93783
P.ocul,686.66,0.93901
P.ocul,686.934,0.9416
P.ocul,687.209,0.94372
P.ocul,687.483,0.94549
P.ocul,687.758,0.94894
P.ocul,688.032,0.94975
P.ocul,688.306,0.95198
P.ocul,688.581,0.95311
P.ocul,688.855,0.95425
P.ocul,689.129,0.95595
P.ocul,689.404,0.95803
P.ocul,689.678,0.95886
P.ocul,689.953,0.96114
P.ocul,690.227,0.96224
P.ocul,690.501,0.9645
P.ocul,690.776,0.96473
P.ocul,691.05,0.96602
P.ocul,691.324,0.96934
P.ocul,691.599,0.97019
P.ocul,691.873,0.9716
P.ocul,692.147,0.97419
P.ocul,692.422,0.97421
P.ocul,692.696,0.97517
P.ocul,692.971,0.97696
P.ocul,693.245,0.97811
P.ocul,693.519,0.97883
P.ocul,693.794,0.97965
P.ocul,694.068,0.97974
P.ocul,694.342,0.98085
P.ocul,694.617,0.98196
P.ocul,694.891,0.98444
P.ocul,695.165,0.98502
P.ocul,695.439,0.98765
P.ocul,695.714,0.98771
P.ocul,695.988,0.98892
P.ocul,696.262,0.99115
P.ocul,696.537,0.99304
P.ocul,696.811,0.99276
P.ocul,697.085,0.99366
P.ocul,697.36,0.9932
P.ocul,697.634,0.99467
P.ocul,697.908,0.99553
P.ocul,698.182,0.99598
P.ocul,698.457,0.99721
P.ocul,698.731,0.99675
P.ocul,699.005,0.99809
P.ocul,699.28,0.99964
P.ocul,699.554,1.002
P.ocul,699.828,1.0027
P.ocul,700.102,1.0036
P.ocul,700.377,1.004
P.ocul,700.651,1.0052
P.ocul,700.925,1.005
P.ocul,701.199,1.0049
P.ocul,701.474,1.005
P.ocul,701.748,1.0049
P.ocul,702.022,1.0058
P.ocul,702.296,1.0065
P.ocul,702.571,1.0071
P.ocul,702.845,1.0064
P.ocul,703.119,1.007
P.ocul,703.393,1.0083
P.ocul,703.668,1.0086
P.ocul,703.942,1.0099
P.ocul,704.216,1.0101
P.ocul,704.49,1.0111
P.ocul,704.764,1.0113
P.ocul,705.039,1.0126
P.ocul,705.313,1.013
P.ocul,705.587,1.013
P.ocul,705.861,1.0132
P.ocul,706.135,1.0126
P.ocul,706.41,1.0129
P.ocul,706.684,1.0136
P.ocul,706.958,1.014
P.ocul,707.232,1.0149
P.ocul,707.506,1.0162
P.ocul,707.781,1.0158
P.ocul,708.055,1.0169
P.ocul,708.329,1.0175
P.ocul,708.603,1.0182
P.ocul,708.877,1.0198
P.ocul,709.151,1.0191
P.ocul,709.426,1.0187
P.ocul,709.7,1.0197
P.ocul,709.974,1.0188
P.ocul,710.248,1.0195
P.ocul,710.522,1.0201
P.ocul,710.796,1.0191
P.ocul,711.071,1.0203
P.ocul,711.345,1.0207
P.ocul,711.619,1.0201
P.ocul,711.893,1.021
P.ocul,712.167,1.0215
P.ocul,712.441,1.0222
P.ocul,712.715,1.0226
P.ocul,712.989,1.0219
P.ocul,713.264,1.0228
P.ocul,713.538,1.0231
P.ocul,713.812,1.0233
P.ocul,714.086,1.0229
P.ocul,714.36,1.022
P.ocul,714.634,1.0227
P.ocul,714.908,1.0227
P.ocul,715.182,1.0222
P.ocul,715.456,1.0225
P.ocul,715.731,1.0227
P.ocul,716.005,1.023
P.ocul,716.279,1.0241
P.ocul,716.553,1.0248
P.ocul,716.827,1.0248
P.ocul,717.101,1.0242
P.ocul,717.375,1.0262
P.ocul,717.649,1.0264
P.ocul,717.923,1.0265
P.ocul,718.197,1.0275
P.ocul,718.471,1.0282
P.ocul,718.745,1.0285
P.ocul,719.019,1.0271
P.ocul,719.294,1.0271
P.ocul,719.568,1.0267
P.ocul,719.842,1.0277
P.ocul,720.116,1.0278
P.ocul,720.39,1.0271
P.ocul,720.664,1.0277
P.ocul,720.938,1.0269
P.ocul,721.212,1.0278
P.ocul,721.486,1.0286
P.ocul,721.76,1.0285
P.ocul,722.034,1.0286
P.ocul,722.308,1.0299
P.ocul,722.582,1.0292
P.ocul,722.856,1.0293
P.ocul,723.13,1.0284
P.ocul,723.404,1.0291
P.ocul,723.678,1.0286
P.ocul,723.952,1.0282
P.ocul,724.226,1.0277
P.ocul,724.5,1.0283
P.ocul,724.774,1.0286
P.ocul,725.048,1.0278
P.ocul,725.322,1.0281
P.ocul,725.596,1.0291
P.ocul,725.87,1.0286
P.ocul,726.144,1.029
P.ocul,726.418,1.0281
P.ocul,726.692,1.0287
P.ocul,726.966,1.0292
P.ocul,727.24,1.0278
P.ocul,727.514,1.0279
P.ocul,727.788,1.0283
P.ocul,728.062,1.028
P.ocul,728.336,1.0273
P.ocul,728.61,1.0281
P.ocul,728.884,1.028
P.ocul,729.158,1.028
P.ocul,729.432,1.0283
P.ocul,729.706,1.0294
P.ocul,729.979,1.0301
P.ocul,730.253,1.0298
P.ocul,730.527,1.03
P.ocul,730.801,1.029
P.ocul,731.075,1.0291
P.ocul,731.349,1.0292
P.ocul,731.623,1.0314
P.ocul,731.897,1.0299
P.ocul,732.171,1.0301
P.ocul,732.445,1.0284
P.ocul,732.719,1.0277
P.ocul,732.993,1.0283
P.ocul,733.267,1.0283
P.ocul,733.54,1.029
P.ocul,733.814,1.0291
P.ocul,734.088,1.0296
P.ocul,734.362,1.0287
P.ocul,734.636,1.029
P.ocul,734.91,1.0297
P.ocul,735.184,1.0308
P.ocul,735.458,1.0298
P.ocul,735.732,1.0309
P.ocul,736.005,1.0301
P.ocul,736.279,1.029
P.ocul,736.553,1.0292
P.ocul,736.827,1.0282
P.ocul,737.101,1.0284
P.ocul,737.375,1.0282
P.ocul,737.649,1.0276
P.ocul,737.922,1.0268
P.ocul,738.196,1.0273
P.ocul,738.47,1.0269
P.ocul,738.744,1.0278
P.ocul,739.018,1.0273
P.ocul,739.292,1.0289
P.ocul,739.566,1.0281
P.ocul,739.839,1.0286
P.ocul,740.113,1.0297
P.ocul,740.387,1.0291
P.ocul,740.661,1.0277
P.ocul,740.935,1.0284
P.ocul,741.209,1.0277
P.ocul,741.482,1.0282
P.ocul,741.756,1.0283
P.ocul,742.03,1.03
P.ocul,742.304,1.0275
P.ocul,742.578,1.0281
P.ocul,742.851,1.0281
P.ocul,743.125,1.0281
P.ocul,743.399,1.0286
P.ocul,743.673,1.0282
P.ocul,743.947,1.0283
P.ocul,744.22,1.0298
P.ocul,744.494,1.0301
P.ocul,744.768,1.0299
P.ocul,745.042,1.0292
P.ocul,745.315,1.0302
P.ocul,745.589,1.029
P.ocul,745.863,1.0291
P.ocul,746.137,1.0277
P.ocul,746.411,1.0274
P.ocul,746.684,1.0267
P.ocul,746.958,1.0277
P.ocul,747.232,1.0274
P.ocul,747.506,1.0267
P.ocul,747.779,1.0265
P.ocul,748.053,1.0272
P.ocul,748.327,1.0286
P.ocul,748.601,1.0297
P.ocul,748.874,1.0292
P.ocul,749.148,1.0274
P.ocul,749.422,1.0288
P.ocul,749.695,1.029
P.ocul,749.969,1.0289
P.ocul,750.243,1.0269
P.ocul,750.517,1.026
P.ocul,750.79,1.0263
P.ocul,751.064,1.0257
P.ocul,751.338,1.0255
P.ocul,751.611,1.0253
P.ocul,751.885,1.026
P.ocul,752.159,1.025
P.ocul,752.433,1.0238
P.ocul,752.706,1.0258
P.ocul,752.98,1.027
P.ocul,753.254,1.0255
P.ocul,753.527,1.0252
P.ocul,753.801,1.0269
P.ocul,754.075,1.0273
P.ocul,754.348,1.0267
P.ocul,754.622,1.0285
P.ocul,754.896,1.027
P.ocul,755.169,1.0259
P.ocul,755.443,1.0264
P.ocul,755.717,1.025
P.ocul,755.99,1.0256
P.ocul,756.264,1.0244
P.ocul,756.538,1.0239
P.ocul,756.811,1.025
P.ocul,757.085,1.0242
P.ocul,757.359,1.0251
P.ocul,757.632,1.0245
P.ocul,757.906,1.0253
P.ocul,758.18,1.0252
P.ocul,758.453,1.024
P.ocul,758.727,1.0246
P.ocul,759,1.0235
P.ocul,759.274,1.0244
P.ocul,759.548,1.0238
P.ocul,759.821,1.0217
P.ocul,760.095,1.023
P.ocul,760.369,1.0223
P.ocul,760.642,1.0224
P.ocul,760.916,1.0219
P.ocul,761.189,1.0204
P.ocul,761.463,1.0198
P.ocul,761.737,1.0198
P.ocul,762.01,1.0206
P.ocul,762.284,1.0203
P.ocul,762.557,1.0204
P.ocul,762.831,1.0194
P.ocul,763.105,1.0218
P.ocul,763.378,1.0213
P.ocul,763.652,1.021
P.ocul,763.925,1.0216
P.ocul,764.199,1.0213
P.ocul,764.472,1.0213
P.ocul,764.746,1.0201
P.ocul,765.02,1.0192
P.ocul,765.293,1.0205
P.ocul,765.567,1.0184
P.ocul,765.84,1.0188
P.ocul,766.114,1.0183
P.ocul,766.387,1.0191
P.ocul,766.661,1.0172
P.ocul,766.934,1.0186
P.ocul,767.208,1.0166
P.ocul,767.481,1.0167
P.ocul,767.755,1.0167
P.ocul,768.029,1.0162
P.ocul,768.302,1.0179
P.ocul,768.576,1.0171
P.ocul,768.849,1.0174
P.ocul,769.123,1.0179
P.ocul,769.396,1.0163
P.ocul,769.67,1.0171
P.ocul,769.943,1.0166
P.ocul,770.217,1.0154
P.ocul,770.49,1.0152
P.ocul,770.764,1.0141
P.ocul,771.037,1.0144
P.ocul,771.311,1.0145
P.ocul,771.584,1.0131
P.ocul,771.858,1.013
P.ocul,772.131,1.0127
P.ocul,772.405,1.0139
P.ocul,772.678,1.0125
P.ocul,772.952,1.0142
P.ocul,773.225,1.0133
P.ocul,773.499,1.0123
P.ocul,773.772,1.0113
P.ocul,774.045,1.0118
P.ocul,774.319,1.0099
P.ocul,774.592,1.0084
P.ocul,774.866,1.008
P.ocul,775.139,1.0096
P.ocul,775.413,1.0092
P.ocul,775.686,1.0075
P.ocul,775.96,1.0073
P.ocul,776.233,1.0081
P.ocul,776.507,1.0057
P.ocul,776.78,1.0064
P.ocul,777.053,1.006
P.ocul,777.327,1.0052
P.ocul,777.6,1.0036
P.ocul,777.874,1.0038
P.ocul,778.147,1.0032
P.ocul,778.42,1.0028
P.ocul,778.694,1.0029
P.ocul,778.967,1.0025
P.ocul,779.241,1.0014
P.ocul,779.514,1.0019
P.ocul,779.788,1.0018
P.ocul,780.061,1.0007
P.ocul,780.334,1
P.ocul,780.608,0.99892
P.ocul,780.881,0.9989
P.ocul,781.154,0.99945
P.ocul,781.428,0.99784
P.ocul,781.701,0.9962
P.ocul,781.975,0.99698
P.ocul,782.248,0.99489
P.ocul,782.521,0.99676
P.ocul,782.795,0.99699
P.ocul,783.068,0.99374
P.ocul,783.341,0.99586
P.ocul,783.615,0.99482
P.ocul,783.888,0.99243
P.ocul,784.162,0.99132
P.ocul,784.435,0.99145
P.ocul,784.708,0.99135
P.ocul,784.982,0.99116
P.ocul,785.255,0.99029
P.ocul,785.528,0.98999
P.ocul,785.802,0.99021
P.ocul,786.075,0.98896
P.ocul,786.348,0.98782
P.ocul,786.622,0.98802
P.ocul,786.895,0.98577
P.ocul,787.168,0.98639
P.ocul,787.442,0.98534
P.ocul,787.715,0.98463
P.ocul,787.988,0.9838
P.ocul,788.262,0.9824
P.ocul,788.535,0.98209
P.ocul,788.808,0.98052
P.ocul,789.081,0.98232
P.ocul,789.355,0.98077
P.ocul,789.628,0.9801
P.ocul,789.901,0.97889
P.ocul,790.175,0.97925
