section,rectangle,ROI,label,xcentroid,ycentroid,MajorAxis,MinorAxis,angle,circ.,AR,round,solidity
1,1,1,20210909_Xyln_01_1.tif,3.526,0.494,0.952,0.524,136.397,0.771,1.816,0.551,0.913
1,1,2,20210909_Xyln_01_1.tif,1.092,0.653,0.749,0.544,164.154,0.898,1.377,0.726,0.966
1,1,3,20210909_Xyln_01_1.tif,1.897,1.034,1.153,0.644,96.091,0.45,1.791,0.558,0.836
1,1,4,20210909_Xyln_01_1.tif,2.747,0.965,0.921,0.519,164.233,0.834,1.774,0.564,0.937
1,1,5,20210909_Xyln_01_1.tif,0.656,1.025,0.715,0.459,138.256,0.882,1.556,0.643,0.929
1,1,6,20210909_Xyln_01_1.tif,3.596,1.55,1.355,0.718,89.849,0.432,1.888,0.53,0.777
1,1,7,20210909_Xyln_01_1.tif,2.689,1.592,0.763,0.537,148.463,0.906,1.42,0.704,0.931
1,1,8,20210909_Xyln_01_1.tif,1.206,1.612,0.83,0.593,177,0.921,1.399,0.715,0.95
1,1,9,20210909_Xyln_01_1.tif,0.422,1.901,0.704,0.647,177.987,0.954,1.089,0.918,0.942
1,1,10,20210909_Xyln_01_1.tif,2,1.998,0.9,0.626,179.803,0.912,1.438,0.696,0.951
1,1,11,20210909_Xyln_01_1.tif,2.927,2.256,0.862,0.55,3.128,0.82,1.567,0.638,0.919
1,1,12,20210909_Xyln_01_1.tif,1.132,2.347,0.773,0.629,150.699,0.928,1.228,0.815,0.942
1,1,13,20210909_Xyln_01_1.tif,4.095,2.358,0.481,0.259,27.535,0.746,1.857,0.539,0.811
1,1,14,20210909_Xyln_01_1.tif,1.92,2.713,0.765,0.592,171.724,0.921,1.292,0.774,0.932
1,1,15,20210909_Xyln_01_1.tif,3.655,2.829,0.912,0.406,155.142,0.736,2.248,0.445,0.906
1,1,16,20210909_Xyln_01_1.tif,2.679,3.096,0.847,0.582,166.31,0.887,1.456,0.687,0.926
1,1,17,20210909_Xyln_01_1.tif,1.087,3.295,0.717,0.452,155.238,0.783,1.587,0.63,0.891
1,1,18,20210909_Xyln_01_1.tif,3.554,3.435,0.834,0.651,156.841,0.931,1.281,0.78,0.941
1,1,19,20210909_Xyln_01_1.tif,1.984,3.556,0.801,0.586,144.498,0.896,1.367,0.731,0.932
1,1,20,20210909_Xyln_01_1.tif,0.505,3.814,0.828,0.642,149.349,0.921,1.289,0.776,0.939
1,1,21,20210909_Xyln_01_1.tif,2.882,3.807,0.819,0.657,142.31,0.939,1.246,0.802,0.956
1,1,22,20210909_Xyln_01_1.tif,1.425,3.962,0.847,0.604,158.068,0.902,1.403,0.713,0.937
1,1,23,20210909_Xyln_01_1.tif,3.729,4.186,0.898,0.544,146.525,0.862,1.652,0.605,0.938
1,1,24,20210909_Xyln_01_1.tif,2.416,4.277,0.85,0.538,154.805,0.858,1.578,0.634,0.919
1,1,25,20210909_Xyln_01_1.tif,0.943,4.528,0.711,0.596,164.123,0.959,1.193,0.838,0.947
1,1,26,20210909_Xyln_01_1.tif,3.236,4.668,0.826,0.649,150.573,0.902,1.272,0.786,0.928
1,1,27,20210909_Xyln_01_1.tif,1.783,4.661,0.732,0.56,142.387,0.957,1.308,0.765,0.954
1,1,28,20210909_Xyln_01_1.tif,2.484,5.023,0.728,0.562,19.111,0.897,1.294,0.773,0.923
1,1,29,20210909_Xyln_01_1.tif,0.604,5.087,0.782,0.521,152.178,0.922,1.502,0.666,0.945
1,1,30,20210909_Xyln_01_1.tif,1.517,5.21,0.964,0.492,155.812,0.753,1.96,0.51,0.916
1,1,31,20210909_Xyln_01_1.tif,3.71,5.321,0.684,0.453,155.524,0.883,1.512,0.661,0.94
1,1,32,20210909_Xyln_01_1.tif,3.046,5.499,0.847,0.449,161.098,0.79,1.888,0.53,0.904
1,1,33,20210909_Xyln_01_1.tif,0.407,5.657,0.611,0.483,160.284,0.956,1.263,0.792,0.947
1,1,34,20210909_Xyln_01_1.tif,1.215,5.707,0.727,0.443,163.722,0.844,1.639,0.61,0.914
1,1,35,20210909_Xyln_01_1.tif,2.104,5.899,0.697,0.489,162.513,0.948,1.424,0.702,0.956
1,1,36,20210909_Xyln_01_1.tif,3.961,5.957,0.783,0.462,153.897,0.885,1.694,0.59,0.928
1,1,37,20210909_Xyln_01_1.tif,2.958,6.018,0.785,0.413,159.626,0.801,1.9,0.526,0.915
1,1,38,20210909_Xyln_01_1.tif,1.472,6.188,0.732,0.284,170.457,0.673,2.58,0.388,0.873
1,2,1,20210909_Xyln_01_2.tif,5.443,0.456,1.034,0.787,0.638,0.908,1.314,0.761,0.944
1,2,2,20210909_Xyln_01_2.tif,4.483,0.656,0.74,0.644,14.382,0.956,1.149,0.87,0.947
1,2,3,20210909_Xyln_01_2.tif,1.014,0.749,0.859,0.582,159.752,0.932,1.476,0.678,0.955
1,2,4,20210909_Xyln_01_2.tif,2.768,0.814,0.724,0.698,135.533,0.952,1.037,0.964,0.959
1,2,5,20210909_Xyln_01_2.tif,1.951,0.872,0.806,0.6,153.804,0.901,1.343,0.745,0.936
1,2,6,20210909_Xyln_01_2.tif,5.033,1.193,0.751,0.687,177.611,0.944,1.093,0.915,0.945
1,2,7,20210909_Xyln_01_2.tif,0.632,1.292,0.689,0.519,177.453,0.889,1.328,0.753,0.92
1,2,8,20210909_Xyln_01_2.tif,3.295,1.379,0.675,0.645,30.397,0.97,1.046,0.956,0.948
1,2,9,20210909_Xyln_01_2.tif,1.501,1.399,0.856,0.586,175.401,0.857,1.46,0.685,0.931
1,2,10,20210909_Xyln_01_2.tif,2.482,1.546,0.77,0.635,137.243,0.96,1.212,0.825,0.954
1,2,11,20210909_Xyln_01_2.tif,5.653,1.667,0.799,0.553,12.74,0.913,1.443,0.693,0.945
1,2,12,20210909_Xyln_01_2.tif,3.996,1.712,0.778,0.531,177.663,0.88,1.464,0.683,0.93
1,2,13,20210909_Xyln_01_2.tif,0.957,1.947,0.786,0.623,159.622,0.91,1.261,0.793,0.963
1,2,14,20210909_Xyln_01_2.tif,1.924,2.037,0.814,0.609,154.396,0.906,1.336,0.749,0.939
1,2,15,20210909_Xyln_01_2.tif,3.494,2.256,0.75,0.62,127.446,0.939,1.21,0.826,0.951
1,2,16,20210909_Xyln_01_2.tif,5.94,2.249,0.877,0.539,178.759,0.872,1.628,0.614,0.948
1,2,17,20210909_Xyln_01_2.tif,2.734,2.32,0.732,0.541,141.57,0.911,1.353,0.739,0.941
1,2,18,20210909_Xyln_01_2.tif,4.467,2.327,0.748,0.599,162.491,0.925,1.249,0.801,0.941
1,2,19,20210909_Xyln_01_2.tif,0.52,2.583,0.795,0.6,10.492,0.908,1.325,0.755,0.931
1,2,20,20210909_Xyln_01_2.tif,1.481,2.562,0.848,0.492,166.089,0.843,1.723,0.58,0.927
1,2,21,20210909_Xyln_01_2.tif,2.428,2.831,0.826,0.49,138.662,0.854,1.686,0.593,0.931
1,2,22,20210909_Xyln_01_2.tif,4.062,2.862,0.695,0.484,176.322,0.887,1.434,0.697,0.934
1,2,23,20210909_Xyln_01_2.tif,5.006,2.918,0.842,0.571,156.106,0.898,1.475,0.678,0.943
1,2,24,20210909_Xyln_01_2.tif,3.262,2.99,0.72,0.602,156.541,0.924,1.196,0.836,0.946
1,2,25,20210909_Xyln_01_2.tif,1.098,3.09,0.747,0.567,153.519,0.934,1.318,0.759,0.936
1,2,26,20210909_Xyln_01_2.tif,1.874,3.149,0.651,0.571,147.637,0.957,1.141,0.876,0.955
1,2,27,20210909_Xyln_01_2.tif,4.676,3.438,0.9,0.495,152.52,0.832,1.818,0.55,0.931
1,2,28,20210909_Xyln_01_2.tif,0.47,3.485,0.843,0.598,164.485,0.921,1.41,0.709,0.946
1,2,29,20210909_Xyln_01_2.tif,3.936,3.588,0.9,0.583,145.286,0.871,1.544,0.648,0.937
1,2,30,20210909_Xyln_01_2.tif,5.539,3.543,0.695,0.508,159.114,0.909,1.368,0.731,0.937
1,2,31,20210909_Xyln_01_2.tif,2.444,3.559,0.577,0.433,65.986,0.906,1.331,0.751,0.945
1,2,32,20210909_Xyln_01_2.tif,3.172,3.755,0.773,0.553,159.466,0.931,1.399,0.715,0.954
1,2,33,20210909_Xyln_01_2.tif,1.595,3.748,0.886,0.445,173.738,0.804,1.992,0.502,0.943
1,2,34,20210909_Xyln_01_2.tif,0.974,4.105,0.907,0.442,172.054,0.8,2.054,0.487,0.951
1,2,35,20210909_Xyln_01_2.tif,4.81,4.087,0.814,0.469,176.886,0.886,1.737,0.576,0.959
1,2,36,20210909_Xyln_01_2.tif,5.977,4.141,0.899,0.546,165.391,0.856,1.646,0.608,0.939
1,2,37,20210909_Xyln_01_2.tif,3.876,4.258,0.72,0.539,171.956,0.943,1.337,0.748,0.952
1,2,38,20210909_Xyln_01_2.tif,2.067,4.347,0.791,0.566,175.745,0.906,1.397,0.716,0.939
1,2,39,20210909_Xyln_01_2.tif,3.02,4.349,0.918,0.475,157.669,0.803,1.933,0.517,0.934
1,2,40,20210909_Xyln_01_2.tif,5.447,4.631,0.674,0.591,173.662,0.946,1.141,0.876,0.958
1,2,41,20210909_Xyln_01_2.tif,1.265,4.696,0.806,0.574,162.851,0.889,1.405,0.712,0.929
1,2,42,20210909_Xyln_01_2.tif,4.597,4.72,0.79,0.549,166.665,0.896,1.44,0.694,0.933
1,2,43,20210909_Xyln_01_2.tif,2.771,4.884,0.846,0.439,158.045,0.809,1.925,0.52,0.928
1,2,44,20210909_Xyln_01_2.tif,3.511,4.885,0.388,0.341,86.848,0.936,1.137,0.879,0.948
1,2,45,20210909_Xyln_01_2.tif,2.022,5.114,0.762,0.504,171.967,0.933,1.512,0.662,0.956
1,3,1,20210909_Xyln_01_3.tif,3.337,0.539,0.995,0.537,143.889,0.764,1.852,0.54,0.899
1,3,2,20210909_Xyln_01_3.tif,5.84,0.582,0.888,0.619,161.949,0.888,1.436,0.697,0.942
1,3,3,20210909_Xyln_01_3.tif,1.379,0.647,0.886,0.55,162.422,0.849,1.61,0.621,0.931
1,3,4,20210909_Xyln_01_3.tif,5.148,0.409,0.095,0.065,135,1,1.464,0.683,0.857
1,3,5,20210909_Xyln_01_3.tif,4.179,0.731,0.712,0.536,130.726,0.799,1.328,0.753,0.902
1,3,6,20210909_Xyln_01_3.tif,5.005,0.924,0.716,0.404,142.083,0.683,1.772,0.564,0.831
1,3,7,20210909_Xyln_01_3.tif,2.189,1.01,0.818,0.639,169.061,0.902,1.28,0.781,0.93
1,3,8,20210909_Xyln_01_3.tif,3.779,1.305,0.89,0.533,142.58,0.776,1.67,0.599,0.891
1,3,9,20210909_Xyln_01_3.tif,1.085,1.25,0.898,0.549,159.909,0.836,1.636,0.611,0.934
1,3,10,20210909_Xyln_01_3.tif,4.735,1.46,0.975,0.533,152.269,0.757,1.828,0.547,0.892
1,3,11,20210909_Xyln_01_3.tif,2.891,1.614,0.883,0.608,157.407,0.868,1.452,0.689,0.927
1,3,12,20210909_Xyln_01_3.tif,1.967,1.641,0.908,0.543,172.219,0.798,1.671,0.598,0.919
1,3,13,20210909_Xyln_01_3.tif,5.666,2.151,1.064,0.437,143.584,0.625,2.437,0.41,0.879
1,3,14,20210909_Xyln_01_3.tif,1.437,2.11,0.751,0.519,151.51,0.861,1.446,0.691,0.917
1,3,15,20210909_Xyln_01_3.tif,4.124,2.193,0.922,0.253,132.912,0.362,3.642,0.275,0.72
1,3,16,20210909_Xyln_01_3.tif,4.836,2.138,1.047,0.479,156.799,0.641,2.185,0.458,0.832
1,3,17,20210909_Xyln_01_3.tif,2.226,2.377,0.905,0.591,131.186,0.881,1.531,0.653,0.935
1,3,18,20210909_Xyln_01_3.tif,2.95,2.287,0.865,0.554,147.346,0.851,1.561,0.64,0.926
1,3,19,20210909_Xyln_01_3.tif,3.74,2.463,0.687,0.532,141.853,0.814,1.29,0.775,0.927
1,3,20,20210909_Xyln_01_3.tif,1.171,2.695,0.771,0.608,174.438,0.939,1.267,0.789,0.948
1,3,21,20210909_Xyln_01_3.tif,5.019,2.798,0.995,0.39,153.357,0.602,2.549,0.392,0.823
1,3,22,20210909_Xyln_01_3.tif,5.762,2.723,1.061,0.292,155.695,0.506,3.635,0.275,0.813
1,3,23,20210909_Xyln_01_3.tif,2.015,2.913,0.855,0.425,160.422,0.692,2.01,0.498,0.854
1,3,24,20210909_Xyln_01_3.tif,3.062,2.985,0.872,0.615,150.565,0.845,1.418,0.705,0.93
1,3,25,20210909_Xyln_01_3.tif,3.87,3.071,0.69,0.488,164.033,0.849,1.415,0.707,0.908
1,3,27,20210909_Xyln_01_3.tif,6.058,3.325,1.045,0.429,157.207,0.629,2.436,0.41,0.844
1,3,28,20210909_Xyln_01_3.tif,0.552,3.323,0.757,0.619,4.366,0.919,1.223,0.818,0.936
1,3,29,20210909_Xyln_01_3.tif,1.34,3.397,0.659,0.623,19.972,0.895,1.057,0.946,0.926
1,3,30,20210909_Xyln_01_3.tif,2.836,3.455,0.895,0.35,146.229,0.618,2.555,0.391,0.861
1,3,31,20210909_Xyln_01_3.tif,5.168,3.48,0.831,0.479,152.604,0.791,1.734,0.577,0.896
1,3,32,20210909_Xyln_01_3.tif,2.159,3.545,0.832,0.578,151.509,0.89,1.438,0.696,0.928
1,3,33,20210909_Xyln_01_3.tif,4.491,3.624,0.769,0.445,140.927,0.828,1.728,0.579,0.897
1,3,34,20210909_Xyln_01_3.tif,3.566,3.955,0.797,0.635,159.079,0.867,1.255,0.797,0.925
1,3,35,20210909_Xyln_01_3.tif,0.853,4.038,0.794,0.525,153.492,0.88,1.511,0.662,0.929
1,3,36,20210909_Xyln_01_3.tif,1.792,4.078,0.911,0.526,160.627,0.828,1.733,0.577,0.921
1,3,37,20210909_Xyln_01_3.tif,2.795,4.111,0.736,0.535,159.302,0.835,1.375,0.727,0.901
1,3,38,20210909_Xyln_01_3.tif,5.874,4.104,0.797,0.477,143.957,0.82,1.673,0.598,0.906
1,3,39,20210909_Xyln_01_3.tif,4.382,4.237,0.771,0.527,146.175,0.808,1.462,0.684,0.897
1,3,40,20210909_Xyln_01_3.tif,5.143,4.219,0.732,0.589,141.861,0.903,1.242,0.805,0.929
1,3,41,20210909_Xyln_01_3.tif,0.789,4.701,0.788,0.505,121.377,0.86,1.56,0.641,0.919
1,3,42,20210909_Xyln_01_3.tif,2.443,4.713,0.803,0.589,154.332,0.875,1.363,0.734,0.916
1,3,43,20210909_Xyln_01_3.tif,1.577,4.721,0.785,0.576,160.58,0.906,1.364,0.733,0.936
1,3,44,20210909_Xyln_01_3.tif,3.431,4.713,0.713,0.579,172.314,0.899,1.232,0.811,0.932
1,3,45,20210909_Xyln_01_3.tif,5.819,4.729,0.706,0.579,155.288,0.952,1.22,0.82,0.934
1,3,46,20210909_Xyln_01_3.tif,4.22,4.814,0.827,0.534,142.735,0.811,1.548,0.646,0.915
1,3,47,20210909_Xyln_01_3.tif,5.082,4.943,0.801,0.479,148.896,0.855,1.671,0.598,0.935
1,3,48,20210909_Xyln_01_3.tif,2.186,5.352,0.791,0.59,163.341,0.908,1.34,0.746,0.926
1,3,49,20210909_Xyln_01_3.tif,3.089,5.353,0.837,0.525,148.388,0.821,1.595,0.627,0.916
1,3,50,20210909_Xyln_01_3.tif,1.313,5.363,0.776,0.588,167.875,0.895,1.319,0.758,0.931
1,3,51,20210909_Xyln_01_3.tif,6.042,5.389,0.815,0.489,171.29,0.841,1.668,0.6,0.917
1,3,52,20210909_Xyln_01_3.tif,3.981,5.465,0.835,0.583,161.528,0.883,1.431,0.699,0.937
1,3,53,20210909_Xyln_01_3.tif,4.877,5.533,0.834,0.482,153.93,0.824,1.73,0.578,0.901
1,4,1,20210909_Xyln_01_4.tif,4.777,0.488,0.671,0.52,138.987,0.954,1.292,0.774,0.941
1,4,2,20210909_Xyln_01_4.tif,1.69,0.576,0.845,0.42,140.522,0.82,2.014,0.497,0.928
1,4,3,20210909_Xyln_01_4.tif,3.432,0.628,0.792,0.393,132.893,0.743,2.013,0.497,0.89
1,4,4,20210909_Xyln_01_4.tif,0.986,0.823,0.776,0.609,152.079,0.914,1.274,0.785,0.947
1,4,5,20210909_Xyln_01_4.tif,2.574,1.007,0.743,0.52,149.024,0.881,1.431,0.699,0.933
1,4,6,20210909_Xyln_01_4.tif,4.251,0.988,0.728,0.563,173.989,0.956,1.294,0.773,0.95
1,4,7,20210909_Xyln_01_4.tif,3.393,1.287,0.753,0.61,137.3,0.964,1.235,0.81,0.951
1,4,8,20210909_Xyln_01_4.tif,1.8,1.324,0.837,0.588,154.359,0.864,1.423,0.703,0.947
1,4,9,20210909_Xyln_01_4.tif,4.781,1.586,1.003,0.599,173.139,0.842,1.674,0.597,0.952
1,4,10,20210909_Xyln_01_4.tif,2.582,1.811,0.778,0.56,111.28,0.877,1.391,0.719,0.932
1,4,11,20210909_Xyln_01_4.tif,3.965,1.871,0.733,0.583,157.018,0.925,1.256,0.796,0.931
1,4,12,20210909_Xyln_01_4.tif,1.819,1.951,0.795,0.548,162.489,0.801,1.451,0.689,0.915
1,4,13,20210909_Xyln_01_4.tif,1.286,2.221,0.968,0.46,131.382,0.59,2.106,0.475,0.831
1,4,14,20210909_Xyln_01_4.tif,3.285,2.261,0.754,0.559,116.265,0.849,1.347,0.742,0.913
1,4,15,20210909_Xyln_01_4.tif,2.295,2.391,0.39,0.338,17.383,0.942,1.154,0.867,0.964
1,4,16,20210909_Xyln_01_4.tif,2.16,2.888,0.939,0.535,168.634,0.804,1.754,0.57,0.917
1,4,18,20210909_Xyln_01_4.tif,3.421,3.305,0.854,0.604,150.058,0.916,1.413,0.708,0.944
1,4,20,20210909_Xyln_01_4.tif,2.673,3.61,0.948,0.692,149.023,0.891,1.37,0.73,0.943
1,4,22,20210909_Xyln_01_4.tif,1.277,3.99,0.825,0.447,159.845,0.822,1.846,0.542,0.928
1,4,23,20210909_Xyln_01_4.tif,0.725,4.389,0.732,0.525,176.137,0.885,1.393,0.718,0.938
1,4,24,20210909_Xyln_01_4.tif,2.775,4.62,0.75,0.405,134.464,0.83,1.854,0.54,0.922
1,4,25,20210909_Xyln_01_4.tif,1.528,4.648,0.694,0.608,2.901,0.941,1.142,0.876,0.955
1,4,26,20210909_Xyln_01_4.tif,2.271,4.843,0.721,0.541,133.221,0.89,1.333,0.75,0.934
1,4,27,20210909_Xyln_01_4.tif,0.788,4.969,0.83,0.456,173.844,0.852,1.821,0.549,0.958
1,4,28,20210909_Xyln_01_4.tif,1.622,5.317,0.785,0.56,154.506,0.911,1.401,0.714,0.949
1,4,29,20210909_Xyln_01_4.tif,4.84,5.357,0.69,0.577,150.945,0.937,1.195,0.837,0.951
1,4,31,20210909_Xyln_01_4.tif,0.9,5.559,0.806,0.443,160.469,0.814,1.819,0.55,0.907
1,4,32,20210909_Xyln_01_4.tif,4.593,5.994,0.935,0.561,150.283,0.871,1.667,0.6,0.942
1,4,33,20210909_Xyln_01_4.tif,1.663,5.907,0.619,0.385,174.788,0.846,1.608,0.622,0.92
1,4,34,20210909_Xyln_01_4.tif,3.304,5.888,0.646,0.396,166.02,0.861,1.631,0.613,0.956
1,4,35,20210909_Xyln_01_4.tif,0.526,6.067,0.663,0.455,159.367,0.917,1.456,0.687,0.95
1,5,1,20210909_Xyln_01_5.tif,1.191,0.451,0.886,0.53,149.351,0.813,1.673,0.598,0.91
1,5,2,20210909_Xyln_01_5.tif,3.139,0.492,0.975,0.498,166.024,0.81,1.956,0.511,0.937
1,5,5,20210909_Xyln_01_5.tif,2.32,0.708,0.825,0.561,155.427,0.867,1.47,0.68,0.932
1,5,6,20210909_Xyln_01_5.tif,4.055,0.905,0.718,0.473,132.617,0.86,1.517,0.659,0.917
1,5,7,20210909_Xyln_01_5.tif,5.086,0.816,0.894,0.446,163.469,0.77,2.003,0.499,0.907
1,5,8,20210909_Xyln_01_5.tif,6.335,0.83,0.743,0.413,172.279,0.717,1.801,0.555,0.856
1,5,10,20210909_Xyln_01_5.tif,3.191,1.105,0.937,0.522,155.443,0.794,1.794,0.557,0.914
1,5,11,20210909_Xyln_01_5.tif,1.36,1.077,0.922,0.46,152.404,0.75,2.005,0.499,0.909
1,5,12,20210909_Xyln_01_5.tif,5.97,1.236,0.798,0.309,156.229,0.663,2.578,0.388,0.854
1,5,13,20210909_Xyln_01_5.tif,2.413,1.36,1.012,0.494,152.705,0.741,2.048,0.488,0.876
1,5,14,20210909_Xyln_01_5.tif,5.003,1.37,0.982,0.524,155.59,0.763,1.875,0.533,0.917
1,5,15,20210909_Xyln_01_5.tif,6.966,1.433,0.89,0.44,147.351,0.779,2.024,0.494,0.894
1,5,16,20210909_Xyln_01_5.tif,1.084,1.567,0.805,0.603,154.337,0.909,1.335,0.749,0.935
1,5,17,20210909_Xyln_01_5.tif,4.536,1.703,0.873,0.394,159.056,0.651,2.219,0.451,0.87
1,5,18,20210909_Xyln_01_5.tif,3.411,1.778,0.934,0.581,165.046,0.858,1.607,0.622,0.94
1,5,20,20210909_Xyln_01_5.tif,5.851,1.811,0.759,0.507,137.687,0.776,1.496,0.669,0.884
1,5,21,20210909_Xyln_01_5.tif,1.947,1.82,0.812,0.59,161.108,0.887,1.376,0.727,0.945
1,5,22,20210909_Xyln_01_5.tif,6.614,1.884,0.901,0.493,143.38,0.77,1.825,0.548,0.923
1,5,24,20210909_Xyln_01_5.tif,2.878,2.175,0.883,0.496,156.533,0.791,1.779,0.562,0.904
1,5,25,20210909_Xyln_01_5.tif,1.36,2.273,0.729,0.562,153.617,0.886,1.297,0.771,0.928
1,5,26,20210909_Xyln_01_5.tif,5.533,2.329,0.834,0.486,134.699,0.801,1.718,0.582,0.897
1,5,27,20210909_Xyln_01_5.tif,4.752,2.334,0.776,0.559,150.845,0.892,1.387,0.721,0.915
1,5,28,20210909_Xyln_01_5.tif,3.813,2.521,0.746,0.679,132.964,0.885,1.098,0.91,0.927
1,5,29,20210909_Xyln_01_5.tif,6.584,2.492,0.977,0.364,139.613,0.624,2.681,0.373,0.846
1,5,30,20210909_Xyln_01_5.tif,2.288,2.564,0.783,0.581,154.309,0.869,1.349,0.742,0.915
1,5,31,20210909_Xyln_01_5.tif,3.132,2.882,0.803,0.599,140.092,0.886,1.341,0.746,0.925
1,5,32,20210909_Xyln_01_5.tif,6.343,2.916,0.888,0.454,144.16,0.758,1.955,0.511,0.885
1,5,33,20210909_Xyln_01_5.tif,1.793,2.959,0.933,0.47,146.721,0.791,1.988,0.503,0.91
1,5,34,20210909_Xyln_01_5.tif,4.937,3.03,0.797,0.462,138.88,0.834,1.726,0.579,0.913
1,5,35,20210909_Xyln_01_5.tif,5.705,3.119,0.773,0.511,148.041,0.812,1.514,0.66,0.912
2,1,1,20210909_Xyln_02_1.tif,3.825,0.608,0.85,0.617,160.387,0.896,1.376,0.727,0.937
2,1,2,20210909_Xyln_02_1.tif,1.652,0.655,0.988,0.468,168.388,0.726,2.111,0.474,0.884
2,1,3,20210909_Xyln_02_1.tif,0.686,0.682,0.739,0.54,20.1,0.916,1.369,0.731,0.944
2,1,4,20210909_Xyln_02_1.tif,5.81,0.747,0.847,0.48,165.748,0.788,1.763,0.567,0.925
2,1,5,20210909_Xyln_02_1.tif,2.934,0.806,1.015,0.515,170.472,0.724,1.971,0.507,0.896
2,1,6,20210909_Xyln_02_1.tif,4.904,0.935,1.059,0.565,166.296,0.809,1.873,0.534,0.937
2,1,7,20210909_Xyln_02_1.tif,1.129,1.224,0.694,0.649,150.221,0.907,1.07,0.934,0.96
2,1,8,20210909_Xyln_02_1.tif,1.972,1.251,0.683,0.638,1.035,0.936,1.07,0.935,0.961
2,1,9,20210909_Xyln_02_1.tif,4.312,1.322,0.981,0.558,146.786,0.839,1.76,0.568,0.922
2,1,10,20210909_Xyln_02_1.tif,2.818,1.389,0.877,0.593,169.881,0.889,1.478,0.677,0.94
2,1,11,20210909_Xyln_02_1.tif,5.717,1.388,0.896,0.562,174.675,0.895,1.594,0.628,0.944
2,1,12,20210909_Xyln_02_1.tif,3.705,1.534,0.834,0.475,146.904,0.801,1.753,0.57,0.921
2,1,13,20210909_Xyln_02_1.tif,5.261,1.881,1.046,0.565,177.107,0.474,1.852,0.54,0.811
2,1,14,20210909_Xyln_02_1.tif,1.368,1.887,0.72,0.499,175.602,0.925,1.443,0.693,0.948
2,1,15,20210909_Xyln_02_1.tif,2.165,1.938,0.705,0.58,17.238,0.887,1.215,0.823,0.945
2,1,16,20210909_Xyln_02_1.tif,3.03,2.046,0.902,0.501,174.654,0.841,1.798,0.556,0.958
2,1,17,20210909_Xyln_02_1.tif,3.924,2.184,0.767,0.498,162.716,0.866,1.542,0.648,0.934
2,1,18,20210909_Xyln_02_1.tif,0.911,2.273,0.664,0.451,148.347,0.838,1.471,0.68,0.895
2,1,19,20210909_Xyln_02_1.tif,5.773,2.476,0.903,0.558,9.96,0.844,1.617,0.618,0.938
2,1,20,20210909_Xyln_02_1.tif,2.135,2.499,0.791,0.457,170.853,0.831,1.73,0.578,0.949
2,1,21,20210909_Xyln_02_1.tif,5.116,2.409,0.354,0.262,176.244,0.943,1.352,0.74,0.968
2,1,22,20210909_Xyln_02_1.tif,2.962,2.658,0.684,0.585,163.863,0.929,1.169,0.856,0.953
2,1,23,20210909_Xyln_02_1.tif,4.592,2.706,0.763,0.59,178.351,0.959,1.292,0.774,0.96
2,1,24,20210909_Xyln_02_1.tif,3.862,2.806,0.845,0.54,122.754,0.716,1.563,0.64,0.891
2,1,25,20210909_Xyln_02_1.tif,1.456,2.805,0.793,0.625,0.06,0.933,1.269,0.788,0.949
2,1,26,20210909_Xyln_02_1.tif,5.173,2.877,0.33,0.287,41.979,0.964,1.15,0.87,0.968
2,1,27,20210909_Xyln_02_1.tif,2.265,3.122,0.881,0.609,10.015,0.917,1.447,0.691,0.958
2,1,28,20210909_Xyln_02_1.tif,0.7,3.169,0.737,0.603,21.578,0.945,1.222,0.818,0.951
2,1,29,20210909_Xyln_02_1.tif,3.209,3.277,0.897,0.506,7.765,0.837,1.771,0.565,0.93
2,1,30,20210909_Xyln_02_1.tif,5.477,3.417,0.89,0.736,176.772,0.916,1.209,0.827,0.943
2,1,31,20210909_Xyln_02_1.tif,4.43,3.201,0.273,0.227,0,0.976,1.2,0.833,1
2,1,32,20210909_Xyln_02_1.tif,1.433,3.524,0.785,0.584,2.194,0.907,1.344,0.744,0.955
2,1,34,20210909_Xyln_02_1.tif,3.955,3.731,0.903,0.439,171.151,0.791,2.057,0.486,0.939
2,1,35,20210909_Xyln_02_1.tif,6.138,3.899,0.766,0.472,4.583,0.794,1.625,0.615,0.916
2,1,36,20210909_Xyln_02_1.tif,4.72,4.121,0.641,0.586,46.079,0.913,1.093,0.915,0.955
2,1,37,20210909_Xyln_02_1.tif,5.634,4.366,0.971,0.55,154.478,0.817,1.765,0.567,0.922
2,1,38,20210909_Xyln_02_1.tif,3.892,4.358,0.808,0.639,169.796,0.952,1.264,0.791,0.965
2,1,39,20210909_Xyln_02_1.tif,1.459,4.448,0.637,0.46,161.094,0.821,1.385,0.722,0.896
2,1,40,20210909_Xyln_02_1.tif,2.283,4.595,0.77,0.577,150.44,0.945,1.335,0.749,0.962
2,1,41,20210909_Xyln_02_1.tif,3.201,4.757,0.817,0.601,163.084,0.906,1.358,0.736,0.944
2,1,42,20210909_Xyln_02_1.tif,4.739,4.799,0.825,0.561,154.478,0.907,1.471,0.68,0.939
2,1,43,20210909_Xyln_02_1.tif,0.844,4.994,0.852,0.645,162.555,0.938,1.321,0.757,0.953
2,1,44,20210909_Xyln_02_1.tif,5.619,4.974,0.876,0.46,156.338,0.807,1.906,0.525,0.924
2,1,45,20210909_Xyln_02_1.tif,1.768,5.047,0.804,0.575,168.75,0.915,1.397,0.716,0.957
2,1,47,20210909_Xyln_02_1.tif,2.773,5.267,0.806,0.533,161.59,0.906,1.511,0.662,0.943
2,1,48,20210909_Xyln_02_1.tif,5.171,5.43,0.708,0.592,176.313,0.942,1.197,0.836,0.951
2,1,49,20210909_Xyln_02_1.tif,0.53,5.632,0.643,0.584,157.373,0.944,1.1,0.909,0.958
2,1,50,20210909_Xyln_02_1.tif,1.333,5.642,0.683,0.59,169.785,0.956,1.158,0.863,0.954
2,1,51,20210909_Xyln_02_1.tif,2.159,5.665,0.66,0.594,142.679,0.953,1.11,0.901,0.945
2,1,52,20210909_Xyln_02_1.tif,4.496,5.668,0.796,0.545,159.849,0.833,1.462,0.684,0.915
2,1,53,20210909_Xyln_02_1.tif,5.885,5.833,0.762,0.577,164.999,0.917,1.321,0.757,0.955
2,1,54,20210909_Xyln_02_1.tif,2.891,5.982,0.691,0.529,20.516,0.941,1.308,0.765,0.959
2,1,55,20210909_Xyln_02_1.tif,4.112,6.152,0.674,0.463,163.121,0.918,1.455,0.687,0.929
2,1,56,20210909_Xyln_02_1.tif,1.004,6.211,0.704,0.504,169.026,0.923,1.397,0.716,0.961
2,1,57,20210909_Xyln_02_1.tif,1.904,6.234,0.913,0.473,163.062,0.812,1.932,0.518,0.931
2,1,58,20210909_Xyln_02_1.tif,4.917,6.298,0.68,0.544,9.512,0.929,1.25,0.8,0.952
2,1,59,20210909_Xyln_02_1.tif,3.501,6.375,0.749,0.424,161.997,0.791,1.766,0.566,0.898
2,1,60,20210909_Xyln_02_1.tif,5.789,6.434,0.842,0.491,175.281,0.861,1.715,0.583,0.95
2,1,61,20210909_Xyln_02_1.tif,1.62,6.746,0.731,0.466,1.955,0.908,1.57,0.637,0.954
2,1,62,20210909_Xyln_02_1.tif,4.423,6.742,0.735,0.438,165.316,0.858,1.677,0.596,0.954
2,1,63,20210909_Xyln_02_1.tif,0.809,6.797,0.676,0.418,1.243,0.874,1.618,0.618,0.945
2,1,64,20210909_Xyln_02_1.tif,2.53,6.836,0.672,0.467,178.535,0.934,1.437,0.696,0.959
2,1,65,20210909_Xyln_02_1.tif,3.372,6.886,0.678,0.472,165.022,0.919,1.438,0.696,0.937
2,1,66,20210909_Xyln_02_1.tif,5.364,6.908,0.814,0.477,161.963,0.845,1.706,0.586,0.926
2,2,1,20210909_Xyln_02_2.tif,3.78,0.269,0.87,0.317,9.245,0.616,2.746,0.364,0.872
2,2,2,20210909_Xyln_02_2.tif,4.609,0.542,1.004,0.748,7.611,0.892,1.343,0.745,0.936
2,2,3,20210909_Xyln_02_2.tif,2.946,0.538,0.694,0.466,136.862,0.866,1.489,0.671,0.899
2,2,4,20210909_Xyln_02_2.tif,1.402,0.557,0.792,0.589,3.017,0.913,1.344,0.744,0.939
2,2,5,20210909_Xyln_02_2.tif,0.562,0.652,0.834,0.522,165.249,0.877,1.598,0.626,0.938
2,2,6,20210909_Xyln_02_2.tif,3.65,0.802,0.766,0.578,14.498,0.911,1.325,0.755,0.943
2,2,7,20210909_Xyln_02_2.tif,6.475,0.73,0.805,0.392,163.672,0.759,2.055,0.487,0.909
2,2,8,20210909_Xyln_02_2.tif,5.542,1.028,1.079,0.718,179.921,0.856,1.503,0.665,0.948
2,2,9,20210909_Xyln_02_2.tif,1.96,1.091,0.767,0.701,161.913,0.919,1.093,0.915,0.938
2,2,10,20210909_Xyln_02_2.tif,1.128,1.196,0.798,0.603,172.711,0.921,1.323,0.756,0.946
2,2,11,20210909_Xyln_02_2.tif,4.192,1.269,0.787,0.651,9.852,0.909,1.208,0.828,0.925
2,2,12,20210909_Xyln_02_2.tif,2.501,1.605,0.757,0.609,32.357,0.912,1.243,0.805,0.929
2,2,13,20210909_Xyln_02_2.tif,6.616,1.555,0.776,0.574,150.128,0.896,1.352,0.74,0.936
2,2,14,20210909_Xyln_02_2.tif,4.819,1.675,0.778,0.565,13.123,0.885,1.378,0.726,0.933
2,2,15,20210909_Xyln_02_2.tif,5.772,1.716,0.9,0.563,7.427,0.858,1.6,0.625,0.931
2,2,16,20210909_Xyln_02_2.tif,0.916,2.01,1.428,0.637,131.495,0.456,2.241,0.446,0.808
2,2,17,20210909_Xyln_02_2.tif,1.665,1.779,0.79,0.583,167.551,0.901,1.355,0.738,0.938
2,2,18,20210909_Xyln_02_2.tif,3.223,1.869,0.798,0.56,8.197,0.875,1.425,0.702,0.925
2,2,19,20210909_Xyln_02_2.tif,4.161,1.86,0.344,0.218,133.229,0.924,1.576,0.635,0.905
2,2,20,20210909_Xyln_02_2.tif,5.09,2.217,0.854,0.542,3.508,0.869,1.575,0.635,0.94
2,2,21,20210909_Xyln_02_2.tif,6.241,2.316,1.077,0.609,1.544,0.803,1.769,0.565,0.928
2,2,22,20210909_Xyln_02_2.tif,2.716,2.386,0.731,0.599,158.502,0.938,1.221,0.819,0.939
2,2,23,20210909_Xyln_02_2.tif,3.702,2.412,0.768,0.541,179.181,0.873,1.419,0.705,0.925
2,2,24,20210909_Xyln_02_2.tif,1.955,2.49,0.696,0.572,154.586,0.908,1.218,0.821,0.933
2,2,25,20210909_Xyln_02_2.tif,5.352,2.736,0.91,0.472,7.385,0.784,1.928,0.519,0.912
2,2,26,20210909_Xyln_02_2.tif,0.709,2.827,0.811,0.488,169.654,0.85,1.662,0.602,0.926
2,2,27,20210909_Xyln_02_2.tif,4.23,2.905,0.832,0.542,167.97,0.89,1.534,0.652,0.946
2,2,28,20210909_Xyln_02_2.tif,3.283,2.913,0.721,0.481,172.604,0.904,1.497,0.668,0.941
2,2,29,20210909_Xyln_02_2.tif,6.251,2.931,0.873,0.492,2.408,0.823,1.776,0.563,0.916
2,2,30,20210909_Xyln_02_2.tif,1.66,3.005,0.846,0.48,148.248,0.827,1.765,0.567,0.926
2,2,31,20210909_Xyln_02_2.tif,2.494,3.09,0.7,0.597,163.619,0.953,1.172,0.853,0.944
2,2,32,20210909_Xyln_02_2.tif,1.172,3.358,0.699,0.541,179.135,0.903,1.292,0.774,0.925
2,2,33,20210909_Xyln_02_2.tif,3.889,3.41,0.842,0.475,158.342,0.847,1.771,0.565,0.942
2,2,34,20210909_Xyln_02_2.tif,4.767,3.479,0.73,0.488,161.123,0.9,1.496,0.669,0.935
2,2,35,20210909_Xyln_02_2.tif,3.161,3.615,0.809,0.594,149.911,0.906,1.361,0.734,0.926
2,2,36,20210909_Xyln_02_2.tif,5.934,3.507,0.843,0.409,2.16,0.709,2.06,0.485,0.888
2,2,37,20210909_Xyln_02_2.tif,1.723,3.681,0.637,0.421,55.082,0.858,1.514,0.66,0.916
2,2,38,20210909_Xyln_02_2.tif,6.805,3.753,0.792,0.376,178.048,0.758,2.108,0.474,0.899
2,2,39,20210909_Xyln_02_2.tif,2.459,3.856,0.75,0.525,159.849,0.872,1.428,0.7,0.93
2,2,40,20210909_Xyln_02_2.tif,0.85,3.937,0.966,0.428,177.272,0.726,2.257,0.443,0.927
2,2,41,20210909_Xyln_02_2.tif,5.178,4.011,0.914,0.511,178.654,0.756,1.788,0.559,0.906
2,2,42,20210909_Xyln_02_2.tif,4.027,4.024,0.819,0.508,0.396,0.847,1.613,0.62,0.927
2,2,43,20210909_Xyln_02_2.tif,3.147,4.287,0.752,0.551,4.168,0.935,1.365,0.733,0.942
2,2,44,20210909_Xyln_02_2.tif,6.12,4.371,0.876,0.483,154.374,0.846,1.813,0.552,0.945
2,2,45,20210909_Xyln_02_2.tif,2.26,4.397,0.892,0.477,165.361,0.806,1.872,0.534,0.933
2,2,46,20210909_Xyln_02_2.tif,1.347,4.465,0.782,0.542,179.991,0.905,1.444,0.693,0.96
2,2,47,20210909_Xyln_02_2.tif,4.697,4.536,0.714,0.602,6.856,0.93,1.187,0.842,0.942
2,2,48,20210909_Xyln_02_2.tif,3.875,4.645,0.798,0.543,173.321,0.891,1.468,0.681,0.932
2,2,49,20210909_Xyln_02_2.tif,5.497,4.687,0.807,0.581,163.306,0.891,1.389,0.72,0.928
2,2,50,20210909_Xyln_02_2.tif,0.577,4.854,0.763,0.581,5.253,0.885,1.314,0.761,0.922
2,2,51,20210909_Xyln_02_2.tif,2.067,4.914,0.841,0.44,168.212,0.819,1.909,0.524,0.924
2,2,52,20210909_Xyln_02_2.tif,2.841,4.899,0.483,0.428,108.212,0.68,1.129,0.886,0.827
2,2,53,20210909_Xyln_02_2.tif,6.143,5.174,0.823,0.599,10.709,0.889,1.374,0.728,0.942
2,2,54,20210909_Xyln_02_2.tif,1.336,5.179,0.762,0.53,178.686,0.893,1.437,0.696,0.947
2,2,55,20210909_Xyln_02_2.tif,5.163,5.211,0.954,0.504,164.753,0.805,1.892,0.529,0.928
2,2,56,20210909_Xyln_02_2.tif,4.217,5.233,0.891,0.438,168.562,0.802,2.033,0.492,0.921
2,2,57,20210909_Xyln_02_2.tif,2.188,5.52,0.861,0.575,176.49,0.878,1.498,0.668,0.931
2,2,58,20210909_Xyln_02_2.tif,3.188,5.472,0.809,0.502,1.277,0.886,1.612,0.62,0.949
2,2,59,20210909_Xyln_02_2.tif,6.56,5.798,0.68,0.597,134.556,0.926,1.139,0.878,0.945
2,2,60,20210909_Xyln_02_2.tif,4.915,5.77,0.789,0.554,168.265,0.873,1.425,0.702,0.939
2,2,61,20210909_Xyln_02_2.tif,5.788,5.793,0.746,0.529,163.133,0.899,1.41,0.709,0.93
2,2,62,20210909_Xyln_02_2.tif,4.038,5.751,0.805,0.367,165.165,0.745,2.194,0.456,0.893
2,2,63,20210909_Xyln_02_2.tif,2.874,5.981,0.672,0.337,178.462,0.599,1.993,0.502,0.816
2,2,64,20210909_Xyln_02_2.tif,0.436,6.057,0.604,0.47,163.024,0.933,1.287,0.777,0.929
2,2,65,20210909_Xyln_02_2.tif,3.841,6.172,0.756,0.201,161.337,0.539,3.771,0.265,0.811
2,3,1,20210909_Xyln_02_3.tif,1.028,0.33,0.902,0.522,172.695,0.867,1.729,0.578,0.948
2,3,2,20210909_Xyln_02_3.tif,4.681,0.53,1.072,0.45,147.47,0.728,2.382,0.42,0.906
2,3,3,20210909_Xyln_02_3.tif,3.855,0.582,1.027,0.472,165.256,0.675,2.177,0.459,0.874
2,3,4,20210909_Xyln_02_3.tif,5.618,0.628,0.795,0.66,145.223,0.902,1.205,0.83,0.948
2,3,5,20210909_Xyln_02_3.tif,3.14,0.677,0.841,0.281,133.425,0.512,2.991,0.334,0.738
2,3,6,20210909_Xyln_02_3.tif,0.569,0.802,0.742,0.51,163.432,0.891,1.455,0.687,0.943
2,3,7,20210909_Xyln_02_3.tif,2.05,0.863,0.752,0.56,155.959,0.867,1.343,0.745,0.922
2,3,8,20210909_Xyln_02_3.tif,1.358,1.004,0.858,0.615,142.251,0.895,1.396,0.717,0.939
2,3,9,20210909_Xyln_02_3.tif,2.825,1.024,0.584,0.492,150.801,0.972,1.187,0.842,0.936
2,3,10,20210909_Xyln_02_3.tif,4.064,1.194,0.889,0.424,154.268,0.695,2.098,0.477,0.858
2,3,11,20210909_Xyln_02_3.tif,4.843,1.116,1.019,0.29,159.269,0.525,3.516,0.284,0.829
2,3,12,20210909_Xyln_02_3.tif,1.1,1.519,0.806,0.438,167.662,0.787,1.842,0.543,0.906
2,3,13,20210909_Xyln_02_3.tif,2.18,1.521,0.839,0.564,164.835,0.895,1.489,0.672,0.96
2,3,14,20210909_Xyln_02_3.tif,2.998,1.568,0.72,0.449,174.812,0.863,1.603,0.624,0.911
2,3,15,20210909_Xyln_02_3.tif,5.075,1.62,1.028,0.372,162.926,0.635,2.764,0.362,0.834
2,3,16,20210909_Xyln_02_3.tif,6.051,1.793,0.79,0.533,165.649,0.779,1.482,0.675,0.886
2,3,17,20210909_Xyln_02_3.tif,4.261,1.863,0.828,0.448,156.037,0.819,1.849,0.541,0.926
2,3,18,20210909_Xyln_02_3.tif,0.474,2.014,0.67,0.576,43.305,0.943,1.162,0.86,0.929
2,3,19,20210909_Xyln_02_3.tif,1.944,1.976,0.895,0.372,148.458,0.693,2.407,0.415,0.885
2,3,20,20210909_Xyln_02_3.tif,3.631,2.065,0.737,0.42,155.115,0.846,1.756,0.569,0.918
2,3,21,20210909_Xyln_02_3.tif,1.262,2.129,0.797,0.554,164.054,0.881,1.439,0.695,0.928
2,3,22,20210909_Xyln_02_3.tif,5.343,2.158,1.029,0.216,147.254,0.45,4.757,0.21,0.751
2,3,23,20210909_Xyln_02_3.tif,2.697,2.41,0.745,0.648,169.879,0.906,1.15,0.869,0.94
2,3,24,20210909_Xyln_02_3.tif,4.991,2.438,0.766,0.463,148.915,0.846,1.653,0.605,0.918
2,3,25,20210909_Xyln_02_3.tif,1.915,2.604,0.719,0.51,163.198,0.875,1.411,0.709,0.912
2,3,26,20210909_Xyln_02_3.tif,4.296,2.61,0.706,0.614,179.773,0.947,1.148,0.871,0.959
2,3,27,20210909_Xyln_02_3.tif,3.501,2.628,0.765,0.508,155.655,0.866,1.506,0.664,0.931
2,3,28,20210909_Xyln_02_3.tif,0.92,2.651,0.881,0.481,170.394,0.828,1.832,0.546,0.931
2,3,29,20210909_Xyln_02_3.tif,6.125,2.719,0.72,0.402,166.578,0.784,1.79,0.559,0.899
2,3,30,20210909_Xyln_02_3.tif,4.969,3.037,0.675,0.52,165.623,0.959,1.298,0.77,0.947
2,3,31,20210909_Xyln_02_3.tif,5.698,3.135,0.647,0.569,139.24,0.917,1.138,0.879,0.942
2,3,32,20210909_Xyln_02_3.tif,2.549,3.129,0.704,0.535,179.08,0.936,1.317,0.76,0.953
2,3,33,20210909_Xyln_02_3.tif,1.581,3.208,0.787,0.571,156.968,0.886,1.379,0.725,0.938
2,3,34,20210909_Xyln_02_3.tif,3.36,3.216,0.774,0.484,147.211,0.873,1.6,0.625,0.936
2,3,35,20210909_Xyln_02_3.tif,0.72,3.283,0.753,0.581,172.08,0.918,1.295,0.772,0.935
2,3,36,20210909_Xyln_02_3.tif,4.219,3.299,0.758,0.486,150.058,0.868,1.558,0.642,0.937
2,3,37,20210909_Xyln_02_3.tif,5.195,3.647,0.787,0.481,168.879,0.844,1.635,0.611,0.923
2,3,38,20210909_Xyln_02_3.tif,2.237,3.787,0.828,0.538,155.656,0.878,1.538,0.65,0.94
2,3,39,20210909_Xyln_02_3.tif,1.342,3.839,0.789,0.587,178.075,0.88,1.346,0.743,0.933
2,3,40,20210909_Xyln_02_3.tif,3.128,3.859,0.801,0.556,175.348,0.878,1.441,0.694,0.938
2,3,41,20210909_Xyln_02_3.tif,4.005,3.847,0.805,0.495,161.346,0.836,1.627,0.615,0.914
2,3,42,20210909_Xyln_02_3.tif,0.461,3.936,0.803,0.53,172.049,0.875,1.516,0.659,0.931
2,3,43,20210909_Xyln_02_3.tif,6.097,3.982,0.824,0.411,147.156,0.809,2.004,0.499,0.932
2,3,44,20210909_Xyln_02_3.tif,4.803,4.163,0.631,0.596,178.404,0.928,1.058,0.945,0.934
2,3,45,20210909_Xyln_02_3.tif,5.593,4.238,0.818,0.41,151.546,0.781,1.996,0.501,0.899
2,3,46,20210909_Xyln_02_3.tif,1.939,4.374,0.689,0.543,4.66,0.902,1.268,0.788,0.931
2,3,47,20210909_Xyln_02_3.tif,3.693,4.412,0.828,0.568,0.795,0.874,1.457,0.686,0.943
2,3,48,20210909_Xyln_02_3.tif,1.095,4.486,0.811,0.597,168.862,0.91,1.358,0.736,0.941
2,3,49,20210909_Xyln_02_3.tif,2.821,4.486,0.776,0.569,177.339,0.935,1.363,0.734,0.955
2,3,50,20210909_Xyln_02_3.tif,5.404,4.715,0.827,0.52,164.195,0.883,1.59,0.629,0.936
2,3,51,20210909_Xyln_02_3.tif,4.551,4.793,0.85,0.513,154.666,0.851,1.658,0.603,0.927
2,3,52,20210909_Xyln_02_3.tif,2.222,4.985,0.812,0.493,174.12,0.858,1.647,0.607,0.929
2,3,53,20210909_Xyln_02_3.tif,3.782,5.049,0.955,0.497,166.205,0.827,1.92,0.521,0.943
2,3,54,20210909_Xyln_02_3.tif,1.433,5.153,0.785,0.439,159.181,0.831,1.785,0.56,0.931
2,3,55,20210909_Xyln_02_3.tif,3.022,5.285,0.767,0.645,134.224,0.94,1.189,0.841,0.942
2,3,56,20210909_Xyln_02_3.tif,0.615,5.295,0.807,0.579,2.575,0.905,1.395,0.717,0.933
2,4,1,20210909_Xyln_02_4.tif,1.713,0.529,0.743,0.64,11.896,0.92,1.161,0.862,0.925
2,4,2,20210909_Xyln_02_4.tif,3.796,0.523,0.759,0.504,148.753,0.885,1.505,0.664,0.92
2,4,3,20210909_Xyln_02_4.tif,2.416,0.683,0.78,0.437,134.877,0.632,1.786,0.56,0.81
2,4,4,20210909_Xyln_02_4.tif,3.244,1.025,0.793,0.558,176.592,0.908,1.42,0.704,0.936
2,4,5,20210909_Xyln_02_4.tif,4.387,0.996,0.759,0.455,163.622,0.756,1.67,0.599,0.867
2,4,6,20210909_Xyln_02_4.tif,1.493,1.146,0.787,0.557,162.472,0.862,1.414,0.707,0.93
2,4,7,20210909_Xyln_02_4.tif,2.335,1.351,0.784,0.623,159.659,0.924,1.259,0.794,0.936
2,4,8,20210909_Xyln_02_4.tif,0.623,1.465,0.888,0.7,156.517,0.822,1.269,0.788,0.906
2,4,9,20210909_Xyln_02_4.tif,3.899,1.152,0.137,0.137,0,1,1,1,1
2,4,10,20210909_Xyln_02_4.tif,5.032,1.535,0.916,0.549,169.404,0.821,1.667,0.6,0.927
2,4,11,20210909_Xyln_02_4.tif,3.749,1.608,1.084,0.608,175.506,0.795,1.783,0.561,0.919
2,4,12,20210909_Xyln_02_4.tif,1.879,1.596,0.137,0.137,0,1,1,1,1
2,4,13,20210909_Xyln_02_4.tif,1.459,1.939,0.791,0.625,121.734,0.866,1.266,0.79,0.917
2,4,14,20210909_Xyln_02_4.tif,2.936,1.969,0.81,0.59,165.432,0.886,1.373,0.728,0.933
2,4,15,20210909_Xyln_02_4.tif,0.665,2.129,0.857,0.555,169.228,0.777,1.543,0.648,0.905
2,4,16,20210909_Xyln_02_4.tif,4.953,2.071,1.014,0.422,174.349,0.699,2.4,0.417,0.918
2,4,18,20210909_Xyln_02_4.tif,2.213,2.377,0.81,0.58,123.791,0.863,1.397,0.716,0.909
2,4,19,20210909_Xyln_02_4.tif,5.232,2.655,0.854,0.582,169.129,0.895,1.467,0.682,0.935
2,4,20,20210909_Xyln_02_4.tif,1.223,2.56,0.45,0.379,152.261,0.962,1.188,0.842,0.97
2,4,21,20210909_Xyln_02_4.tif,3.095,2.596,0.706,0.392,178.841,0.717,1.803,0.555,0.839
2,4,22,20210909_Xyln_02_4.tif,1.515,2.505,0.182,0.137,90,1,1.333,0.75,1
2,4,23,20210909_Xyln_02_4.tif,1.719,2.522,0.243,0.188,139.417,1,1.288,0.776,0.936
2,4,24,20210909_Xyln_02_4.tif,1,3.039,1.049,0.563,170.004,0.755,1.865,0.536,0.889
2,4,25,20210909_Xyln_02_4.tif,1.904,2.88,0.375,0.288,179.537,0.915,1.305,0.767,0.912
2,4,26,20210909_Xyln_02_4.tif,2.321,2.946,0.23,0.154,24.902,1,1.497,0.668,0.919
2,4,27,20210909_Xyln_02_4.tif,2.38,3.435,0.904,0.623,160.216,0.855,1.452,0.689,0.936
2,4,30,20210909_Xyln_02_4.tif,1.598,3.749,0.973,0.745,144.934,0.899,1.306,0.766,0.934
2,4,31,20210909_Xyln_02_4.tif,0.423,3.762,0.279,0.186,120.254,0.981,1.5,0.667,0.926
2,4,32,20210909_Xyln_02_4.tif,4.926,4.363,0.813,0.542,159.584,0.844,1.501,0.666,0.906
2,4,33,20210909_Xyln_02_4.tif,2.471,4.578,1.077,0.616,150.756,0.822,1.749,0.572,0.925
2,4,34,20210909_Xyln_02_4.tif,0.483,4.881,0.748,0.617,7.127,0.947,1.212,0.825,0.949
2,4,35,20210909_Xyln_02_4.tif,4.492,4.919,0.908,0.563,154.003,0.86,1.614,0.62,0.928
2,4,36,20210909_Xyln_02_4.tif,1.271,5.051,0.783,0.555,153.601,0.891,1.411,0.709,0.937
2,4,37,20210909_Xyln_02_4.tif,3.956,5.423,0.789,0.601,154.744,0.924,1.312,0.762,0.938
2,4,38,20210909_Xyln_02_4.tif,0.562,5.569,0.808,0.558,167.796,0.887,1.448,0.691,0.941
2,4,39,20210909_Xyln_02_4.tif,4.817,5.706,0.727,0.589,169.455,0.878,1.236,0.809,0.918
2,4,40,20210909_Xyln_02_4.tif,1.459,5.766,0.854,0.596,169.358,0.899,1.431,0.699,0.937
2,4,41,20210909_Xyln_02_4.tif,3.702,6.078,0.998,0.625,150.589,0.831,1.598,0.626,0.926
2,4,42,20210909_Xyln_02_4.tif,0.633,6.177,0.625,0.466,3.899,0.861,1.341,0.746,0.921
2,4,43,20210909_Xyln_02_4.tif,4.693,6.459,0.932,0.585,141.905,0.827,1.594,0.627,0.918
2,4,44,20210909_Xyln_02_4.tif,3.888,6.666,0.364,0.217,155.405,0.924,1.682,0.595,0.916
2,4,45,20210909_Xyln_02_4.tif,4.226,7.135,0.79,0.558,169.827,0.841,1.415,0.706,0.922
2,4,46,20210909_Xyln_02_4.tif,4.992,7.116,0.5,0.295,137.9,0.851,1.697,0.589,0.887
2,5,1,20210909_Xyln_02_5.tif,3.919,0.519,0.657,0.35,139.074,0.705,1.878,0.533,0.843
2,5,2,20210909_Xyln_02_5.tif,5.997,0.327,0.269,0.164,164.182,1,1.643,0.609,0.933
2,5,3,20210909_Xyln_02_5.tif,2.833,0.59,0.764,0.564,144.48,0.878,1.354,0.738,0.926
2,5,4,20210909_Xyln_02_5.tif,1.549,0.74,0.996,0.511,165.671,0.802,1.949,0.513,0.927
2,5,5,20210909_Xyln_02_5.tif,0.716,0.983,0.883,0.59,161.217,0.871,1.496,0.668,0.927
2,5,6,20210909_Xyln_02_5.tif,4.893,0.954,0.785,0.427,167.754,0.742,1.84,0.543,0.882
2,5,7,20210909_Xyln_02_5.tif,3.622,1.046,0.904,0.456,168.675,0.815,1.984,0.504,0.927
2,5,8,20210909_Xyln_02_5.tif,2.522,1.148,0.702,0.555,144.593,0.969,1.265,0.791,0.939
2,5,9,20210909_Xyln_02_5.tif,5.595,0.958,0.265,0.221,0,1,1.199,0.834,0.966
2,5,10,20210909_Xyln_02_5.tif,1.638,1.358,0.999,0.541,160.143,0.814,1.847,0.541,0.931
2,5,11,20210909_Xyln_02_5.tif,4.552,1.389,0.709,0.351,169.89,0.759,2.02,0.495,0.905
2,5,12,20210909_Xyln_02_5.tif,3.492,1.567,1,0.486,157.864,0.766,2.059,0.486,0.917
2,5,13,20210909_Xyln_02_5.tif,5.567,1.563,0.926,0.423,150.411,0.729,2.19,0.457,0.886
2,5,14,20210909_Xyln_02_5.tif,0.793,1.64,1.016,0.55,157.258,0.806,1.847,0.541,0.919
2,5,15,20210909_Xyln_02_5.tif,3.099,1.945,0.914,0.424,164.224,0.725,2.156,0.464,0.932
2,5,16,20210909_Xyln_02_5.tif,4.416,1.969,0.78,0.507,136.861,0.824,1.539,0.65,0.917
2,5,17,20210909_Xyln_02_5.tif,5.212,2.028,0.889,0.544,150.014,0.815,1.636,0.611,0.93
2,5,18,20210909_Xyln_02_5.tif,1.838,2.016,1.026,0.583,171.904,0.854,1.761,0.568,0.957
2,5,19,20210909_Xyln_02_5.tif,6.165,2.174,0.829,0.467,159,0.85,1.773,0.564,0.93
2,5,20,20210909_Xyln_02_5.tif,1.331,2.447,0.909,0.481,161.634,0.789,1.891,0.529,0.911
2,5,21,20210909_Xyln_02_5.tif,3.334,2.549,0.812,0.574,151.934,0.859,1.414,0.707,0.918
2,5,22,20210909_Xyln_02_5.tif,4.162,2.542,0.849,0.505,149.093,0.83,1.681,0.595,0.919
2,5,23,20210909_Xyln_02_5.tif,5.223,2.635,0.977,0.39,148.077,0.681,2.505,0.399,0.89
2,5,24,20210909_Xyln_02_5.tif,2.319,2.714,0.78,0.67,167.85,0.925,1.164,0.859,0.952
2,5,25,20210909_Xyln_02_5.tif,6.123,2.762,0.824,0.553,158.166,0.891,1.489,0.671,0.948
2,5,26,20210909_Xyln_02_5.tif,0.725,2.851,0.863,0.56,162.872,0.847,1.542,0.648,0.92
2,5,27,20210909_Xyln_02_5.tif,1.63,3.141,0.819,0.667,147.395,0.913,1.229,0.814,0.934
2,5,28,20210909_Xyln_02_5.tif,5.035,3.077,0.955,0.436,152.123,0.76,2.192,0.456,0.911
2,5,29,20210909_Xyln_02_5.tif,3.081,3.47,1.111,0.458,123.352,0.68,2.428,0.412,0.86
2,5,30,20210909_Xyln_02_5.tif,3.567,3.258,0.817,0.497,139.432,0.864,1.646,0.608,0.93
2,5,31,20210909_Xyln_02_5.tif,4.38,3.314,0.851,0.512,151.228,0.843,1.663,0.601,0.927
2,5,32,20210909_Xyln_02_5.tif,2.456,3.53,0.856,0.555,132.992,0.833,1.543,0.648,0.908
2,5,33,20210909_Xyln_02_5.tif,1.116,3.618,0.832,0.599,145.446,0.909,1.39,0.719,0.937
2,5,34,20210909_Xyln_02_5.tif,6.011,3.773,0.966,0.505,147.74,0.784,1.914,0.522,0.932
2,5,35,20210909_Xyln_02_5.tif,5.141,3.854,0.812,0.649,161.987,0.924,1.251,0.799,0.939
2,5,36,20210909_Xyln_02_5.tif,1.999,4.005,0.803,0.63,142.113,0.913,1.274,0.785,0.942
2,5,37,20210909_Xyln_02_5.tif,4.325,3.934,0.844,0.466,153.644,0.802,1.809,0.553,0.91
2,5,38,20210909_Xyln_02_5.tif,0.99,4.233,0.898,0.501,152.848,0.828,1.794,0.557,0.921
2,5,39,20210909_Xyln_02_5.tif,3.911,4.324,1.087,0.531,141.747,0.8,2.047,0.489,0.925
2,5,40,20210909_Xyln_02_5.tif,2.984,4.329,1.026,0.614,162.443,0.848,1.671,0.598,0.938
2,5,41,20210909_Xyln_02_5.tif,5.826,4.407,0.729,0.572,172.961,0.886,1.274,0.785,0.917
2,5,42,20210909_Xyln_02_5.tif,5.041,4.576,0.777,0.576,150.445,0.885,1.348,0.742,0.924
2,5,43,20210909_Xyln_02_5.tif,1.847,4.554,0.784,0.326,164.239,0.705,2.408,0.415,0.897
2,5,44,20210909_Xyln_02_5.tif,2.838,4.832,0.905,0.368,150.691,0.652,2.46,0.406,0.85
2,5,45,20210909_Xyln_02_5.tif,1.095,4.948,0.864,0.564,171.702,0.88,1.53,0.654,0.938
2,5,46,20210909_Xyln_02_5.tif,4.081,4.966,1.027,0.33,147.186,0.537,3.112,0.321,0.77
2,5,47,20210909_Xyln_02_5.tif,4.998,5.226,0.853,0.427,129.924,0.448,1.997,0.501,0.763
2,5,48,20210909_Xyln_02_5.tif,2.015,5.183,0.823,0.651,149.404,0.939,1.263,0.792,0.941
2,5,49,20210909_Xyln_02_5.tif,3.746,5.266,0.822,0.492,143.967,0.86,1.672,0.598,0.935
2,5,50,20210909_Xyln_02_5.tif,5.792,5.312,0.795,0.455,132.45,0.813,1.746,0.573,0.908
2,5,51,20210909_Xyln_02_5.tif,3.042,5.519,1.025,0.562,154.568,0.818,1.825,0.548,0.927
2,5,52,20210909_Xyln_02_5.tif,1.135,5.541,1.112,0.471,171.561,0.728,2.363,0.423,0.938
3,1,1,20210909_Xyln_03_1.tif,5.423,0.578,0.902,0.677,161.888,0.793,1.331,0.751,0.897
3,1,2,20210909_Xyln_03_1.tif,1.396,0.575,0.857,0.589,6.377,0.841,1.455,0.687,0.934
3,1,3,20210909_Xyln_03_1.tif,4.571,0.774,0.864,0.682,152.987,0.797,1.268,0.789,0.893
3,1,4,20210909_Xyln_03_1.tif,2.36,0.707,0.914,0.513,9.332,0.801,1.78,0.562,0.944
3,1,5,20210909_Xyln_03_1.tif,0.612,0.983,0.787,0.641,177.721,0.878,1.228,0.815,0.938
3,1,6,20210909_Xyln_03_1.tif,3.943,1.005,0.796,0.168,152.51,0.189,4.729,0.211,0.486
3,1,7,20210909_Xyln_03_1.tif,3.089,1.167,0.913,0.395,166.888,0.475,2.312,0.432,0.784
3,1,8,20210909_Xyln_03_1.tif,1.433,1.277,0.745,0.621,170.085,0.88,1.2,0.833,0.911
3,1,9,20210909_Xyln_03_1.tif,5.189,1.253,0.741,0.567,16.636,0.838,1.307,0.765,0.906
3,1,10,20210909_Xyln_03_1.tif,2.474,1.153,0.145,0.068,94.065,0.491,2.136,0.468,0.667
3,1,11,20210909_Xyln_03_1.tif,3.839,1.527,0.718,0.612,102.924,0.725,1.173,0.853,0.901
3,1,13,20210909_Xyln_03_1.tif,5.948,1.563,0.85,0.547,158.906,0.866,1.552,0.644,0.924
3,1,14,20210909_Xyln_03_1.tif,4.683,1.729,0.971,0.556,157.206,0.741,1.746,0.573,0.901
3,1,15,20210909_Xyln_03_1.tif,0.651,1.903,0.752,0.498,166.117,0.735,1.509,0.663,0.843
3,1,16,20210909_Xyln_03_1.tif,1.475,2.059,0.767,0.576,155.756,0.863,1.331,0.751,0.92
3,1,17,20210909_Xyln_03_1.tif,5.592,2.094,0.815,0.583,143.996,0.684,1.399,0.715,0.908
3,1,18,20210909_Xyln_03_1.tif,2.352,2.184,0.842,0.636,170.147,0.868,1.323,0.756,0.917
3,1,19,20210909_Xyln_03_1.tif,3.883,2.19,0.818,0.53,160.406,0.833,1.543,0.648,0.902
3,1,21,20210909_Xyln_03_1.tif,4.781,2.335,0.831,0.491,164.716,0.797,1.694,0.59,0.9
3,1,22,20210909_Xyln_03_1.tif,3.228,2.445,0.862,0.544,169.797,0.739,1.585,0.631,0.893
3,1,23,20210909_Xyln_03_1.tif,1.002,2.524,0.81,0.548,166.445,0.849,1.478,0.676,0.915
3,1,25,20210909_Xyln_03_1.tif,1.997,2.707,0.825,0.521,167.105,0.793,1.585,0.631,0.901
3,1,26,20210909_Xyln_03_1.tif,4.326,2.801,0.722,0.601,1.085,0.851,1.202,0.832,0.891
3,1,27,20210909_Xyln_03_1.tif,2.824,2.984,0.803,0.646,174.665,0.817,1.244,0.804,0.912
3,1,28,20210909_Xyln_03_1.tif,3.699,3.044,0.838,0.546,157.048,0.748,1.535,0.651,0.88
3,1,29,20210909_Xyln_03_1.tif,1.414,3.114,0.709,0.587,158.285,0.873,1.208,0.828,0.921
3,1,30,20210909_Xyln_03_1.tif,0.578,3.095,0.715,0.535,167.208,0.884,1.338,0.747,0.922
3,1,31,20210909_Xyln_03_1.tif,2.128,3.414,0.681,0.533,28.319,0.877,1.278,0.782,0.911
3,1,32,20210909_Xyln_03_1.tif,5.785,3.431,0.703,0.541,17.316,0.852,1.299,0.77,0.906
3,1,33,20210909_Xyln_03_1.tif,3.328,3.539,0.704,0.395,170.764,0.787,1.784,0.561,0.922
3,1,34,20210909_Xyln_03_1.tif,4.137,3.637,0.671,0.531,177.118,0.859,1.264,0.791,0.91
3,1,35,20210909_Xyln_03_1.tif,1.175,3.676,0.944,0.449,165.776,0.743,2.101,0.476,0.909
3,1,36,20210909_Xyln_03_1.tif,4.997,3.751,0.806,0.487,174.657,0.666,1.656,0.604,0.796
3,1,37,20210909_Xyln_03_1.tif,2.713,3.763,0.779,0.425,165.863,0.742,1.835,0.545,0.868
3,1,39,20210909_Xyln_03_1.tif,6.24,3.925,0.684,0.314,1.559,0.427,2.175,0.46,0.651
3,1,40,20210909_Xyln_03_1.tif,3.669,4.076,0.751,0.477,163.391,0.856,1.574,0.635,0.915
3,1,41,20210909_Xyln_03_1.tif,0.887,4.17,0.732,0.452,18.479,0.765,1.62,0.617,0.894
3,1,42,20210909_Xyln_03_1.tif,4.588,4.241,0.863,0.455,162.544,0.712,1.897,0.527,0.881
3,1,43,20210909_Xyln_03_1.tif,5.544,4.267,0.639,0.62,147.863,0.761,1.031,0.97,0.87
3,1,44,20210909_Xyln_03_1.tif,1.791,4.244,0.671,0.496,167.388,0.787,1.351,0.74,0.885
3,1,45,20210909_Xyln_03_1.tif,2.585,4.244,0.63,0.485,165.368,0.847,1.298,0.77,0.906
3,1,46,20210909_Xyln_03_1.tif,3.339,4.579,0.657,0.471,179.977,0.81,1.395,0.717,0.895
3,1,47,20210909_Xyln_03_1.tif,4.125,4.652,0.658,0.485,165.305,0.873,1.354,0.738,0.913
3,1,48,20210909_Xyln_03_1.tif,6.173,4.781,0.818,0.597,169.608,0.844,1.369,0.73,0.919
3,1,49,20210909_Xyln_03_1.tif,1.264,4.607,0.719,0.227,179.746,0.487,3.161,0.316,0.838
3,1,50,20210909_Xyln_03_1.tif,2.623,4.7,0.733,0.207,163.114,0.289,3.54,0.282,0.611
3,1,51,20210909_Xyln_03_1.tif,4.93,4.787,0.737,0.374,173.826,0.747,1.97,0.508,0.897
3,1,52,20210909_Xyln_03_1.tif,1.936,4.918,0.83,0.406,169.959,0.667,2.045,0.489,0.872
3,2,1,20210909_Xyln_03_2.tif,4.834,0.772,0.812,0.605,153.507,0.877,1.342,0.745,0.917
3,2,2,20210909_Xyln_03_2.tif,0.697,1.03,0.738,0.633,42.649,0.919,1.165,0.858,0.93
3,2,5,20210909_Xyln_03_2.tif,6.187,1.077,0.792,0.447,142.485,0.783,1.772,0.564,0.889
3,2,6,20210909_Xyln_03_2.tif,1.458,1.267,0.836,0.571,0.63,0.894,1.464,0.683,0.945
3,2,7,20210909_Xyln_03_2.tif,2.502,1.205,0.311,0.265,129.664,0.925,1.172,0.853,0.93
3,2,8,20210909_Xyln_03_2.tif,5.729,1.44,1.013,0.538,148.789,0.782,1.883,0.531,0.911
3,2,9,20210909_Xyln_03_2.tif,6.978,1.383,0.78,0.367,175.441,0.721,2.126,0.47,0.894
3,2,10,20210909_Xyln_03_2.tif,0.485,1.539,0.263,0.211,172.809,0.993,1.246,0.802,0.947
3,2,11,20210909_Xyln_03_2.tif,0.95,1.825,0.744,0.647,152.126,0.94,1.151,0.869,0.938
3,2,12,20210909_Xyln_03_2.tif,1.936,1.804,0.799,0.562,176.146,0.902,1.422,0.703,0.934
3,2,13,20210909_Xyln_03_2.tif,5.535,1.988,0.974,0.406,165.801,0.696,2.4,0.417,0.889
3,2,14,20210909_Xyln_03_2.tif,6.524,1.997,0.717,0.54,169.922,0.837,1.328,0.753,0.9
3,2,15,20210909_Xyln_03_2.tif,3.6,2.06,0.914,0.504,12.153,0.775,1.813,0.552,0.914
3,2,16,20210909_Xyln_03_2.tif,2.505,2.304,0.842,0.594,170.938,0.899,1.417,0.706,0.942
3,2,17,20210909_Xyln_03_2.tif,1.537,2.34,0.77,0.532,168.76,0.849,1.446,0.691,0.913
3,2,18,20210909_Xyln_03_2.tif,0.741,2.518,0.741,0.605,169.283,0.91,1.224,0.817,0.944
3,2,19,20210909_Xyln_03_2.tif,5.215,2.593,0.821,0.406,4.589,0.706,2.023,0.494,0.883
3,2,20,20210909_Xyln_03_2.tif,6.21,2.87,0.783,0.641,173.824,0.921,1.222,0.818,0.935
3,2,21,20210909_Xyln_03_2.tif,2.173,2.848,0.938,0.504,162.395,0.811,1.861,0.537,0.927
3,2,22,20210909_Xyln_03_2.tif,3.091,2.86,0.782,0.466,164.511,0.86,1.677,0.596,0.927
3,2,23,20210909_Xyln_03_2.tif,4.275,2.865,0.823,0.473,5.677,0.766,1.741,0.574,0.889
3,2,24,20210909_Xyln_03_2.tif,1.441,3.051,0.835,0.604,147.626,0.891,1.384,0.723,0.921
3,2,25,20210909_Xyln_03_2.tif,5.153,3.051,0.767,0.373,179.216,0.757,2.055,0.487,0.894
3,2,26,20210909_Xyln_03_2.tif,0.763,3.335,0.812,0.545,161.432,0.889,1.492,0.67,0.933
3,2,27,20210909_Xyln_03_2.tif,3.486,3.415,0.973,0.565,175.655,0.842,1.722,0.581,0.937
3,2,28,20210909_Xyln_03_2.tif,2.359,3.463,0.867,0.525,176.981,0.877,1.652,0.605,0.944
3,2,29,20210909_Xyln_03_2.tif,6.313,3.75,1.774,0.864,8.597,0.462,2.053,0.487,0.82
3,2,30,20210909_Xyln_03_2.tif,4.486,3.727,0.912,0.514,153.123,0.853,1.773,0.564,0.929
3,2,31,20210909_Xyln_03_2.tif,1.512,3.776,0.745,0.643,179.289,0.916,1.158,0.864,0.936
3,2,32,20210909_Xyln_03_2.tif,0.557,3.907,0.903,0.501,165.21,0.776,1.802,0.555,0.911
3,2,33,20210909_Xyln_03_2.tif,3.074,3.952,0.715,0.618,176.5,0.967,1.157,0.864,0.953
3,2,35,20210909_Xyln_03_2.tif,2.277,4.086,0.835,0.552,175.544,0.863,1.512,0.661,0.931
3,2,36,20210909_Xyln_03_2.tif,1.302,4.385,0.728,0.548,169.828,0.726,1.329,0.752,0.894
3,2,37,20210909_Xyln_03_2.tif,6.573,4.546,0.803,0.561,174.617,0.851,1.43,0.699,0.932
3,2,38,20210909_Xyln_03_2.tif,3.588,4.624,0.974,0.552,166.777,0.808,1.765,0.566,0.93
3,2,39,20210909_Xyln_03_2.tif,5.503,4.632,0.884,0.561,146.596,0.867,1.574,0.635,0.934
3,2,40,20210909_Xyln_03_2.tif,2.604,4.663,0.876,0.484,171.469,0.824,1.812,0.552,0.934
3,2,41,20210909_Xyln_03_2.tif,1.568,4.972,0.857,0.519,4.124,0.857,1.652,0.605,0.931
3,2,42,20210909_Xyln_03_2.tif,6.91,5.163,0.8,0.594,7.181,0.872,1.347,0.742,0.92
3,2,43,20210909_Xyln_03_2.tif,3.348,5.195,0.842,0.562,161.109,0.886,1.497,0.668,0.933
3,2,44,20210909_Xyln_03_2.tif,4.219,5.196,0.764,0.555,164.307,0.867,1.376,0.727,0.93
3,2,45,20210909_Xyln_03_2.tif,2.445,5.242,0.811,0.452,161.898,0.793,1.796,0.557,0.894
3,2,46,20210909_Xyln_03_2.tif,5.149,5.296,0.626,0.352,38.836,0.839,1.781,0.562,0.903
3,2,47,20210909_Xyln_03_2.tif,5.843,5.432,0.791,0.625,174.185,0.906,1.265,0.79,0.928
3,2,48,20210909_Xyln_03_2.tif,1.286,5.537,0.75,0.395,176.82,0.758,1.897,0.527,0.897
3,2,49,20210909_Xyln_03_2.tif,2.301,5.655,0.731,0.253,166.298,0.63,2.888,0.346,0.861
3,2,50,20210909_Xyln_03_2.tif,3.936,5.779,0.805,0.532,172.309,0.843,1.513,0.661,0.916
3,2,51,20210909_Xyln_03_2.tif,4.944,5.795,0.925,0.431,168.813,0.732,2.144,0.466,0.907
3,2,52,20210909_Xyln_03_2.tif,3.178,5.892,0.652,0.397,157.392,0.795,1.641,0.609,0.9
3,2,53,20210909_Xyln_03_2.tif,1.205,6.046,0.753,0.484,4.351,0.832,1.556,0.643,0.901
3,2,54,20210909_Xyln_03_2.tif,2.032,6.064,0.657,0.536,139.834,0.879,1.227,0.815,0.912
3,2,55,20210909_Xyln_03_2.tif,5.88,6.141,0.852,0.558,175.879,0.855,1.529,0.654,0.933
3,3,1,20210909_Xyln_03_3.tif,7.145,0.483,0.313,0.164,114.341,0.825,1.908,0.524,0.852
3,3,2,20210909_Xyln_03_3.tif,3.092,0.746,1.087,0.47,151.166,0.707,2.315,0.432,0.887
3,3,3,20210909_Xyln_03_3.tif,4.891,0.728,0.795,0.518,14.223,0.88,1.533,0.652,0.941
3,3,4,20210909_Xyln_03_3.tif,6.183,0.862,0.846,0.312,130.716,0.653,2.711,0.369,0.83
3,3,5,20210909_Xyln_03_3.tif,2.295,0.864,1.007,0.407,166.852,0.644,2.477,0.404,0.868
3,3,6,20210909_Xyln_03_3.tif,1.667,1.026,0.923,0.329,139.533,0.588,2.808,0.356,0.778
3,3,7,20210909_Xyln_03_3.tif,5.648,1.094,0.892,0.579,152.923,0.829,1.54,0.649,0.903
3,3,8,20210909_Xyln_03_3.tif,6.834,1.31,0.739,0.424,138.64,0.801,1.743,0.574,0.866
3,3,10,20210909_Xyln_03_3.tif,1.441,1.66,1.14,0.577,116.573,0.478,1.974,0.507,0.768
3,3,11,20210909_Xyln_03_3.tif,2.539,1.459,0.929,0.439,154.821,0.673,2.118,0.472,0.84
3,3,12,20210909_Xyln_03_3.tif,6.519,1.751,0.897,0.461,140.005,0.819,1.947,0.514,0.917
3,3,13,20210909_Xyln_03_3.tif,5.693,1.681,0.813,0.388,158.962,0.682,2.096,0.477,0.882
3,3,14,20210909_Xyln_03_3.tif,5.337,1.873,1.068,0.234,149.134,0.462,4.555,0.22,0.765
3,3,15,20210909_Xyln_03_3.tif,4.522,1.942,0.874,0.532,166.235,0.779,1.642,0.609,0.894
3,3,16,20210909_Xyln_03_3.tif,2.807,2.158,0.805,0.492,157.332,0.887,1.636,0.611,0.933
3,3,17,20210909_Xyln_03_3.tif,6.356,2.339,0.873,0.499,156.13,0.827,1.75,0.572,0.911
3,3,18,20210909_Xyln_03_3.tif,5.491,2.457,1.178,0.472,148.922,0.687,2.497,0.401,0.89
3,3,20,20210909_Xyln_03_3.tif,1.255,2.753,0.768,0.67,164.551,0.913,1.146,0.873,0.929
3,3,21,20210909_Xyln_03_3.tif,2.899,2.922,0.761,0.673,157.369,0.909,1.132,0.884,0.929
3,3,22,20210909_Xyln_03_3.tif,4.647,2.894,0.75,0.47,167.553,0.842,1.594,0.627,0.902
3,3,23,20210909_Xyln_03_3.tif,0.519,3,0.765,0.541,160.241,0.851,1.415,0.707,0.907
3,3,24,20210909_Xyln_03_3.tif,5.497,2.981,0.849,0.292,158.928,0.517,2.905,0.344,0.787
3,3,25,20210909_Xyln_03_3.tif,6.458,3.046,0.978,0.431,155.224,0.72,2.268,0.441,0.892
3,3,26,20210909_Xyln_03_3.tif,3.599,3.317,0.696,0.577,169.975,0.938,1.206,0.829,0.938
3,3,27,20210909_Xyln_03_3.tif,4.34,3.397,0.719,0.598,157.163,0.784,1.203,0.831,0.893
3,3,28,20210909_Xyln_03_3.tif,5.945,3.522,1.87,0.377,165.882,0.325,4.958,0.202,0.697
3,3,29,20210909_Xyln_03_3.tif,1.179,3.494,0.701,0.607,5.71,0.933,1.156,0.865,0.937
3,3,30,20210909_Xyln_03_3.tif,1.986,3.558,0.746,0.523,146.032,0.844,1.428,0.7,0.925
3,3,31,20210909_Xyln_03_3.tif,2.867,3.632,0.779,0.501,160.964,0.86,1.554,0.643,0.952
3,3,32,20210909_Xyln_03_3.tif,5.084,3.758,0.784,0.473,155.027,0.876,1.658,0.603,0.924
3,3,33,20210909_Xyln_03_3.tif,3.86,3.912,0.869,0.465,165.408,0.806,1.868,0.535,0.907
3,3,34,20210909_Xyln_03_3.tif,6.159,4.065,0.873,0.375,135.161,0.569,2.328,0.429,0.826
3,3,35,20210909_Xyln_03_3.tif,0.863,4.171,0.821,0.543,157.512,0.775,1.513,0.661,0.913
3,3,36,20210909_Xyln_03_3.tif,2.675,4.159,0.854,0.535,162.185,0.841,1.594,0.627,0.932
3,3,37,20210909_Xyln_03_3.tif,1.758,4.218,0.831,0.564,177.813,0.898,1.474,0.679,0.939
3,3,38,20210909_Xyln_03_3.tif,4.778,4.202,0.843,0.437,147.118,0.774,1.927,0.519,0.903
3,3,39,20210909_Xyln_03_3.tif,5.637,4.394,0.742,0.573,166.623,0.913,1.294,0.773,0.925
3,3,40,20210909_Xyln_03_3.tif,3.479,4.418,0.683,0.597,176.809,0.931,1.144,0.874,0.93
3,3,41,20210909_Xyln_03_3.tif,4.307,4.493,0.782,0.466,159.502,0.85,1.677,0.596,0.932
3,3,42,20210909_Xyln_03_3.tif,2.391,4.723,0.88,0.58,175.999,0.871,1.516,0.66,0.937
3,3,43,20210909_Xyln_03_3.tif,0.635,4.804,0.745,0.579,5.763,0.906,1.286,0.778,0.93
3,3,44,20210909_Xyln_03_3.tif,6.379,4.788,0.895,0.381,156.128,0.701,2.352,0.425,0.901
3,3,45,20210909_Xyln_03_3.tif,1.53,4.858,0.796,0.564,168.77,0.878,1.41,0.709,0.923
3,3,46,20210909_Xyln_03_3.tif,5.17,4.824,0.865,0.462,170.101,0.798,1.872,0.534,0.91
3,3,47,20210909_Xyln_03_3.tif,4.084,4.965,0.829,0.492,161.416,0.856,1.684,0.594,0.928
3,3,48,20210909_Xyln_03_3.tif,3.271,5.068,0.835,0.519,149.955,0.84,1.609,0.621,0.911
3,3,49,20210909_Xyln_03_3.tif,6.022,5.174,0.808,0.509,166.79,0.891,1.587,0.63,0.941
3,3,50,20210909_Xyln_03_3.tif,4.951,5.288,0.94,0.444,3.698,0.687,2.117,0.472,0.9
3,3,51,20210909_Xyln_03_3.tif,2.497,5.374,0.966,0.498,169.377,0.776,1.94,0.515,0.931
3,3,52,20210909_Xyln_03_3.tif,0.969,5.402,0.868,0.531,171.49,0.909,1.634,0.612,0.963
3,3,53,20210909_Xyln_03_3.tif,1.79,5.672,0.764,0.67,126.771,0.909,1.141,0.877,0.929
3,3,54,20210909_Xyln_03_3.tif,4.139,5.622,0.812,0.544,164.586,0.907,1.493,0.67,0.943
3,3,55,20210909_Xyln_03_3.tif,5.545,5.704,0.868,0.518,171.204,0.843,1.676,0.597,0.923
3,3,56,20210909_Xyln_03_3.tif,3.361,5.843,0.753,0.586,135.072,0.907,1.284,0.779,0.931
3,3,57,20210909_Xyln_03_3.tif,2.543,5.886,0.599,0.329,6.005,0.771,1.819,0.55,0.885
3,3,58,20210909_Xyln_03_3.tif,1.043,6.052,0.91,0.617,161.04,0.885,1.475,0.678,0.931
3,3,59,20210909_Xyln_03_3.tif,5.016,6.116,0.881,0.494,149.126,0.827,1.783,0.561,0.915
3,3,60,20210909_Xyln_03_3.tif,6.173,6.204,0.979,0.491,179.07,0.77,1.994,0.502,0.928
3,3,61,20210909_Xyln_03_3.tif,4.248,6.305,0.894,0.489,164.682,0.798,1.828,0.547,0.912
3,3,62,20210909_Xyln_03_3.tif,1.789,6.422,0.626,0.538,3.95,0.891,1.165,0.859,0.914
3,3,63,20210909_Xyln_03_3.tif,1.128,6.615,0.864,0.23,165.98,0.464,3.749,0.267,0.759
3,3,64,20210909_Xyln_03_3.tif,3.114,6.702,0.671,0.373,17.908,0.793,1.797,0.556,0.898
3,3,65,20210909_Xyln_03_3.tif,5.968,6.784,0.958,0.411,174.772,0.717,2.328,0.43,0.909
3,4,1,20210909_Xyln_03_4.tif,2.274,0.638,1.438,0.923,125.532,0.431,1.558,0.642,0.813
3,4,2,20210909_Xyln_03_4.tif,0.367,0.469,0.184,0.138,0,1,1.333,0.75,1
3,4,3,20210909_Xyln_03_4.tif,1.383,0.787,0.814,0.56,165.47,0.527,1.454,0.688,0.799
3,4,4,20210909_Xyln_03_4.tif,3.424,0.756,1.029,0.472,179.459,0.756,2.18,0.459,0.925
3,4,5,20210909_Xyln_03_4.tif,4.542,0.955,0.906,0.646,172.067,0.921,1.403,0.713,0.944
3,4,6,20210909_Xyln_03_4.tif,0.702,1.232,0.825,0.588,123.026,0.857,1.403,0.713,0.927
3,4,7,20210909_Xyln_03_4.tif,3.74,1.334,0.9,0.606,171.925,0.882,1.487,0.673,0.931
3,4,8,20210909_Xyln_03_4.tif,1.58,1.403,0.73,0.366,0.628,0.67,1.996,0.501,0.846
3,4,9,20210909_Xyln_03_4.tif,5.171,1.529,0.883,0.574,177.016,0.843,1.538,0.65,0.934
3,4,10,20210909_Xyln_03_4.tif,2.602,1.686,1.434,0.635,19.688,0.405,2.258,0.443,0.763
3,4,11,20210909_Xyln_03_4.tif,0.367,1.794,0.383,0.277,132.029,0.962,1.381,0.724,0.901
3,4,12,20210909_Xyln_03_4.tif,4.651,2.108,0.942,0.586,157.963,0.892,1.608,0.622,0.952
3,4,13,20210909_Xyln_03_4.tif,3.343,2.03,0.748,0.309,0.638,0.593,2.42,0.413,0.801
3,4,14,20210909_Xyln_03_4.tif,5.734,2.175,0.807,0.625,171.623,0.944,1.29,0.775,0.95
3,4,15,20210909_Xyln_03_4.tif,0.931,2.276,0.861,0.675,160.074,0.905,1.274,0.785,0.938
3,4,16,20210909_Xyln_03_4.tif,1.927,2.314,1.016,0.543,156.295,0.785,1.871,0.535,0.917
3,4,17,20210909_Xyln_03_4.tif,2.96,2.423,0.831,0.465,160.085,0.818,1.787,0.559,0.915
3,4,18,20210909_Xyln_03_4.tif,3.894,2.511,0.883,0.547,167.553,0.843,1.614,0.62,0.929
3,4,19,20210909_Xyln_03_4.tif,1.281,3.164,1.387,0.925,35.629,0.417,1.499,0.667,0.821
3,4,20,20210909_Xyln_03_4.tif,2.539,2.953,0.899,0.519,164.916,0.726,1.732,0.577,0.9
3,4,21,20210909_Xyln_03_4.tif,3.519,3.043,0.845,0.502,161.41,0.764,1.684,0.594,0.905
3,4,22,20210909_Xyln_03_4.tif,4.53,3.08,0.858,0.621,173.061,0.903,1.382,0.724,0.938
3,4,23,20210909_Xyln_03_4.tif,5.551,3.36,0.872,0.513,164.123,0.827,1.698,0.589,0.927
3,4,24,20210909_Xyln_03_4.tif,2.084,3.513,0.675,0.56,179.436,0.68,1.205,0.83,0.807
3,4,25,20210909_Xyln_03_4.tif,3.139,3.624,0.935,0.597,157.616,0.878,1.566,0.638,0.938
3,4,26,20210909_Xyln_03_4.tif,4.152,3.655,0.92,0.588,167.416,0.875,1.564,0.639,0.929
3,4,27,20210909_Xyln_03_4.tif,0.513,3.759,0.877,0.401,146.704,0.756,2.186,0.457,0.881
3,4,28,20210909_Xyln_03_4.tif,5.135,3.809,0.922,0.494,162.56,0.773,1.865,0.536,0.919
3,4,29,20210909_Xyln_03_4.tif,2.058,4.515,1.825,0.64,137.921,0.427,2.851,0.351,0.752
3,4,30,20210909_Xyln_03_4.tif,2.634,4.175,0.838,0.6,163.301,0.913,1.399,0.715,0.946
3,4,31,20210909_Xyln_03_4.tif,3.502,4.356,0.723,0.625,154.311,0.928,1.157,0.864,0.93
3,4,32,20210909_Xyln_03_4.tif,4.382,4.306,0.726,0.482,163.283,0.801,1.508,0.663,0.897
3,4,33,20210909_Xyln_03_4.tif,5.373,4.411,0.919,0.49,163.711,0.807,1.876,0.533,0.93
3,4,34,20210909_Xyln_03_4.tif,4.222,4.929,0.826,0.662,168.32,0.902,1.248,0.801,0.926
3,4,35,20210909_Xyln_03_4.tif,5.137,4.963,0.783,0.593,150.986,0.851,1.319,0.758,0.924
3,4,36,20210909_Xyln_03_4.tif,1.294,5.203,1.276,0.582,126.986,0.354,2.192,0.456,0.697
3,4,38,20210909_Xyln_03_4.tif,3.388,5.14,0.914,0.575,144.172,0.791,1.589,0.629,0.895
3,4,39,20210909_Xyln_03_4.tif,2.568,5.394,0.445,0.224,168.068,0.864,1.989,0.503,0.895
3,4,40,20210909_Xyln_03_4.tif,5.474,5.612,0.718,0.491,169.484,0.73,1.462,0.684,0.849
3,4,41,20210909_Xyln_03_4.tif,4.529,5.664,1.002,0.527,165.288,0.765,1.902,0.526,0.896
3,4,42,20210909_Xyln_03_4.tif,2.99,5.846,0.785,0.573,172.521,0.904,1.369,0.731,0.934
3,4,43,20210909_Xyln_03_4.tif,3.801,5.783,0.343,0.285,150.745,0.992,1.202,0.832,0.929
3,4,44,20210909_Xyln_03_4.tif,2.075,6.107,0.807,0.555,156.542,0.911,1.455,0.687,0.934
3,4,45,20210909_Xyln_03_4.tif,0.849,6.396,0.345,0.184,123.69,0.877,1.871,0.534,0.882
3,5,1,20210909_Xyln_03_5.tif,3.131,0.571,0.935,0.541,148.024,0.842,1.728,0.579,0.928
3,5,2,20210909_Xyln_03_5.tif,2.363,0.567,0.777,0.53,146.347,0.872,1.466,0.682,0.933
3,5,3,20210909_Xyln_03_5.tif,4.029,0.658,0.802,0.494,164.119,0.865,1.625,0.615,0.941
3,5,4,20210909_Xyln_03_5.tif,1.156,0.65,0.832,0.415,169.343,0.777,2.006,0.498,0.914
3,5,5,20210909_Xyln_03_5.tif,4.857,0.989,0.703,0.485,135.35,0.86,1.45,0.69,0.908
3,5,6,20210909_Xyln_03_5.tif,2.208,1.16,0.8,0.527,152.218,0.856,1.52,0.658,0.937
3,5,7,20210909_Xyln_03_5.tif,3.192,1.164,0.935,0.413,154.59,0.711,2.264,0.442,0.899
3,5,8,20210909_Xyln_03_5.tif,1.413,1.218,0.78,0.546,157.312,0.91,1.429,0.7,0.958
3,5,9,20210909_Xyln_03_5.tif,4.052,1.226,0.736,0.546,165.745,0.897,1.346,0.743,0.932
3,5,10,20210909_Xyln_03_5.tif,5.316,1.415,0.426,0.31,162.84,0.964,1.377,0.726,0.931
3,5,11,20210909_Xyln_03_5.tif,3.045,1.6,0.924,0.46,151.665,0.809,2.008,0.498,0.925
3,5,12,20210909_Xyln_03_5.tif,4.464,1.808,0.903,0.513,167.492,0.813,1.759,0.568,0.92
3,5,13,20210909_Xyln_03_5.tif,1.157,2.026,1.052,0.44,123.22,0.679,2.391,0.418,0.853
3,5,14,20210909_Xyln_03_5.tif,1.659,1.873,0.827,0.527,140.598,0.859,1.57,0.637,0.942
3,5,15,20210909_Xyln_03_5.tif,2.435,1.881,0.809,0.538,155.28,0.877,1.504,0.665,0.942
3,5,16,20210909_Xyln_03_5.tif,5.444,2.104,0.934,0.47,151.038,0.802,1.986,0.504,0.933
3,5,17,20210909_Xyln_03_5.tif,3.98,2.187,0.94,0.472,153.774,0.793,1.993,0.502,0.92
3,5,18,20210909_Xyln_03_5.tif,3.178,2.349,0.747,0.625,156.661,0.921,1.196,0.836,0.946
3,5,19,20210909_Xyln_03_5.tif,4.929,2.448,0.935,0.548,165.327,0.842,1.708,0.585,0.945
3,5,20,20210909_Xyln_03_5.tif,2.435,2.484,0.789,0.482,155.879,0.849,1.638,0.61,0.935
3,5,21,20210909_Xyln_03_5.tif,1.983,2.823,1.008,0.534,143.51,0.827,1.889,0.529,0.918
3,5,22,20210909_Xyln_03_5.tif,3.851,2.803,0.732,0.554,9.908,0.906,1.321,0.757,0.936
3,5,23,20210909_Xyln_03_5.tif,1.118,2.882,0.953,0.566,164.819,0.849,1.683,0.594,0.945
3,5,24,20210909_Xyln_03_5.tif,5.768,2.968,0.877,0.605,169.243,0.895,1.45,0.69,0.951
3,5,25,20210909_Xyln_03_5.tif,4.814,3.006,0.991,0.455,157.971,0.756,2.175,0.46,0.923
3,5,26,20210909_Xyln_03_5.tif,3.102,3.039,0.753,0.56,152.406,0.893,1.344,0.744,0.934
3,5,27,20210909_Xyln_03_5.tif,0.978,3.391,0.922,0.402,154.684,0.695,2.293,0.436,0.895
3,5,28,20210909_Xyln_03_5.tif,4.382,3.42,0.926,0.506,151.465,0.78,1.83,0.547,0.896
3,5,29,20210909_Xyln_03_5.tif,2.093,3.402,0.942,0.32,158.678,0.582,2.946,0.339,0.793
3,5,30,20210909_Xyln_03_5.tif,3.025,3.621,0.79,0.456,137.747,0.609,1.732,0.577,0.874
3,5,31,20210909_Xyln_03_5.tif,3.853,3.698,0.744,0.479,145.128,0.887,1.553,0.644,0.953
3,5,32,20210909_Xyln_03_5.tif,5.24,3.7,0.722,0.557,157.849,0.947,1.295,0.772,0.96
3,5,33,20210909_Xyln_03_5.tif,1.898,3.777,0.852,0.481,151.204,0.808,1.771,0.565,0.927
3,5,34,20210909_Xyln_03_5.tif,1.207,4.025,0.967,0.54,159.62,0.836,1.791,0.558,0.94
3,5,35,20210909_Xyln_03_5.tif,4.635,4.117,0.732,0.581,161.272,0.921,1.26,0.794,0.931
3,5,36,20210909_Xyln_03_5.tif,2.534,4.295,1.199,0.685,16.769,0.373,1.75,0.571,0.768
3,5,37,20210909_Xyln_03_5.tif,0.68,4.457,0.818,0.578,151.286,0.925,1.416,0.706,0.943
3,5,38,20210909_Xyln_03_5.tif,3.618,4.458,0.985,0.52,14.163,0.776,1.894,0.528,0.922
3,5,39,20210909_Xyln_03_5.tif,5.387,4.581,0.832,0.538,161.506,0.9,1.547,0.646,0.948
3,5,40,20210909_Xyln_03_5.tif,1.56,4.766,0.709,0.37,142.116,0.809,1.916,0.522,0.914
3,5,41,20210909_Xyln_03_5.tif,4.2,5.024,0.805,0.546,157.055,0.866,1.473,0.679,0.935
3,5,42,20210909_Xyln_03_5.tif,3.248,5.011,0.736,0.396,162.783,0.834,1.859,0.538,0.928
3,5,43,20210909_Xyln_03_5.tif,1.2,5.218,0.831,0.603,176.175,0.903,1.378,0.725,0.951
3,5,44,20210909_Xyln_03_5.tif,2.393,5.121,0.494,0.335,155.689,0.875,1.474,0.678,0.939
3,5,45,20210909_Xyln_03_5.tif,4.976,5.094,0.311,0.222,0,0.938,1.4,0.714,1
3,5,46,20210909_Xyln_03_5.tif,5.672,5.486,0.817,0.461,179.417,0.819,1.773,0.564,0.957
3,5,47,20210909_Xyln_03_5.tif,3.881,5.56,0.818,0.525,165.69,0.862,1.557,0.642,0.962
3,5,48,20210909_Xyln_03_5.tif,4.776,5.596,0.726,0.573,169.676,0.916,1.268,0.789,0.957
3,5,49,20210909_Xyln_03_5.tif,2.295,5.684,1.033,0.538,145.962,0.768,1.92,0.521,0.925
3,5,50,20210909_Xyln_03_5.tif,3.196,5.816,0.734,0.54,153.89,0.846,1.359,0.736,0.918
3,5,51,20210909_Xyln_03_5.tif,1.371,5.83,0.881,0.477,166.15,0.811,1.848,0.541,0.934
3,5,52,20210909_Xyln_03_5.tif,5.857,6.05,0.433,0.369,110.528,0.917,1.173,0.852,0.959
3,5,53,20210909_Xyln_03_5.tif,4.041,6.26,0.629,0.498,173.171,0.929,1.264,0.791,0.949
3,5,54,20210909_Xyln_03_5.tif,4.953,6.269,0.74,0.431,179.842,0.813,1.716,0.583,0.923
3,5,55,20210909_Xyln_03_5.tif,1.007,6.311,0.638,0.349,164.53,0.871,1.83,0.546,0.95
