wl,xyln1.1,xyln1.2,xyln1.3,xyln1.4,xyln1.5,xyln2.1,xyln2.2,xyln2.3,xyln2.4,xyln2.5,xyln3.1,xyln3.2,xyln3.3,xyln3.4,xyln3.5,xyln4.1,xyln4.2,xyln4.3,xyln4.4,xyln4.5,xyln5.1,xyln5.2,xyln5.3,xyln5.4,xyln5.5,xyln6.1,xyln6.2,xyln6.3,xyln6.4,xyln6.5,xyln7.1,xyln7.2,xyln7.3,xyln7.4,xyln7.5,xyln8.1,xyln8.2,xyln8.3,xyln8.4,xyln8.5,xyln9.1,xyln9.2,xyln9.3,xyln9.4,xyln9.5
300,0.0000018,0.0000036,0.0000021,0.0000021,0.0000052,0.0000078,0.0000066,0.0000072,0.0000039,0.0000087,0.0000122,0.0000057,0.0000044,0.0000031,0.0000057,0.0000105,0.0000105,0.0000168,0.0000122,0.0000084,0.0000053,0.0000268,0.0000031,0.0000055,0.0000048,0.0000083,0.0000084,0.0000083,0.0000072,0.0000073,0.0000111,0.0000059,0.0000095,0.0000057,0.0000058,0.0000069,0.0000055,0.0000026,0.0000043,0.0000052,0.0000027,0.0000045,0.0000043,0.0000052,0.000005
315,0.0000028,0.0000056,0.0000025,0.0000028,0.0000072,0.0000124,0.0000083,0.0000094,0.000005,0.0000113,0.0000161,0.0000073,0.0000056,0.0000035,0.0000058,0.0000151,0.0000145,0.0000225,0.0000166,0.0000089,0.0000066,0.0000256,0.0000045,0.0000076,0.0000064,0.0000126,0.0000113,0.0000086,0.0000084,0.0000085,0.0000155,0.0000059,0.0000139,0.0000071,0.0000071,0.000008,0.0000048,0.0000032,0.0000052,0.0000064,0.0000033,0.0000061,0.0000047,0.0000064,0.0000048
330,0.0000041,0.0000063,0.000004,0.0000037,0.000008,0.0000132,0.0000136,0.0000156,0.0000056,0.0000187,0.0000164,0.0000096,0.0000064,0.0000046,0.0000079,0.0000204,0.0000151,0.0000278,0.0000187,0.0000123,0.0000087,0.0000449,0.0000057,0.0000084,0.0000067,0.0000156,0.0000146,0.0000099,0.0000101,0.0000094,0.0000176,0.0000077,0.0000137,0.0000078,0.000007,0.0000101,0.0000069,0.0000039,0.0000075,0.0000074,0.000004,0.0000056,0.0000055,0.0000066,0.0000054
345,0.0000041,0.0000076,0.0000042,0.0000052,0.0000096,0.0000112,0.0000111,0.0000107,0.00001,0.0000165,0.0000212,0.0000093,0.0000082,0.0000053,0.0000092,0.0000198,0.0000163,0.0000307,0.0000235,0.0000134,0.0000113,0.0000474,0.0000069,0.0000106,0.0000107,0.0000138,0.0000163,0.0000116,0.000011,0.0000113,0.0000142,0.0000081,0.000017,0.0000097,0.0000101,0.0000142,0.0000097,0.0000057,0.0000099,0.000009,0.0000048,0.0000077,0.0000059,0.0000094,0.0000081
360,0.0000053,0.000009,0.0000051,0.0000062,0.0000106,0.0000132,0.0000119,0.0000111,0.0000099,0.0000145,0.000031,0.0000137,0.0000113,0.0000074,0.0000119,0.0000189,0.0000209,0.0000247,0.0000248,0.0000105,0.0000167,0.0000595,0.0000077,0.0000126,0.0000106,0.0000144,0.0000175,0.0000146,0.0000135,0.000013,0.0000174,0.0000092,0.0000147,0.000013,0.0000132,0.0000207,0.0000141,0.0000076,0.000011,0.0000094,0.0000061,0.0000103,0.0000078,0.0000122,0.00001
375,0.0000071,0.0000114,0.000007,0.0000068,0.0000083,0.0000115,0.0000115,0.0000124,0.0000122,0.0000159,0.0000273,0.0000148,0.0000125,0.0000089,0.0000112,0.0000166,0.0000325,0.0000257,0.0000285,0.0000179,0.0000101,0.0000661,0.000011,0.0000173,0.0000105,0.0000113,0.0000228,0.0000146,0.0000137,0.0000137,0.0000168,0.0000094,0.0000147,0.0000135,0.0000129,0.0000232,0.0000156,0.0000088,0.0000135,0.0000126,0.0000076,0.0000139,0.00001,0.0000181,0.0000141
390,0.0000073,0.0000145,0.0000106,0.0000093,0.0000133,0.0000098,0.0000122,0.0000126,0.0000098,0.0000165,0.000034,0.0000148,0.0000102,0.0000107,0.0000121,0.0000184,0.0000276,0.0000236,0.0000314,0.0000212,0.0000116,0.0000677,0.0000114,0.0000196,0.0000102,0.0000149,0.000018,0.0000172,0.0000128,0.0000157,0.0000162,0.0000098,0.0000151,0.0000147,0.0000141,0.0000265,0.0000212,0.0000111,0.0000164,0.0000177,0.0000085,0.0000179,0.0000079,0.0000217,0.0000159
405,0.000007,0.0000158,0.0000107,0.0000107,0.0000154,0.0000134,0.0000127,0.0000124,0.0000102,0.0000202,0.0000269,0.0000142,0.0000098,0.0000118,0.0000121,0.0000254,0.0000398,0.000024,0.0000334,0.0000293,0.000014,0.0000795,0.0000101,0.0000202,0.0000109,0.000014,0.0000288,0.0000187,0.000017,0.0000187,0.0000158,0.0000122,0.0000172,0.000016,0.0000122,0.0000415,0.0000265,0.0000156,0.0000213,0.0000237,0.0000115,0.0000193,0.0000108,0.0000242,0.0000207
420,0.0000063,0.0000147,0.0000097,0.000012,0.0000209,0.0000148,0.0000134,0.0000179,0.0000121,0.0000189,0.0000243,0.0000162,0.0000098,0.0000135,0.0000127,0.0000278,0.0000422,0.0000281,0.0000367,0.0000198,0.0000114,0.0000779,0.0000123,0.000022,0.0000134,0.0000157,0.0000384,0.0000302,0.0000158,0.0000203,0.0000184,0.0000133,0.0000181,0.0000181,0.0000136,0.0000368,0.0000342,0.0000159,0.0000188,0.000034,0.0000191,0.0000264,0.0000124,0.0000293,0.0000241
435,0.0000103,0.0000173,0.0000108,0.0000134,0.0000202,0.0000207,0.0000192,0.000015,0.0000104,0.0000244,0.0000339,0.0000176,0.0000129,0.0000122,0.0000128,0.0000315,0.0000473,0.0000398,0.0000349,0.0000327,0.0000127,0.0000554,0.0000115,0.0000247,0.0000144,0.0000292,0.0000301,0.0000318,0.0000218,0.0000261,0.0000241,0.0000146,0.0000231,0.0000169,0.0000122,0.0000411,0.0000398,0.0000217,0.0000171,0.0000359,0.0000185,0.0000329,0.0000135,0.0000349,0.0000377
450,0.0000103,0.0000165,0.0000098,0.0000115,0.0000285,0.0000226,0.0000226,0.0000185,0.0000112,0.000031,0.0000287,0.0000151,0.0000121,0.0000162,0.0000176,0.0000375,0.0000603,0.0000472,0.0000447,0.0000334,0.0000174,0.00007,0.0000124,0.0000244,0.0000167,0.0000288,0.0000484,0.000024,0.0000255,0.0000295,0.0000264,0.0000176,0.0000234,0.0000143,0.0000143,0.0000387,0.000042,0.0000214,0.0000231,0.0000415,0.0000209,0.0000344,0.0000173,0.0000389,0.0000326
465,0.0000083,0.0000168,0.0000108,0.0000141,0.0000299,0.0000288,0.0000245,0.0000268,0.0000118,0.0000361,0.0000322,0.0000186,0.0000132,0.0000163,0.00002,0.000042,0.0000752,0.0000454,0.0000583,0.000038,0.0000184,0.0000548,0.0000113,0.0000233,0.0000208,0.00003,0.0000399,0.0000374,0.0000259,0.0000361,0.0000306,0.000024,0.0000294,0.0000139,0.0000144,0.00007,0.0000338,0.0000241,0.0000247,0.0000568,0.0000168,0.0000398,0.0000171,0.0000383,0.0000356
480,0.0000097,0.0000195,0.0000125,0.0000139,0.0000329,0.0000224,0.0000246,0.0000293,0.0000153,0.0000414,0.0000486,0.0000206,0.0000167,0.0000168,0.0000233,0.0000418,0.0000647,0.000068,0.0000605,0.0000364,0.000022,0.0000674,0.0000136,0.0000241,0.0000253,0.0000273,0.0000552,0.0000504,0.0000327,0.0000352,0.0000257,0.0000229,0.0000303,0.0000163,0.0000161,0.0000455,0.0000289,0.0000152,0.0000297,0.0000687,0.0000187,0.0000378,0.0000183,0.0000448,0.0000315
495,0.0000121,0.0000241,0.0000125,0.0000118,0.0000375,0.0000322,0.0000355,0.0000276,0.0000171,0.0000406,0.0000398,0.0000268,0.0000174,0.0000179,0.0000238,0.0000445,0.0000741,0.0000506,0.0000785,0.0000525,0.0000236,0.000134,0.0000162,0.0000305,0.0000266,0.0000302,0.0000697,0.0000463,0.0000358,0.0000393,0.0000317,0.0000266,0.000038,0.0000176,0.00002,0.0000432,0.0000343,0.0000191,0.0000292,0.000067,0.000016,0.0000268,0.0000247,0.0000681,0.0000293
510,0.000014,0.0000268,0.0000141,0.0000133,0.0000449,0.0000382,0.0000303,0.0000322,0.000016,0.0000468,0.0000618,0.0000262,0.0000198,0.0000221,0.0000268,0.0000675,0.0000993,0.0000681,0.0000899,0.0000631,0.0000297,0.0000964,0.0000211,0.0000295,0.0000275,0.0000385,0.0000748,0.0000572,0.0000381,0.0000458,0.0000352,0.0000244,0.0000412,0.0000227,0.0000208,0.0000479,0.0000378,0.0000165,0.0000378,0.0001403,0.0000199,0.0000543,0.0000304,0.0000424,0.0000368
525,0.0000151,0.0000282,0.0000179,0.0000181,0.0000559,0.0000375,0.00005,0.0000442,0.0000196,0.000039,0.0000643,0.0000351,0.0000222,0.0000184,0.0000302,0.0000543,0.0000935,0.0000669,0.0000963,0.0000653,0.0000275,0.0001681,0.0000219,0.0000453,0.0000322,0.0000414,0.000081,0.0000618,0.0000485,0.0000529,0.0000372,0.0000238,0.0000347,0.0000252,0.0000253,0.0000362,0.0000338,0.0000184,0.0000306,0.0000894,0.0000185,0.0000402,0.000028,0.0000494,0.00004
540,0.0000154,0.0000428,0.0000181,0.0000163,0.0000569,0.0000479,0.0000395,0.0000407,0.0000241,0.0000536,0.0000575,0.0000354,0.0000281,0.0000187,0.0000313,0.0000597,0.0001126,0.0000638,0.0000618,0.0000908,0.0000303,0.0001528,0.0000253,0.000058,0.0000353,0.0000379,0.0000835,0.0000533,0.0000522,0.0000594,0.0000387,0.0000284,0.0000419,0.0000286,0.0000229,0.0000519,0.0000568,0.0000211,0.0000387,0.000059,0.0000254,0.0000264,0.0000382,0.0000449,0.000033
555,0.0000205,0.0000352,0.0000245,0.0000211,0.0000524,0.000043,0.0000457,0.0000364,0.000025,0.0000695,0.0000594,0.00004,0.0000203,0.0000232,0.0000377,0.0000634,0.0001157,0.0000858,0.0000853,0.0000892,0.0000383,0.0002558,0.0000265,0.0000367,0.0000393,0.0000531,0.0000865,0.0000608,0.0000557,0.0000614,0.0000432,0.0000309,0.0000423,0.0000314,0.0000268,0.0000362,0.0000455,0.0000243,0.0000376,0.0000486,0.0000203,0.0000309,0.0000398,0.0000537,0.0000318
570,0.0000212,0.0000384,0.0000245,0.0000279,0.0000989,0.0000421,0.0000522,0.0000474,0.0000283,0.0000756,0.0000714,0.0000405,0.0000248,0.0000248,0.0000465,0.000058,0.0001259,0.0000654,0.0001091,0.0001025,0.0000346,0.0001649,0.0000286,0.0000471,0.0000359,0.0000466,0.0000786,0.0000827,0.0000626,0.0000764,0.0000494,0.0000327,0.0000454,0.0000336,0.0000241,0.0000416,0.0000387,0.0000273,0.0000447,0.0000683,0.0000264,0.0000438,0.0000336,0.0000486,0.0000361
585,0.0000206,0.0000503,0.0000294,0.0000327,0.0000642,0.0000479,0.0000466,0.0000696,0.0000264,0.0000831,0.000081,0.0000411,0.0000282,0.0000238,0.000043,0.0000851,0.0001395,0.0001087,0.0001555,0.0000944,0.0000397,0.0001146,0.0000303,0.0000546,0.0000422,0.0000388,0.0000988,0.0000741,0.0000555,0.0000628,0.0000562,0.0000332,0.0000593,0.0000308,0.000035,0.0000596,0.0000499,0.0000303,0.0000387,0.0000611,0.0000268,0.0000341,0.0000445,0.0000489,0.000026
600,0.0000277,0.0000434,0.0000328,0.0000349,0.000107,0.0000555,0.0000574,0.0000489,0.0000344,0.0000928,0.0001209,0.0000507,0.000035,0.0000292,0.0000505,0.0001173,0.0001853,0.000094,0.0001326,0.0001259,0.0000321,0.0001855,0.0000343,0.0000496,0.0000444,0.0000501,0.0001362,0.0000927,0.0000665,0.0000871,0.0000583,0.0000492,0.0000534,0.000038,0.0000297,0.0001057,0.0000464,0.0000288,0.0000526,0.0000722,0.0000346,0.0000365,0.0000324,0.0000345,0.0000431
615,0.0000295,0.0000654,0.00003,0.0000316,0.0001417,0.0000618,0.0000669,0.0000709,0.0000316,0.0000717,0.000081,0.0000503,0.0000258,0.000037,0.0000444,0.0000922,0.0002073,0.0001131,0.0001373,0.0000832,0.0000416,0.000132,0.0000318,0.0000621,0.0000376,0.0000702,0.0001208,0.0001061,0.0000593,0.0000819,0.0000527,0.0000398,0.0000689,0.0000417,0.0000333,0.0000502,0.0000548,0.0000393,0.000087,0.0000572,0.0000379,0.0000313,0.000068,0.0000582,0.0000476
630,0.0000431,0.0000708,0.0000335,0.0000377,0.0001542,0.0000613,0.0000692,0.000093,0.0000396,0.0001645,0.0000831,0.000048,0.00004,0.0000431,0.0000541,0.0001395,0.0002194,0.0001424,0.0001496,0.0000928,0.0000682,0.0001601,0.0000405,0.0000594,0.0000481,0.0000605,0.0001534,0.0001376,0.0000784,0.0000689,0.0000506,0.0000622,0.0000764,0.0000317,0.0000274,0.0000808,0.0000531,0.0000346,0.0000702,0.0000753,0.0000368,0.0000438,0.0000287,0.0000479,0.0000527
645,0.0000429,0.0000649,0.0000404,0.0000415,0.0001058,0.0000901,0.0000847,0.0000763,0.0000465,0.0001229,0.0001167,0.0000623,0.0000436,0.0000398,0.0000543,0.0001295,0.00025,0.0001111,0.0001543,0.000153,0.0000467,0.0002493,0.0000404,0.0000834,0.0000598,0.0001008,0.0001305,0.0001166,0.0000911,0.0001349,0.0000737,0.0000574,0.0000965,0.0000414,0.0000409,0.0000807,0.0001013,0.0000367,0.0000782,0.0000586,0.0000279,0.00005,0.0000594,0.0000594,0.0000694
660,0.0000416,0.0000805,0.0000564,0.0000466,0.000143,0.0000881,0.0000885,0.0000636,0.000043,0.000119,0.0001077,0.0000619,0.0000417,0.000044,0.0000733,0.0001966,0.000163,0.0001054,0.0001709,0.0001698,0.0000589,0.0002659,0.00004,0.0000834,0.0000789,0.0001117,0.0001394,0.0001216,0.0001295,0.0000862,0.0000745,0.0000578,0.0000616,0.0000378,0.0000396,0.0000805,0.0000809,0.0000484,0.0000754,0.0000645,0.000041,0.0000586,0.0000414,0.0000616,0.0000516
675,0.0000349,0.0000849,0.0000592,0.0000374,0.000115,0.0000822,0.0001202,0.0001234,0.0000331,0.0000829,0.0001318,0.0000581,0.0000477,0.0000492,0.0000845,0.0001475,0.0002128,0.000123,0.0002576,0.0001967,0.0000738,0.0001847,0.0000575,0.0000999,0.0000803,0.0001272,0.0002243,0.0001379,0.0001199,0.0001336,0.000077,0.0000634,0.0000964,0.0000489,0.0000434,0.0001174,0.0000692,0.0000331,0.0000749,0.0000637,0.0000436,0.0000755,0.0000798,0.0000711,0.0000945
690,0.0000401,0.0000943,0.0000613,0.0000356,0.0002078,0.0000979,0.0001159,0.0001123,0.0000399,0.0000944,0.0001493,0.0000735,0.0000724,0.0000461,0.0000714,0.0001345,0.0003472,0.0002148,0.0001856,0.0001443,0.0000789,0.0004426,0.0000409,0.0000727,0.0000717,0.0001081,0.000162,0.000151,0.0001705,0.000156,0.0001211,0.0000692,0.0000726,0.0000749,0.0000513,0.0000965,0.0000713,0.0000495,0.0000887,0.0000853,0.0000511,0.0000768,0.0001008,0.0000886,0.0000559
705,0.0000436,0.0000934,0.0000815,0.0000464,0.0001436,0.0000972,0.0001174,0.0001228,0.0000602,0.0001603,0.0001696,0.0000691,0.0000436,0.0000572,0.0000833,0.0001586,0.0003028,0.0001333,0.0002449,0.0001135,0.0000601,0.0002954,0.0000533,0.0001717,0.0000689,0.0001151,0.0002326,0.0001699,0.0001302,0.0000956,0.0000705,0.0000752,0.0001034,0.0000502,0.0000668,0.000112,0.0000795,0.0000507,0.00013,0.0000984,0.0000562,0.0000546,0.0001087,0.0000915,0.0000577
720,0.0000447,0.0001179,0.0000568,0.0000585,0.0002397,0.0000935,0.0001674,0.0001171,0.0000737,0.0001723,0.0001608,0.0000884,0.0000571,0.0000486,0.0000706,0.0001318,0.0004602,0.0002556,0.0002191,0.0003492,0.000085,0.000336,0.0000435,0.0001471,0.0000706,0.0001073,0.0003268,0.0001695,0.0001205,0.0001546,0.0001143,0.0000903,0.0000971,0.0000609,0.0000395,0.0000898,0.000081,0.0000615,0.0000876,0.0000661,0.0000397,0.0001225,0.0000826,0.0000505,0.0000399
735,0.0000494,0.0000761,0.0000554,0.0000739,0.0004244,0.0001226,0.0001641,0.0001251,0.0000493,0.0001949,0.0002151,0.000075,0.0000771,0.0000389,0.0001023,0.000156,0.0004223,0.0002433,0.0001988,0.0001963,0.0001616,0.00034,0.0000564,0.0001242,0.0000928,0.000144,0.0002744,0.0001954,0.0001032,0.0001629,0.0000771,0.0000862,0.0000847,0.0000708,0.0000779,0.0001158,0.0000854,0.0000733,0.000073,0.0001023,0.0000501,0.0000869,0.00013,0.000079,0.0000726
750,0.0000691,0.0001222,0.0000697,0.0000715,0.0001555,0.0001855,0.0002174,0.0001378,0.0000611,0.0002043,0.000189,0.0001038,0.0000814,0.0000579,0.0000742,0.0001917,0.0005549,0.0001837,0.0003597,0.0002373,0.0001106,0.0006311,0.0000756,0.0001465,0.000161,0.0000807,0.0003337,0.0002103,0.000204,0.0001026,0.0000886,0.0000931,0.0001138,0.0000724,0.0000815,0.0000915,0.0000888,0.0000565,0.0001441,0.00012,0.0000743,0.0000854,0.000181,0.0001592,0.0000577
765,0.000068,0.0001173,0.000088,0.0000774,0.000283,0.0001756,0.0001621,0.0001166,0.0000735,0.0001819,0.0001776,0.00015,0.00011,0.0000473,0.0000938,0.0002004,0.0005508,0.0001244,0.0003965,0.0002148,0.0001061,0,0.0000892,0.0001499,0.0000789,0.0001584,0.0002417,0.000207,0.000139,0.0002159,0.0001066,0.0000998,0.0001007,0.0000817,0.0000607,0.0001772,0.0001807,0.0000605,0.00012,0.000113,0.0000827,0.000078,0.0001318,0.0000649,0.0000661
780,0.0000659,0.000135,0.00008,0.0000965,0.0002778,0.0001551,0.0001566,0.0001738,0.0000652,0.0002124,0.0001509,0.0000933,0.000074,0.0000762,0.0001473,0.0002286,0.0007427,0.0003078,0.0004139,0.0001857,0.0001243,0.0005429,0.0001274,0.0001329,0.0000782,0.0001247,0.000258,0.0002297,0.0001229,0.0001491,0.000124,0.0000672,0.000159,0.0000674,0.0000671,0.000112,0.0000897,0.0000911,0.0001591,0.0001102,0.0000627,0.000114,0.0001962,0.0000798,0.000086
795,0.0000897,0.0001714,0.0000679,0.0000823,0.0003336,0.0001427,0.0001539,0.0002419,0.0000736,0.0002735,0.0002366,0.0001211,0.0000805,0.0000732,0.0001238,0.0002932,0.0003326,0.0002338,0.0003177,0.0002928,0.000103,0.0012307,0.0000869,0.0000894,0.0001466,0.0001512,0.0001979,0.0001984,0.0001742,0.0001887,0.0001013,0.0000906,0.0001309,0.0000856,0.0000609,0.0001947,0.0001249,0.0000787,0.0001634,0.0000757,0.0001127,0.0000928,0.0002242,0.0001892,0.0000638
810,0.0000628,0.0001979,0.0000964,0.0001015,0.0005337,0.000143,0.0002395,0.0002163,0.0000817,0.000235,0.0002723,0.0001372,0.0000666,0.0000521,0.0001157,0.0002543,0.0002931,0.0002489,0.0002745,0.0003215,0.0001814,0.000734,0.0000886,0.0001413,0.0001089,0.0001585,0.0002872,0.0003351,0.0002151,0.0002524,0.0001065,0.0000988,0.0001015,0.0001277,0.0001088,0.0001291,0.0002188,0.0000651,0.0001903,0.0001314,0.0000775,0.0000811,0.0000787,0.0000892,0.0001599
825,0.000083,0.0002461,0.00007,0.0001118,0.0003082,0.0001493,0.0002655,0.000198,0.0000964,0.0003154,0.0004079,0.0001343,0.0000749,0.0000556,0.0001599,0.0003068,0.0004584,0.0003015,0.0003543,0.000268,0.0000855,0.0004217,0.000088,0.0002444,0.000147,0.0001417,0.0003137,0.0002351,0.0003137,0.0003174,0.0000836,0.000092,0.0001552,0.0000915,0.0000695,0.0000726,0.0001641,0.0000895,0.0003522,0.0001639,0.0000863,0.0001035,0.000144,0.0001414,0.0001496
840,0.0001021,0.000146,0.0001965,0.000142,0.00051,0.0001178,0.0001803,0.0001487,0.0000951,0.0002512,0.0002572,0.0001951,0.0000905,0.0000833,0.0001048,0.0004694,0,0.000234,0.0005669,0.0005077,0.0001336,0.0010418,0.0000616,0.0002095,0.0001568,0.0001144,0.000244,0.0003159,0.000287,0.0003442,0.0001586,0.0000847,0.0001219,0.0000888,0.0000943,0.0001926,0.0001896,0.0000723,0.0001644,0.000099,0.0000757,0.0001194,0.0002758,0.0001721,0.0000969
855,0.0001291,0.000369,0.0001474,0.000104,0.0006415,0.0001286,0.000221,0.0003933,0.0001103,0.0002054,0.0004958,0.0001129,0.0000878,0.0000692,0.0001753,0.0001697,0.000365,0.0004053,0.0005738,0.0005237,0.0001165,0.0005373,0.000085,0.0001888,0.0001467,0.0001669,0.0004792,0.0003749,0.0001339,0.0002535,0.0001294,0.0001131,0.0001471,0.000098,0.0000883,0.0002093,0.0001271,0.0000909,0.0001158,0.0001485,0.0000637,0.0001496,0.0002339,0,0.000182
870,0.0000948,0.0002765,0.0002988,0.0000776,0.0004696,0.0002812,0.0002219,0.000187,0.0001163,0.0003002,0.0002917,0.0001835,0.0000856,0.000109,0.0002,0.0003237,0.0001527,0.0007311,0.0004112,0.0004257,0.0001854,0.0006077,0.0000971,0.0001658,0.0001688,0.0002118,0.0002496,0.0005376,0.0001903,0.0003351,0.0001292,0.0001174,0.0002103,0.0001064,0.0000887,0.0002382,0.0001776,0.0001161,0.0001766,0.0003186,0.0000778,0.0001494,0.0001325,0.0001296,0.0001528
885,0.0001182,0.0003483,0.0001279,0.0001273,0.0003107,0.0001563,0.0002059,0.0002678,0.0001126,0.0003192,0.0002671,0.000125,0.0001118,0.0000999,0.0002053,0.0003439,0.0003347,0.0004984,0.000306,0.0004334,0.0000972,0,0.0000919,0.0003521,0.0001902,0.0001475,0.0004016,0.000412,0.000254,0.0003407,0.0000479,0.0001145,0.0001616,0.0000859,0.0001084,0.0002131,0.0001571,0.0001188,0.0001711,0.0001901,0.0001549,0.0001608,0.0001139,0.0002924,0.0001971
900,0.0001497,0.0002998,0.0000893,0.0001279,0.0006037,0.0002375,0.0003402,0.0003407,0.0001321,0.0003039,0.0002726,0.0001469,0.0001198,0.0000883,0.0001956,0.0002118,0.0003393,0.0004111,0.0004722,0.0005633,0.0001958,0.0005705,0.0001032,0.0002515,0.0001547,0.0002722,0.000029,0.0003489,0.0003418,0.0002813,0.0001264,0.0001374,0.0001935,0.0001322,0.0001045,0.0001213,0.0002647,0.0000881,0.0002443,0.0002238,0.0000982,0.0002138,0.0003074,0.0002048,0.0001376
915,0.0000993,0.000399,0.0001655,0.0001554,0.0008732,0.0002497,0.0003138,0.0003594,0.0001049,0.000427,0.0003363,0.0001939,0.0001239,0.0000856,0.0002329,0.000253,0.0003962,0.0001523,0.0004738,0.0003081,0.0000892,0.0006826,0.0001218,0.0002001,0.0001391,0.0001999,0.0003269,0.0003309,0.0001696,0.0004347,0.0003582,0.0001349,0.0002373,0.0001215,0.0001299,0.0002911,0.0004301,0.0001162,0.0002014,0.0001861,0.0002498,0.000133,0.0001579,0.0001476,0.0001668
930,0.0000833,0.0003014,0.0003093,0.0001681,0.0002632,0.0001833,0.0002793,0.0003404,0.0001551,0.0004278,0.0003816,0.0001707,0.0001538,0.0001056,0.0002034,0.0003032,0.0003768,0.0004405,0.0005994,0.000318,0.0000904,0.000216,0.0000874,0.0003193,0.0001813,0.0001717,0.0002993,0.000226,0.0002881,0.0002886,0.0001084,0.000101,0.0001602,0.0000732,0.0001134,0.0002686,0.0002108,0.0001638,0.0003533,0.000293,0.0001851,0.0000653,0.0002224,0.000186,0.0001877
945,0.0002653,0.0003259,0.0000977,0.000258,0.0003164,0.0002791,0.000179,0.0002504,0.000193,0.0005037,0.0003094,0.0001361,0.0001513,0.0001152,0.0002202,0.0004208,0.0006933,0.0004041,0,0.0003612,0.0001687,0.0005421,0.0001742,0.0002713,0.0002754,0.0002844,0.0002513,0.0003701,0.0002604,0.0001655,0.0001484,0.0001538,0.0001939,0.0001632,0.0001867,0.0006161,0.0002209,0.0001417,0.0002931,0.0001823,0.0002133,0.0004904,0.0001478,0.0001151,0
960,0.0001919,0.0003141,0.0002186,0.0001639,0.0005054,0.0003186,0.0002562,0.0001636,0.0001899,0.0002526,0.0002644,0.0001273,0.0001981,0.0001207,0.0002579,0.0002472,0.0007407,0.0001269,0.0004289,0.0009244,0.0000776,0,0.0002197,0.0002738,0.0001739,0.0001706,0.0005209,0.0003101,0,0.0002215,0.0002172,0.0000983,0.0001873,0.0001538,0.0001099,0.0002784,0.000275,0.000209,0.0002671,0.0003288,0.0000625,0.0001463,0.0005513,0.0001649,0.0002854
975,0.0001118,0.0002808,0.0002461,0.0002601,0.0009365,0.0003706,0.0001719,0.0004486,0.000163,0.0003913,0.0004984,0.0001807,0.0001967,0.0001318,0.0002098,0.0003178,0,0.0005402,0.0004917,0.0005866,0.0002126,0.0005308,0.0001576,0.0002331,0.0001647,0.0002043,0.0002262,0.0003676,0.0002268,0.0003733,0.0001771,0.0001286,0.0003555,0.0001073,0.0000943,0.0003331,0.0002704,0.0001361,0.0003478,0.0002191,0.000135,0.0001516,0.0003615,0.0002652,0.0000959
990,0.0002731,0.0003656,0.0002375,0.0001848,0,0.0001926,0.0001238,0.0005207,0.0002521,0.0004269,0.0002118,0.0001909,0.0001507,0.0000766,0.000371,0.0008029,0.0004575,0.0005382,0.0012574,0.0004313,0.0001523,0.0008295,0.0002486,0.000297,0.0001711,0.0002452,0.0004312,0,0.0002642,0.0003299,0.0002278,0.0001299,0.0002082,0.0001649,0.0001418,0.0003708,0.0002501,0.0002657,0.0002469,0.0001555,0.0001485,0.0001829,0.0001207,0.0002458,0.0002295
1005,0.0002265,0.0006043,0.0002661,0.0002389,0.00072,0.0002778,0.000351,0.0003835,0.0001212,0.0004049,0.0002936,0.0001397,0.000198,0.0001257,0.0002426,0.0003255,0,0.0006475,0.0006175,0.000742,0.0001338,0.0003768,0.0001444,0.0002705,0.0001938,0.000404,0.0003101,0.0003131,0.0004821,0.0003933,0.0005505,0.0000809,0.0003985,0.0001434,0.0001178,0.0003106,0.0003394,0.000217,0.0003228,0.0001572,0.0001529,0.0001988,0,0.0002196,0.0001842
1020,0.0002701,0.0004475,0.0001461,0.0000989,0,0.0003041,0.0003119,0.0002296,0.0001201,0.0004356,0.0004027,0.0003682,0.0001615,0.0001064,0.0001802,0.0002874,0.0002631,0.0004544,0.0004133,0.0006155,0.0002216,0.000252,0.0002484,0.0003071,0.0002425,0.0002282,0.0005607,0.0006142,0.0002271,0,0.0001279,0.000149,0.0001733,0.0001225,0.0001591,0.000516,0.0002636,0.0002016,0.000221,0.0006903,0,0.0001751,0.0003133,0.000234,0.0002614
1035,0.0001333,0.0001809,0.0003065,0.0002488,0.0009984,0.0002628,0.0003547,0.000356,0.0002356,0.0004414,0.0002941,0.0001247,0.0001649,0.0002415,0.0003801,0.0004811,0.000695,0.0006497,0.0007349,0.0005387,0.0000769,0.0011621,0.0001672,0.0002179,0.0001648,0.0003674,0.0007101,0.0003618,0.0003483,0.0002053,0.0000798,0.0001807,0.00015,0.000186,0.0001093,0.0003327,0.0003361,0.000113,0.0003113,0.0001132,0.0001265,0.0002386,0,0.0001965,0.0003322
1050,0.0001508,0.0006571,0.0002464,0.0002941,0.0006478,0.0002722,0.000308,0.0003137,0.0001594,0.0004638,0.0003483,0.0002427,0.0002422,0.0001633,0.0002867,0.0004523,0,0.0002308,0.0004343,0.0009936,0.0001559,0.0004391,0.0002279,0.0003255,0.0003385,0.0001514,0.000315,0.0003705,0.0004305,0.0005989,0.0002758,0.0001426,0.000295,0.0001115,0.0001479,0.0008197,0.0002478,0.0001459,0.0004797,0.0001669,0.0002181,0.0001502,0.0004882,0.0001632,0.0003652
1065,0.0000926,0.0004053,0.0003604,0.0002264,0.0003229,0.0003446,0.0004825,0.000367,0.0002498,0.000545,0.0003716,0.0001539,0.0002423,0.0002364,0.0001776,0.0003089,0.0007116,0.00046,0.0004733,0.0006986,0.000132,0.0003861,0.0001276,0.0001342,0.0003151,0.0007446,0,0.0000692,0.0003819,0.0004849,0.0002983,0.0001372,0.0001477,0.0001833,0.0001379,0.0004705,0.000525,0.0001671,0.00024,0.0004232,0.0001953,0.0001647,0.0004351,0.0001403,0.0002596
1080,0.0002298,0.0003515,0.0003341,0.0002465,0,0.0001156,0.0004783,0,0.0001294,0,0.0004636,0.0002407,0.0001602,0.0001187,0.0003233,0.0008106,0.0003175,0.0001468,0.0004192,0.0008447,0.0002093,0,0.0002021,0.0005047,0.0002756,0.0004521,0.0003462,0.0011298,0.0004309,0.0004463,0.0001607,0.0001406,0.0001844,0.0001675,0.0001429,0.0002059,0.0003939,0.0002664,0.0003345,0.0001775,0.000077,0.0001949,0,0.0003859,0.0003698
1095,0.0000905,0.0002907,0.000536,0.000282,0.0007836,0.0003154,0.0002927,0.0005417,0.0005008,0.0001843,0.0005135,0.0001802,0.000188,0.0001929,0.000334,0.0004666,0,0.001029,0,0.0011074,0.0002362,0,0.0002031,0.0004259,0.0002911,0.0002477,0,0.0010179,0.0005532,0.0004055,0.0002264,0.0002824,0.0003137,0.0002808,0.0002072,0.0006436,0.0003,0,0,0.0003065,0.0002406,0.0002729,0.0002806,0.0003343,0
1110,0.0002018,0.000287,0.0003061,0.0002581,0.0018224,0.0003206,0.0003052,0.0004468,0.0001771,0.0010672,0.000475,0.0002114,0.0001707,0.0001913,0.0006933,0,0.0012518,0.0004525,0.001073,0,0.0003188,0.0003958,0.0001569,0.0004703,0.0004208,0.0001639,0.0008328,0.0001359,0.0003237,0.0007112,0.0001571,0.000213,0.000165,0.0001933,0.0001435,0,0.000998,0.0001044,0.0009272,0.0002286,0.0001492,0.0005564,0.0009054,0.0003645,0.0001833
1125,0.0001081,0.0004347,0.0003216,0.0002596,0.0009425,0.0003536,0,0.0002764,0.0001954,0.0007041,0,0.0002365,0.0002599,0.0002014,0.0002777,0.0002852,0.0014651,0.0004523,0,0.0007139,0.0003786,0,0.0002569,0.0004175,0.0002325,0.0004411,0.0002364,0.0005238,0.0005839,0.0003951,0.0005771,0.0003102,0.0001871,0.0001752,0.0001751,0.0004546,0.0004802,0.0002004,0.0005256,0.0000901,0.0001087,0.0003132,0.0003726,0.0004899,0.0002335
1140,0.0001999,0.0004777,0.0002654,0.0002154,0.0006378,0.0003843,0.0003243,0.0006337,0.0002787,0.0006269,0.0002952,0.0002761,0.0002453,0.0001553,0.000294,0.0005825,0.0030077,0,0.0004796,0,0.0001262,0.0005753,0.0001551,0.0002374,0.0004176,0.0001968,0.0006868,0,0.0004945,0.0004298,0.0002067,0.0001999,0.0001863,0.0001401,0.0001291,0.0003199,0.0001966,0.00023,0.0003508,0,0.0003436,0.0001134,0.0008287,0.0001208,0.0002494
1155,0.0002434,0.0001969,0.0002557,0.0005474,0.0010748,0.0004452,0.0002575,0.0005307,0.0002964,0.0002889,0.0006259,0.0003236,0.0002268,0.0001313,0.0004528,0.001497,0.0003773,0.0005377,0.0003271,0.0006125,0.0001173,0.0046057,0.0001188,0.0004973,0.000193,0.0002584,0,0,0.0004434,0.0004401,0.0002671,0.0003209,0.0002489,0.0003883,0.0001321,0.0005144,0.0004701,0.0002539,0.0006043,0.0002879,0.0000205,0.0003392,0.0008534,0,0.000239
1170,0.0001328,0.0003837,0.0002252,0.0001538,0.0006374,0.0004595,0.0003959,0.0001602,0.0001775,0.0003642,0,0.0005457,0.0003536,0.0001381,0.0003273,0.0005004,0.0016938,0,0.0010729,0.0014007,0.0001465,0.0017204,0.0001481,0.0003859,0.0004916,0.0004544,0.0001508,0.0011197,0.0004765,0.000267,0.0003534,0.000137,0.0001233,0.0001427,0.0003549,0.0001154,0.000139,0.0002492,0.0002477,0,0.0003181,0.0001573,0.0010299,0.0006254,0.0003708
1185,0.0002019,0,0.0004653,0.0001962,0.0010082,0.0001518,0.0036301,0.0001765,0.0002427,0.00156,0.001309,0.0001536,0.0002276,0.0001988,0.0005198,0.0004255,0,0.0005275,0,0.0006688,0.0004812,0,0.0001996,0.0004873,0.0005067,0.0001477,0,0,0.0007975,0,0.0004285,0.0001877,0.0002644,0.000168,0.0001088,0.0006193,0.0001269,0.0002889,0.0002367,0.0002525,0,0,0.0003521,0,0.000232
1200,0.0004049,0.0004914,0.0005519,0.0002511,0.0013207,0.0003429,0.0003637,0.0006314,0.0003984,0.0016933,0.0003872,0.0002755,0.0002779,0.0001847,0.0005084,0.0003756,0,0.0007348,0.0007855,0,0.0005546,0,0.0002506,0.0002353,0.0007158,0.0004295,0.0005837,0.0003936,0.0004298,0.0005641,0.0002504,0.000303,0.0003168,0.0001951,0.0001408,0,0.0002031,0.0001837,0.0001973,0.0003526,0.0003182,0.0003476,0.0003963,0.0003273,0.0002205
1215,0.000339,0.0007364,0.0003725,0.0004465,0,0,0.000154,0.0004185,0.000308,0.0006989,0.0003555,0.0003708,0.0002195,0.0002309,0.000663,0.0002642,0.002467,0.000581,0.0006596,0.0007887,0.0000706,0.0009765,0.0002098,0.000415,0.0002271,0.0002304,0.0037175,0.0017637,0.0005411,0,0.0002751,0.0002566,0.0002899,0.0001789,0.0003433,0,0.0004374,0.0002136,0.0007894,0.0011543,0.0003507,0.0003665,0.0002447,0.0004813,0.0002852
1230,0.0001221,0.0004413,0.0002242,0.0002618,0,0.0005984,0.000666,0,0.0001601,0.0012827,0.0004617,0.0001669,0.0003478,0.0002135,0.0017649,0.0016003,0.0007989,0,0.0005752,0.0014739,0.0001752,0.0003289,0.0001942,0.0003191,0.000329,0.0004407,0.0005825,0.0044652,0.0006817,0.0005267,0.0003805,0.0003385,0.0003265,0.0002218,0.0003824,0.0004316,0.0006065,0.0001454,0.000633,0,0.0004,0,0,0.0010965,0.0001718
1245,0.0002729,0.0003964,0.0002385,0.000235,0.0009507,0.0004449,0.0008416,0.0004074,0.0002175,0,0,0.0004765,0.0002757,0.0003012,0.0004192,0.0001739,0,0.000576,0.0023056,0,0.0002086,0.0015632,0.0002478,0.0001579,0.0005505,0.0025941,0.0042141,0,0.0006391,0.0000911,0.000161,0.0002147,0.0003897,0.0007338,0.0001354,0.0003183,0,0,0.0004684,0.0004964,0.0006107,0.0005501,0,0,0.0005165
1260,0.0000878,0,0.0006602,0.0002559,0,0.0004701,0.0003091,0,0.0003442,0,0.0019688,0.0002248,0.0002371,0.0002416,0.0004974,0.0008012,0.0014966,0.000453,0.0006838,0.0020124,0.0009699,0,0.0003453,0.0006484,0.0003232,0.000546,0.001766,0.0005243,0.000672,0.0006503,0.0004509,0.0002991,0.0002424,0.0001553,0.000385,0,0.000136,0.0001308,0.00075,0,0,0,0.0005184,0.0005801,0
1275,0.0002462,0.0003794,0.0003437,0.0003944,0.0005502,0.000293,0.0001802,0.0006716,0.0003264,0.000788,0.0007764,0.0005315,0.0002786,0.0000679,0.0004756,0.0003445,0.00333,0,0.0018171,0.0002615,0.0001786,0.001879,0.0001717,0.0007526,0.0001842,0.0002864,0.0014982,0.0003138,0.000373,0,0,0.000422,0.0001416,0.0003066,0.0002314,0.0003325,0.0002346,0,0.0005151,0.0005669,0.00031,0.0006761,0,0,0
1290,0.000085,0.0004541,0.0005938,0.0002549,0,0.0004553,0.0003611,0.0014394,0.0003662,0,0.0004923,0.0003797,0.0004051,0.0002699,0.0006825,0,0.0022362,0.0016011,0.0039067,0.0015152,0,0,0.0002313,0.0007164,0.0004414,0.0005389,0.0008265,0,0,0.0003457,0.0002144,0.0003337,0.0004127,0.0002946,0.0004721,0.0009496,0.0004683,0.000276,0,0.0004471,0.0003639,0.0006347,0.0007163,0.0001277,0.0003578
1305,0.0001628,0.0002712,0.000388,0.0003845,0,0.0004904,0,0.0007072,0.0002098,0.0016334,0,0.0016275,0.0007156,0.0002445,0.0005216,0.00097,0,0.00075,0.0010343,0.0018255,0.0003596,0.0016037,0.0001998,0,0.0008377,0.0004732,0,0.0011678,0.0009754,0.0008616,0.0004624,0.0004084,0.0002501,0.0003146,0.0002802,0.0003679,0.0008868,0.0004179,0,0.0004663,0,0.0006892,0,0.0001546,0
1320,0.0002178,0.0010178,0.0003019,0.0001657,0.0009699,0,0.0006195,0.0005001,0.0001776,0.0005424,0.0010902,0.0003428,0.0002676,0.0002261,0.0002826,0,0,0.0015635,0.0012049,0.0006541,0.0004649,0,0.0006746,0.0005357,0.0002992,0.0005603,0,0.0007887,0.0006135,0.0003027,0.000627,0,0.0003666,0.0002242,0.0003792,0.0001902,0.0010354,0,0.0006873,0.0002046,0.0008407,0,0,0.0002624,0.0001525
1335,0.0001207,0.0005473,0.0002876,0,0,0.0006292,0.000228,0,0.000218,0.0019847,0.0006539,0.0004973,0.0004281,0.0005614,0.0002689,0.0023733,0,0.0048971,0,0.000725,0.000459,0,0.0003586,0.0007747,0.0006643,0.0007948,0.0014211,0.0030083,0,0.0014427,0.0003892,0.0003169,0.0006788,0.0003243,0.0001372,0.0001928,0.0022897,0.0005254,0,0.0024361,0.0005264,0,0.0009514,0.00095,0.000838
1350,0.0007671,0.0001472,0.0006007,0.0002125,0,0.0011488,0.0016349,0.0010325,0.0004976,0,0,0.0009063,0.0002083,0.0003147,0.0006383,0.0013659,0.0021172,0.0006999,0,0,0.0005341,0.0014466,0.0001268,0,0.0016893,0.0010831,0.0015967,0.0009074,0.0007102,0,0.0010143,0.0002687,0.0004013,0.0003689,0.0003207,0.0005897,0,0.0001963,0.0005109,0.0006054,0.0003251,0.0004742,0,0,0.0007061
1365,0,0.000525,0.0002064,0.0002234,0.0011108,0.0004508,0.0005091,0.0007486,0.00047,0,0.0004129,0.0002211,0,0.0004086,0.0010887,0.0012723,0.001585,0.0002589,0,0,0,0,0.0000644,0.0005706,0.0004638,0.0009734,0,0.0008449,0,0.0002559,0.0009288,0,0.0003465,0.000371,0.0004547,0,0.0003954,0.0002968,0.0005693,0.0006391,0,0.0001985,0,0.0002612,0
1380,0.0003663,0.000705,0.0006526,0.0008386,0.0004637,0,0.0007519,0.0005221,0.0005986,0.0020359,0.0009485,0.0007152,0.0008533,0.000125,0.0007692,0.0013293,0,0,0.0006933,0.0005933,0.0005323,0.0036638,0.0003452,0.0007397,0.000742,0,0.0012838,0.0014521,0.0008545,0.0020712,0.0017674,0.0005697,0.0009504,0.0005383,0.0002796,0,0.0004725,0.0004615,0.0005058,0,0,0,0.0000812,0.0004718,0
1395,0.0002624,0,0.0003009,0.0005048,0.0017273,0.0017426,0.001071,0.0005504,0,0.0012012,0,0.0006082,0.0007014,0.0001866,0.0013421,0,0.002078,0,0,0.0009325,0.0003344,0,0.000159,0.0006399,0.0010457,0.0016736,0.0008748,0,0,0.0009721,0.0011934,0.000745,0.0008084,0.0004369,0.000029,0.0003781,0.0003557,0.0005943,0,0,0.0009335,0.0003047,0.0019056,0,0.0004456
1410,0.0007718,0.0007692,0.0002953,0.000329,0,0,0.001851,0.0007226,0.0003609,0,0,0.0006675,0.0007034,0.0003444,0,0.0024662,0,0,0.0019513,0,0,0,0.0004526,0,0,0.0010829,0,0,0,0.0010858,0.0004151,0.0004439,0.0004882,0.0002514,0.0001743,0.0006594,0.0009122,0.0004209,0,0,0,0.0001735,0.0020682,0,0
1425,0.000247,0.0008105,0.0008237,0.0006535,0.0018246,0.0016002,0.0010932,0.0013382,0.0005689,0.0004514,0,0.0003393,0.0003858,0.0004638,0.000199,0.0007729,0,0.0022692,0,0.000988,0.0004698,0,0.0002257,0,0.0003814,0,0.003716,0,0.0015511,0.001389,0.0010478,0.0004553,0.0006859,0.0002573,0.0007625,0,0,0.0005793,0.0007069,0.0006134,0.000629,0.0008529,0,0,0.0004693
1440,0.002988,0.002533,0.0007818,0.0003541,0,0.0021967,0,0,0,0.0021973,0.0007665,0,0,0,0.0008002,0.0032271,0.0025246,0,0,0,0.0025029,0.0023516,0.000278,0.0010289,0,0.002197,0,0.0015214,0.0013849,0,0.0007408,0.0003522,0,0.0001836,0.0002077,0.0008141,0.0002187,0.0005284,0.0008876,0,0.0004566,0,0.0015084,0.0004336,0.0004591
1455,0.0005884,0,0.0010058,0,0,0.0017166,0.0017067,0,0.0005237,0.0016364,0.0012145,0.0005385,0.0004943,0.0003735,0.0006894,0.0008716,0,0.00284,0.0014393,0,0.0014834,0.0047432,0.0002015,0,0.0007437,0.0031901,0,0,0,0,0,0.0003075,0.0005073,0.000271,0.0004004,0,0.0017705,0.000186,0,0,0.0007912,0.0003397,0,0,0
1470,0.0003346,0,0.0009927,0.0008732,0.0016695,0.0004786,0.0019359,0.003081,0.0002,0,0,0.0003631,0.0003456,0.0001765,0.0009849,0,0,0,0,0.0009681,0.0009731,0,0.0004525,0.0006435,0.0004009,0.0010858,0.0050813,0.002133,0.0003535,0.0015393,0.0007021,0.0008693,0.000708,0.0003616,0,0,0.0014066,0,0.0009746,0.0013449,0,0.0006428,0,0,0.0005398
1485,0,0.0016552,0.0005956,0.0006965,0,0.0005797,0.0007076,0.0013968,0.000871,0.0008007,0.0005889,0.0006017,0.0007305,0.0002124,0.000418,0.0020255,0.0057224,0.0015929,0,0,0,0.002686,0,0.0005568,0.0002343,0,0.0032828,0,0.0007369,0.0019905,0,0.0006099,0.0007796,0.0004889,0.0006395,0.0006523,0.0018763,0,0,0.0037709,0,0.0004697,0.0006198,0.0006702,0.0013111
1500,0.0006974,0,0,0.0008127,0,0,0,0,0.0003792,0.0021883,0.0023866,0.0017714,0.0006222,0.0004977,0,0.0028356,0,0.0019901,0,0,0.0009825,0,0.0006341,0.0004914,0.0009782,0,0.0038077,0.0024002,0.0018161,0,0.0004112,0,0.0009481,0.0004609,0.0004511,0,0.0006224,0.0004267,0.0017752,0,0.000571,0,0,0.0016872,0.0001544
1515,0.0002873,0,0,0.0008185,0.000677,0.0025607,0,0.0011632,0,0.0008539,0.0029066,0.0008222,0.0007467,0,0.0011454,0.0006877,0.0018023,0,0.0014296,0,0.0006029,0,0.0012781,0,0.0003168,0.000886,0,0,0,0.0026736,0.0003132,0.0010021,0.0009052,0.0001296,0.0007378,0,0,0,0,0.0005692,0.0013627,0,0,0,0
1530,0.0001603,0.0010702,0.0003863,0.0007417,0,0.0032296,0.00096,0.0039548,0.0007106,0,0,0,0.0003311,0.0004522,0,0.0008215,0,0,0.0012526,0.0016755,0.0019533,0,0.0001572,0,0,0,0,0.0035686,0.0007495,0,0.0007697,0,0,0,0,0,0,0.0002742,0.0010314,0,0.0007519,0.0006214,0.0018558,0.0007028,0.0004875
1545,0.0003596,0,0.0002672,0,0.0020274,0.0015885,0.0026077,0.0022426,0.0005388,0,0.0041658,0.0002652,0.0003129,0.0002033,0.0013666,0.0029736,0,0,0,0.0008604,0.0024082,0,0.0006292,0,0.0023326,0.0007229,0.0016326,0,0.0006175,0.0015609,0.0008393,0.000354,0.0005248,0.0005185,0.0003675,0.0011421,0,0.0000897,0,0,0,0.0008004,0,0,0
1560,0.0005107,0.0010206,0.0009172,0,0,0.0006565,0,0.0014252,0.0008062,0,0.0048818,0.0006188,0.0005169,0.0001315,0,0,0,0.0027786,0,0,0.0018513,0,0,0.0009899,0.0005339,0,0,0,0.0012353,0.0008485,0.0011101,0.0001843,0.0020391,0.0003384,0.0009272,0.0006339,0.0006388,0.0010057,0.0003733,0,0.0003038,0,0.0007139,0,0
1575,0.0002061,0,0.0011518,0.000891,0,0,0.0013748,0,0.0007239,0.0011519,0.0015414,0.0004769,0.0011048,0,0.0006986,0,0,0.0038454,0.0026178,0,0,0.0012861,0.001283,0.0005033,0.0004014,0.0002353,0.0008213,0,0,0,0.0006622,0.0008477,0.0008504,0.0003421,0.0006267,0,0,0,0,0.0010128,0.0002676,0.0007788,0,0,0
1590,0,0,0.0003445,0.0005485,0,0.0012673,0.0029,0.0033713,0.0007985,0,0,0.0016608,0.0015149,0.0003097,0.0006752,0,0.0019181,0.0004406,0,0.0035624,0,0,0.0010586,0,0.0009979,0.0004495,0,0.0037089,0,0,0.0008325,0,0.0009482,0.0009255,0.0004386,0,0,0,0,0.0006047,0.0009697,0,0,0.0006953,0.0008619
1605,0.0005812,0.0005284,0,0.0006487,0,0.0011913,0.0017239,0.0022304,0.0002714,0,0,0,0.0011894,0.0002874,0,0.0018243,0.0090794,0,0,0,0.0006264,0,0.0001665,0.0010697,0,0.001171,0,0.0008833,0,0,0.0006621,0.0008975,0,0.0005978,0,0.0019856,0.0011621,0,0,0,0,0.0024516,0,0.0007147,0.0006953
1620,0.0006553,0.0013179,0.0014449,0.002939,0.0066417,0,0.000594,0.0014446,0,0.0014396,0,0.0013593,0.0010822,0.0001105,0.0014991,0.003216,0,0,0.0016102,0,0.0009833,0,0.0009223,0,0.0011744,0,0.0015348,0,0.0015559,0,0.0012844,0.0006283,0.0014496,0,0.0004558,0,0,0.0006064,0.0007243,0,0.001217,0,0,0,0
1635,0.000137,0.0021443,0.0009596,0.0007758,0.0013485,0,0,0,0.0003633,0,0.0015348,0.0014679,0.0006524,0.0004809,0.0009128,0,0.003446,0.0021478,0,0.0041804,0.001008,0.004144,0.0001834,0.0011328,0.0015651,0.0030666,0,0,0,0.0022148,0,0,0.0005847,0.0002436,0.000955,0,0.0012276,0,0.0012645,0.0007818,0.000195,0.000358,0.0026304,0,0.0014272
1650,0.0018104,0,0.0013483,0,0,0.0013285,0,0.0023778,0.0016181,0,0.0036939,0,0.0016592,0.0001218,0.0006891,0.0021353,0,0,0,0,0.0009743,0,0.0006655,0.0017931,0,0.0010803,0,0.0061113,0,0.0058396,0.0006264,0.0004788,0,0.0004908,0.000688,0.0005974,0.0008838,0.0010027,0,0,0.0011114,0,0.0007166,0.0007856,0
1665,0.0010514,0.0012164,0,0.0009051,0.0044201,0.0021978,0.0020392,0,0.0008159,0.0009316,0,0,0,0.0012135,0,0,0,0.0021635,0.002635,0,0.0010769,0.0022118,0,0,0,0.00249,0.0029919,0,0.0016108,0,0.0010043,0.0006426,0,0,0.0004729,0,0,0,0.0032382,0,0,0,0,0,0.0015361
1680,0.001567,0,0.0015509,0.0008482,0,0,0.0022534,0.0010862,0,0,0.0034684,0.0002879,0,0.0001719,0.0012779,0.0022476,0,0,0,0.0014998,0.001773,0,0.0008782,0.0014975,0,0,0,0,0,0,0.000949,0.0008419,0.0008568,0.0012656,0,0,0,0.0006879,0,0.0010317,0,0,0.0015446,0,0.0010695
1695,0.000552,0.002992,0.000719,0,0,0.0005185,0,0.0033479,0.0005349,0,0,0.0038463,0.0013371,0.0003364,0.0007603,0,0,0,0,0,0.002156,0,0.0003158,0.0005234,0.0012695,0,0,0.0015154,0.0024069,0.0025754,0.0009549,0.0020156,0.0013082,0.0008256,0.0007145,0.0018161,0,0.0004373,0.0016939,0,0,0.000691,0,0.0016357,0
1710,0.0009633,0.0030575,0.0012256,0.0009468,0,0.0019383,0,0.0026597,0.0006273,0,0.0025248,0,0.0010352,0.0006039,0.0012835,0.0021642,0,0,0.0021855,0,0.0020243,0,0.0007824,0.0007109,0,0,0,0,0.0023667,0,0,0,0,0.0003209,0,0,0,0.0010569,0,0,0.0004012,0.0012246,0,0,0
1725,0.0036322,0.0010339,0.0008467,0.0005169,0,0,0.0013399,0.0012501,0,0.0012419,0,0.0011015,0.0002259,0.0006676,0.0011363,0,0.0029052,0.0013887,0,0.0037945,0.0002909,0.0017302,0,0,0,0.001204,0,0,0,0,0,0.0013948,0.0008601,0.0005773,0,0,0.0013282,0,0.0008501,0.0005564,0.0013295,0,0,0,0
1740,0.0032662,0.0031988,0,0,0,0.001037,0.0016158,0.0019949,0.0022335,0.002556,0.0031614,0.000525,0,0.0017761,0,0,0,0,0,0,0.0000699,0,0.000973,0,0.0012413,0.0018977,0.0024215,0.0019924,0,0.0025677,0.0013767,0.0007023,0.0001459,0.0008028,0.0008645,0.0036293,0.0025424,0.0014293,0,0,0,0,0,0,0
1755,0.0008566,0.0029944,0,0.0017921,0.0056065,0,0.0016566,0.0021868,0.0006584,0.0019097,0,0,0.0009008,0.0003821,0,0,0,0,0,0,0.0014158,0,0.0011228,0,0,0,0.005245,0,0,0,0.0009466,0.000228,0,0,0.0008669,0,0,0.0005545,0,0,0,0,0,0.0003486,0.001578
1770,0,0.0019938,0.0013397,0.0013321,0,0,0,0,0.0014948,0,0,0.0014637,0.0011554,0,0.0018399,0.0021459,0,0.0025988,0,0,0,0,0,0.0008728,0.0006463,0.001277,0,0,0,0,0,0,0.000935,0,0.0006036,0,0,0.000289,0,0.0013624,0.0015003,0.000726,0.0038502,0,0.0010523
1785,0.0012368,0,0,0,0,0.0012989,0.0020677,0,0,0,0,0.0012544,0,0.0005615,0,0.0021221,0,0,0.0026798,0,0.0014718,0,0.0009984,0.0018484,0.0011132,0,0,0.0026767,0.0005793,0,0.0010809,0,0.0008965,0.0002312,0.0003372,0,0,0,0.0007884,0,0,0,0,0.0005631,0
1800,0.0010754,0,0,0,0,0.0010891,0.0022698,0,0.0016875,0.0036751,0.0021936,0,0.0011949,0.0012328,0,0.0017765,0.0023323,0,0.0042006,0.0027288,0.0008211,0.0006887,0.0006621,0,0,0,0.0018407,0,0.0015047,0.0058453,0.0000482,0.0008727,0,0.0004109,0.0006315,0,0.0064431,0,0.0011698,0,0,0.0015088,0,0,0
